client_id,produit,revenus_annuels,cout_gestion_annuel,profit_annuel
CLI_0001,Compte Courant,45.58,24.93,20.64
CLI_0001,Carte Bancaire Standard,45.0,10.0,35.0
CLI_0001,Livret A,20.69,5.0,15.69
CLI_0001,Assurance Vie,379.76,112.32,267.44
CLI_0001,Assurance Auto,387.72,67.0,320.72
CLI_0002,Compte Courant,41.03,15.25,25.78
CLI_0002,Carte Bancaire Standard,45.0,10.0,35.0
CLI_0002,Carte Bancaire Premium,120.0,20.0,100.0
CLI_0002,Livret A,58.56,5.0,53.56
CLI_0002,Crédit Consommation,1103.47,186.18,917.28
CLI_0002,Assurance Auto,479.82,87.95,391.87
CLI_0003,Compte Courant,45.36,16.37,28.99
CLI_0003,Carte Bancaire Standard,45.0,10.0,35.0
CLI_0003,Compte Épargne,84.1,23.75,60.35
CLI_0003,Livret A,69.27,5.0,64.27
CLI_0003,Assurance Vie,748.85,103.69,645.16
CLI_0003,Crédit Consommation,954.99,94.58,860.41
CLI_0003,Assurance Habitation,302.13,85.14,216.99
CLI_0004,Compte Courant,43.58,17.43,26.15
CLI_0004,Carte Bancaire Standard,45.0,10.0,35.0
CLI_0004,Compte Épargne,137.74,34.86,102.88
CLI_0004,Livret A,73.99,5.0,68.99
CLI_0004,Assurance Vie,691.04,149.04,542.0
CLI_0004,Crédit Consommation,472.96,90.41,382.55
CLI_0004,Assurance Auto,334.8,67.74,267.06
CLI_0005,Compte Courant,45.69,21.33,24.36
CLI_0005,Carte Bancaire Standard,45.0,10.0,35.0
CLI_0005,Compte Épargne,107.83,25.18,82.64
CLI_0005,Assurance Habitation,377.21,51.06,326.15
CLI_0005,Assurance Auto,339.21,103.14,236.07
CLI_0006,Compte Courant,53.01,19.16,33.85
CLI_0006,Carte Bancaire Standard,45.0,10.0,35.0
CLI_0006,Compte Épargne,51.69,32.36,19.33
CLI_0006,Assurance Vie,237.86,60.79,177.07
CLI_0007,Compte Courant,49.51,18.12,31.38
CLI_0007,Carte Bancaire Standard,45.0,10.0,35.0
CLI_0007,Carte Bancaire Premium,120.0,20.0,100.0
CLI_0007,Livret A,40.88,5.0,35.88
CLI_0007,Assurance Habitation,271.7,98.93,172.77
CLI_0007,Assurance Auto,586.18,84.98,501.2
CLI_0008,Compte Courant,37.96,18.03,19.94
CLI_0008,Carte Bancaire Standard,45.0,10.0,35.0
CLI_0008,Assurance Vie,361.27,103.22,258.04
CLI_0008,Crédit Immobilier,3624.01,446.63,3177.38
CLI_0008,Assurance Habitation,252.0,60.56,191.43
CLI_0009,Compte Courant,44.48,18.41,26.06
CLI_0009,Carte Bancaire Standard,45.0,10.0,35.0
CLI_0009,Assurance Vie,524.96,117.52,407.44
CLI_0009,Assurance Habitation,308.33,73.12,235.2
CLI_0009,Assurance Auto,422.42,77.09,345.33
CLI_0010,Compte Courant,30.73,21.25,9.48
CLI_0010,Carte Bancaire Standard,45.0,10.0,35.0
CLI_0010,Compte Épargne,75.26,33.38,41.88
CLI_0010,Livret A,64.82,5.0,59.82
CLI_0010,Assurance Habitation,378.98,97.91,281.08
CLI_0011,Compte Courant,30.32,24.9,5.41
CLI_0011,Carte Bancaire Standard,45.0,10.0,35.0
CLI_0011,Compte Épargne,118.3,32.87,85.43
CLI_0011,Livret A,20.91,5.0,15.91
CLI_0011,Assurance Auto,544.49,68.73,475.76
CLI_0012,Compte Courant,55.12,15.16,39.96
CLI_0012,Carte Bancaire Standard,45.0,10.0,35.0
CLI_0012,Livret A,58.76,5.0,53.76
CLI_0012,Assurance Vie,460.88,70.08,390.8
CLI_0012,Crédit Consommation,396.81,132.82,263.99
CLI_0013,Compte Courant,33.7,19.86,13.83
CLI_0013,Carte Bancaire Standard,45.0,10.0,35.0
CLI_0013,Crédit Consommation,862.7,179.29,683.41
CLI_0014,Compte Courant,50.36,15.65,34.71
CLI_0014,Carte Bancaire Standard,45.0,10.0,35.0
CLI_0014,Compte Épargne,80.74,25.76,54.98
CLI_0014,Livret A,74.9,5.0,69.9
CLI_0014,Assurance Habitation,366.95,68.51,298.44
CLI_0015,Compte Courant,32.13,23.94,8.19
CLI_0015,Carte Bancaire Standard,45.0,10.0,35.0
CLI_0015,Compte Épargne,138.82,37.09,101.72
CLI_0015,Crédit Immobilier,4457.79,444.08,4013.71
CLI_0015,Assurance Habitation,194.36,73.87,120.48
CLI_0015,Assurance Auto,397.84,89.4,308.44
CLI_0016,Compte Courant,46.16,17.58,28.59
CLI_0016,Carte Bancaire Standard,45.0,10.0,35.0
CLI_0016,Compte Épargne,86.62,28.68,57.94
CLI_0016,Assurance Auto,252.45,87.32,165.13
CLI_0017,Compte Courant,54.31,23.28,31.03
CLI_0017,Carte Bancaire Standard,45.0,10.0,35.0
CLI_0017,Carte Bancaire Premium,120.0,20.0,100.0
CLI_0017,Compte Épargne,91.16,30.38,60.78
CLI_0017,Assurance Vie,220.19,117.44,102.75
CLI_0017,Assurance Habitation,251.15,72.27,178.88
CLI_0018,Compte Courant,56.21,19.62,36.59
CLI_0018,Carte Bancaire Premium,120.0,20.0,100.0
CLI_0018,Assurance Vie,212.72,72.75,139.97
CLI_0018,Assurance Habitation,268.91,71.22,197.69
CLI_0019,Compte Courant,55.81,20.42,35.39
CLI_0019,Compte Épargne,118.96,29.39,89.58
CLI_0020,Compte Courant,43.19,19.46,23.73
CLI_0020,Carte Bancaire Standard,45.0,10.0,35.0
CLI_0020,Carte Bancaire Premium,120.0,20.0,100.0
CLI_0020,Assurance Vie,446.55,103.86,342.69
CLI_0020,Assurance Habitation,212.61,94.55,118.06
CLI_0020,Assurance Auto,333.23,68.85,264.38
CLI_0021,Compte Courant,32.9,15.13,17.76
CLI_0021,Carte Bancaire Standard,45.0,10.0,35.0
CLI_0021,Compte Épargne,92.29,23.75,68.53
CLI_0021,Livret A,21.3,5.0,16.3
CLI_0021,Crédit Immobilier,3320.07,503.99,2816.07
CLI_0021,Assurance Auto,234.3,87.66,146.65
CLI_0022,Compte Courant,52.31,24.86,27.45
CLI_0022,Carte Bancaire Standard,45.0,10.0,35.0
CLI_0022,Carte Bancaire Premium,120.0,20.0,100.0
CLI_0022,Compte Épargne,116.72,24.9,91.82
CLI_0022,Assurance Habitation,329.14,79.9,249.24
CLI_0022,Assurance Auto,284.72,111.07,173.65
CLI_0023,Compte Courant,42.82,24.62,18.2
CLI_0023,Carte Bancaire Standard,45.0,10.0,35.0
CLI_0023,Compte Épargne,122.29,32.89,89.4
CLI_0023,Livret A,63.7,5.0,58.7
CLI_0023,Assurance Vie,486.86,100.52,386.34
CLI_0024,Compte Courant,55.54,21.81,33.73
CLI_0024,Carte Bancaire Standard,45.0,10.0,35.0
CLI_0024,Compte Épargne,139.72,37.82,101.91
CLI_0024,Assurance Vie,785.89,120.02,665.87
CLI_0025,Compte Courant,45.07,16.66,28.41
CLI_0025,Carte Bancaire Standard,45.0,10.0,35.0
CLI_0025,Livret A,62.32,5.0,57.32
CLI_0026,Compte Courant,38.75,17.83,20.92
CLI_0026,Assurance Habitation,209.57,93.76,115.82
CLI_0026,Assurance Auto,547.19,97.86,449.33
CLI_0027,Compte Courant,44.19,21.72,22.47
CLI_0027,Carte Bancaire Standard,45.0,10.0,35.0
CLI_0027,Livret A,56.43,5.0,51.43
CLI_0027,Assurance Vie,449.44,87.96,361.48
CLI_0027,Crédit Consommation,644.51,150.7,493.82
CLI_0027,Assurance Habitation,311.92,72.59,239.33
CLI_0028,Compte Courant,59.06,15.84,43.22
CLI_0028,Carte Bancaire Standard,45.0,10.0,35.0
CLI_0028,Crédit Consommation,612.34,130.29,482.05
CLI_0028,Assurance Habitation,154.23,68.25,85.98
CLI_0028,Assurance Auto,309.48,90.36,219.12
CLI_0029,Compte Courant,40.09,22.26,17.83
CLI_0029,Carte Bancaire Standard,45.0,10.0,35.0
CLI_0029,Compte Épargne,100.99,22.6,78.4
CLI_0029,Livret A,65.0,5.0,60.0
CLI_0029,Assurance Vie,259.54,133.9,125.63
CLI_0029,Assurance Auto,572.57,79.35,493.22
CLI_0030,Compte Courant,57.78,22.93,34.85
CLI_0030,Carte Bancaire Standard,45.0,10.0,35.0
CLI_0030,Compte Épargne,142.24,33.33,108.92
CLI_0030,Livret A,34.14,5.0,29.14
CLI_0030,Assurance Vie,736.71,68.43,668.29
CLI_0031,Compte Courant,36.39,17.71,18.68
CLI_0031,Carte Bancaire Standard,45.0,10.0,35.0
CLI_0031,Livret A,38.25,5.0,33.25
CLI_0032,Compte Courant,45.43,22.13,23.3
CLI_0032,Carte Bancaire Standard,45.0,10.0,35.0
CLI_0032,Carte Bancaire Premium,120.0,20.0,100.0
CLI_0032,Compte Épargne,142.62,21.77,120.85
CLI_0032,Assurance Vie,772.62,142.13,630.49
CLI_0032,Assurance Habitation,163.5,68.02,95.48
CLI_0032,Assurance Auto,525.26,96.69,428.56
CLI_0033,Compte Courant,53.37,22.19,31.18
CLI_0033,Carte Bancaire Standard,45.0,10.0,35.0
CLI_0033,Compte Épargne,99.68,20.82,78.85
CLI_0033,Livret A,55.06,5.0,50.06
CLI_0033,Assurance Habitation,162.14,80.19,81.96
CLI_0034,Compte Courant,54.01,20.85,33.16
CLI_0034,Compte Épargne,149.7,29.12,120.58
CLI_0034,Livret A,64.93,5.0,59.93
CLI_0034,Assurance Auto,466.89,119.49,347.4
CLI_0035,Compte Courant,51.4,16.64,34.76
CLI_0035,Carte Bancaire Standard,45.0,10.0,35.0
CLI_0035,Compte Épargne,145.55,33.36,112.2
CLI_0035,Crédit Immobilier,1707.68,497.27,1210.41
CLI_0035,Assurance Habitation,370.78,78.85,291.93
CLI_0036,Compte Courant,40.62,23.21,17.41
CLI_0036,Carte Bancaire Standard,45.0,10.0,35.0
CLI_0036,Compte Épargne,128.25,30.88,97.37
CLI_0036,Assurance Auto,261.74,75.06,186.69
CLI_0037,Compte Courant,52.15,23.06,29.09
CLI_0037,Carte Bancaire Standard,45.0,10.0,35.0
CLI_0037,Assurance Auto,311.71,82.08,229.63
CLI_0038,Compte Courant,32.33,22.13,10.19
CLI_0038,Carte Bancaire Standard,45.0,10.0,35.0
CLI_0038,Carte Bancaire Premium,120.0,20.0,100.0
CLI_0038,Compte Épargne,50.36,20.93,29.43
CLI_0038,Livret A,20.26,5.0,15.26
CLI_0038,Assurance Vie,587.19,91.74,495.45
CLI_0038,Assurance Habitation,224.39,95.64,128.75
CLI_0039,Compte Courant,35.78,18.89,16.89
CLI_0039,Carte Bancaire Standard,45.0,10.0,35.0
CLI_0039,Compte Épargne,144.03,28.54,115.49
CLI_0039,Crédit Immobilier,3441.43,324.1,3117.33
CLI_0039,Assurance Auto,516.07,85.37,430.7
CLI_0040,Compte Courant,54.02,17.54,36.48
CLI_0040,Livret A,45.35,5.0,40.35
CLI_0040,Assurance Vie,671.93,147.39,524.54
CLI_0040,Crédit Consommation,353.66,177.49,176.17
CLI_0040,Assurance Auto,320.28,93.04,227.23
CLI_0041,Compte Courant,38.7,21.13,17.57
CLI_0041,Carte Bancaire Standard,45.0,10.0,35.0
CLI_0041,Compte Épargne,85.38,26.67,58.71
CLI_0041,Livret A,22.28,5.0,17.28
CLI_0041,Crédit Immobilier,2014.36,575.12,1439.24
CLI_0041,Assurance Auto,599.31,106.83,492.48
CLI_0042,Compte Courant,38.6,19.02,19.58
CLI_0042,Compte Épargne,123.95,39.37,84.58
CLI_0042,Livret A,47.33,5.0,42.33
CLI_0043,Compte Courant,54.89,24.75,30.13
CLI_0043,Carte Bancaire Standard,45.0,10.0,35.0
CLI_0043,Carte Bancaire Premium,120.0,20.0,100.0
CLI_0043,Livret A,72.41,5.0,67.41
CLI_0043,Assurance Auto,290.86,60.48,230.38
CLI_0044,Compte Courant,44.76,20.31,24.45
CLI_0044,Carte Bancaire Standard,45.0,10.0,35.0
CLI_0044,Livret A,32.08,5.0,27.08
CLI_0044,Assurance Vie,370.8,126.52,244.29
CLI_0044,Crédit Consommation,723.31,118.08,605.23
CLI_0045,Compte Courant,48.68,21.53,27.15
CLI_0045,Carte Bancaire Standard,45.0,10.0,35.0
CLI_0045,Compte Épargne,126.94,23.13,103.81
CLI_0045,Livret A,64.49,5.0,59.49
CLI_0046,Compte Courant,47.98,15.58,32.41
CLI_0046,Carte Bancaire Standard,45.0,10.0,35.0
CLI_0046,Carte Bancaire Premium,120.0,20.0,100.0
CLI_0046,Compte Épargne,127.74,27.66,100.08
CLI_0046,Crédit Consommation,597.34,133.77,463.57
CLI_0047,Compte Courant,40.39,18.38,22.0
CLI_0047,Carte Bancaire Standard,45.0,10.0,35.0
CLI_0047,Compte Épargne,130.81,22.49,108.32
CLI_0047,Assurance Habitation,392.65,77.75,314.9
CLI_0048,Compte Courant,35.49,16.31,19.18
CLI_0048,Carte Bancaire Standard,45.0,10.0,35.0
CLI_0048,Assurance Vie,554.91,113.3,441.61
CLI_0048,Crédit Immobilier,1685.59,372.9,1312.69
CLI_0048,Assurance Habitation,348.87,52.48,296.38
CLI_0049,Compte Courant,55.65,21.58,34.07
CLI_0049,Carte Bancaire Standard,45.0,10.0,35.0
CLI_0049,Compte Épargne,93.44,26.93,66.51
CLI_0049,Livret A,21.15,5.0,16.15
CLI_0049,Crédit Consommation,1042.69,97.13,945.57
CLI_0049,Assurance Habitation,227.39,78.46,148.93
CLI_0049,Assurance Auto,298.4,89.83,208.57
CLI_0050,Compte Courant,54.28,19.71,34.57
CLI_0050,Carte Bancaire Standard,45.0,10.0,35.0
CLI_0050,Compte Épargne,144.9,36.95,107.95
CLI_0050,Crédit Immobilier,2665.64,419.99,2245.65
CLI_0050,Assurance Habitation,255.83,81.31,174.52
CLI_0051,Compte Courant,38.6,24.69,13.91
CLI_0051,Carte Bancaire Standard,45.0,10.0,35.0
CLI_0051,Compte Épargne,110.87,27.99,82.88
CLI_0051,Assurance Auto,458.0,83.72,374.28
CLI_0052,Compte Courant,54.53,20.68,33.86
CLI_0052,Carte Bancaire Standard,45.0,10.0,35.0
CLI_0052,Carte Bancaire Premium,120.0,20.0,100.0
CLI_0053,Compte Courant,31.26,16.77,14.49
CLI_0053,Carte Bancaire Standard,45.0,10.0,35.0
CLI_0053,Assurance Vie,719.0,106.29,612.71
CLI_0053,Assurance Habitation,387.59,53.62,333.96
CLI_0053,Assurance Auto,318.1,71.61,246.49
CLI_0054,Compte Courant,46.62,18.83,27.79
CLI_0054,Carte Bancaire Standard,45.0,10.0,35.0
CLI_0054,Livret A,29.44,5.0,24.44
CLI_0054,Assurance Auto,457.1,92.18,364.92
CLI_0055,Compte Courant,38.24,19.8,18.44
CLI_0055,Carte Bancaire Standard,45.0,10.0,35.0
CLI_0055,Livret A,64.74,5.0,59.74
CLI_0055,Assurance Auto,282.11,77.57,204.53
CLI_0056,Compte Courant,40.38,22.47,17.92
CLI_0056,Carte Bancaire Standard,45.0,10.0,35.0
CLI_0056,Compte Épargne,134.69,27.53,107.16
CLI_0056,Assurance Vie,377.97,138.94,239.03
CLI_0056,Assurance Auto,599.75,100.22,499.52
CLI_0057,Compte Courant,59.7,21.6,38.1
CLI_0057,Carte Bancaire Standard,45.0,10.0,35.0
CLI_0057,Carte Bancaire Premium,120.0,20.0,100.0
CLI_0057,Livret A,64.01,5.0,59.01
CLI_0058,Compte Courant,41.66,19.33,22.33
CLI_0058,Carte Bancaire Standard,45.0,10.0,35.0
CLI_0058,Compte Épargne,64.41,36.46,27.96
CLI_0058,Assurance Vie,758.64,112.34,646.29
CLI_0059,Compte Courant,40.31,16.54,23.77
CLI_0059,Carte Bancaire Standard,45.0,10.0,35.0
CLI_0059,Livret A,35.91,5.0,30.91
CLI_0059,Assurance Vie,353.25,111.35,241.89
CLI_0059,Crédit Immobilier,4807.63,314.48,4493.15
CLI_0059,Assurance Habitation,150.26,80.01,70.25
CLI_0060,Compte Courant,38.52,23.81,14.72
CLI_0060,Carte Bancaire Standard,45.0,10.0,35.0
CLI_0060,Carte Bancaire Premium,120.0,20.0,100.0
CLI_0060,Compte Épargne,82.73,25.79,56.93
CLI_0060,Assurance Auto,307.8,68.69,239.11
CLI_0061,Compte Courant,47.45,16.68,30.76
CLI_0061,Carte Bancaire Standard,45.0,10.0,35.0
CLI_0061,Compte Épargne,92.46,29.22,63.24
CLI_0061,Crédit Consommation,318.44,82.02,236.43
CLI_0062,Compte Courant,45.61,21.96,23.65
CLI_0062,Carte Bancaire Standard,45.0,10.0,35.0
CLI_0062,Livret A,76.53,5.0,71.53
CLI_0062,Assurance Auto,271.65,66.2,205.45
CLI_0063,Compte Courant,31.56,19.36,12.2
CLI_0063,Carte Bancaire Standard,45.0,10.0,35.0
CLI_0063,Livret A,57.39,5.0,52.39
CLI_0063,Assurance Habitation,360.14,84.13,276.01
CLI_0063,Assurance Auto,283.34,87.71,195.64
CLI_0064,Compte Courant,57.31,18.27,39.04
CLI_0064,Carte Bancaire Standard,45.0,10.0,35.0
CLI_0064,Compte Épargne,99.87,39.17,60.7
CLI_0064,Assurance Habitation,333.68,87.39,246.29
CLI_0064,Assurance Auto,300.93,84.88,216.05
CLI_0065,Compte Courant,32.47,21.07,11.41
CLI_0065,Carte Bancaire Standard,45.0,10.0,35.0
CLI_0065,Compte Épargne,60.37,36.72,23.65
CLI_0065,Crédit Consommation,1033.1,144.03,889.07
CLI_0065,Assurance Habitation,185.29,51.28,134.01
CLI_0065,Assurance Auto,518.68,96.01,422.68
CLI_0066,Compte Courant,51.33,18.04,33.29
CLI_0066,Carte Bancaire Standard,45.0,10.0,35.0
CLI_0066,Assurance Habitation,277.37,87.36,190.01
CLI_0066,Assurance Auto,385.03,96.08,288.94
CLI_0067,Compte Courant,53.69,17.15,36.54
CLI_0067,Compte Épargne,56.59,30.64,25.96
CLI_0067,Assurance Habitation,165.53,88.33,77.2
CLI_0067,Assurance Auto,487.68,112.9,374.78
CLI_0068,Compte Courant,49.19,15.67,33.51
CLI_0068,Carte Bancaire Standard,45.0,10.0,35.0
CLI_0068,Compte Épargne,75.32,36.16,39.16
CLI_0068,Livret A,30.03,5.0,25.03
CLI_0068,Assurance Vie,619.09,128.03,491.06
CLI_0068,Assurance Auto,332.04,79.34,252.71
CLI_0069,Compte Courant,46.73,23.61,23.12
CLI_0069,Livret A,33.43,5.0,28.43
CLI_0069,Assurance Auto,576.5,95.95,480.56
CLI_0070,Compte Courant,59.76,15.9,43.87
CLI_0070,Carte Bancaire Standard,45.0,10.0,35.0
CLI_0070,Carte Bancaire Premium,120.0,20.0,100.0
CLI_0070,Assurance Auto,250.62,109.6,141.03
CLI_0071,Compte Courant,55.94,19.45,36.49
CLI_0071,Carte Bancaire Standard,45.0,10.0,35.0
CLI_0071,Compte Épargne,121.41,37.35,84.06
CLI_0071,Crédit Immobilier,1650.95,472.19,1178.76
CLI_0071,Assurance Auto,541.39,83.89,457.5
CLI_0072,Compte Courant,39.07,22.96,16.11
CLI_0072,Carte Bancaire Standard,45.0,10.0,35.0
CLI_0072,Compte Épargne,83.58,20.06,63.52
CLI_0072,Crédit Consommation,1163.62,151.05,1012.56
CLI_0072,Assurance Auto,527.81,109.52,418.29
CLI_0073,Compte Courant,31.99,16.71,15.28
CLI_0073,Livret A,38.67,5.0,33.67
CLI_0073,Crédit Immobilier,2622.45,497.64,2124.81
CLI_0073,Assurance Habitation,305.78,74.73,231.05
CLI_0073,Assurance Auto,284.51,82.92,201.59
CLI_0074,Compte Courant,46.31,19.68,26.63
CLI_0074,Carte Bancaire Standard,45.0,10.0,35.0
CLI_0074,Compte Épargne,62.73,32.99,29.74
CLI_0074,Livret A,24.38,5.0,19.38
CLI_0074,Crédit Immobilier,2823.68,513.01,2310.67
CLI_0075,Compte Courant,30.6,20.7,9.9
CLI_0075,Carte Bancaire Standard,45.0,10.0,35.0
CLI_0075,Compte Épargne,83.45,20.18,63.28
CLI_0075,Assurance Habitation,197.6,97.05,100.55
CLI_0076,Compte Courant,45.63,24.97,20.66
CLI_0076,Carte Bancaire Standard,45.0,10.0,35.0
CLI_0076,Compte Épargne,102.48,30.88,71.6
CLI_0076,Assurance Habitation,247.96,65.5,182.46
CLI_0076,Assurance Auto,300.62,80.61,220.01
CLI_0077,Compte Courant,43.8,16.92,26.88
CLI_0077,Carte Bancaire Standard,45.0,10.0,35.0
CLI_0077,Carte Bancaire Premium,120.0,20.0,100.0
CLI_0077,Compte Épargne,72.49,25.43,47.06
CLI_0077,Assurance Vie,469.56,115.28,354.27
CLI_0077,Crédit Immobilier,4496.51,386.14,4110.37
CLI_0078,Compte Courant,35.51,18.79,16.72
CLI_0078,Carte Bancaire Standard,45.0,10.0,35.0
CLI_0078,Compte Épargne,139.44,20.2,119.24
CLI_0078,Livret A,60.67,5.0,55.67
CLI_0078,Assurance Habitation,269.29,58.05,211.24
CLI_0079,Compte Courant,39.63,17.25,22.38
CLI_0079,Carte Bancaire Standard,45.0,10.0,35.0
CLI_0079,Compte Épargne,137.78,29.64,108.15
CLI_0079,Livret A,53.79,5.0,48.79
CLI_0079,Assurance Vie,556.21,113.96,442.25
CLI_0079,Assurance Auto,398.22,61.07,337.15
CLI_0080,Compte Courant,40.04,16.84,23.2
CLI_0080,Carte Bancaire Standard,45.0,10.0,35.0
CLI_0080,Livret A,60.81,5.0,55.81
CLI_0080,Assurance Vie,234.02,106.38,127.64
CLI_0080,Assurance Habitation,202.66,97.44,105.22
CLI_0081,Compte Courant,40.07,18.25,21.81
CLI_0081,Carte Bancaire Standard,45.0,10.0,35.0
CLI_0081,Compte Épargne,142.34,28.35,113.99
CLI_0081,Assurance Vie,777.72,52.42,725.3
CLI_0081,Crédit Consommation,575.71,159.94,415.77
CLI_0082,Compte Courant,56.73,17.56,39.16
CLI_0082,Carte Bancaire Standard,45.0,10.0,35.0
CLI_0082,Carte Bancaire Premium,120.0,20.0,100.0
CLI_0082,Compte Épargne,143.05,31.88,111.17
CLI_0082,Assurance Vie,680.6,89.72,590.88
CLI_0082,Crédit Immobilier,2242.63,573.37,1669.26
CLI_0083,Compte Courant,57.99,19.98,38.02
CLI_0083,Carte Bancaire Standard,45.0,10.0,35.0
CLI_0083,Carte Bancaire Premium,120.0,20.0,100.0
CLI_0083,Compte Épargne,50.65,22.2,28.45
CLI_0083,Livret A,54.38,5.0,49.38
CLI_0083,Assurance Vie,214.27,89.69,124.57
CLI_0083,Assurance Auto,321.35,102.86,218.49
CLI_0084,Compte Courant,31.67,19.89,11.78
CLI_0084,Carte Bancaire Standard,45.0,10.0,35.0
CLI_0084,Compte Épargne,107.91,32.35,75.57
CLI_0084,Livret A,44.31,5.0,39.31
CLI_0085,Compte Courant,39.13,21.82,17.31
CLI_0085,Carte Bancaire Standard,45.0,10.0,35.0
CLI_0085,Compte Épargne,134.76,33.87,100.88
CLI_0085,Livret A,75.93,5.0,70.93
CLI_0085,Assurance Habitation,329.32,88.23,241.08
CLI_0085,Assurance Auto,267.16,85.17,181.99
CLI_0086,Compte Courant,44.55,17.56,26.99
CLI_0086,Carte Bancaire Standard,45.0,10.0,35.0
CLI_0086,Carte Bancaire Premium,120.0,20.0,100.0
CLI_0086,Compte Épargne,102.85,25.82,77.04
CLI_0086,Livret A,61.25,5.0,56.25
CLI_0086,Assurance Vie,482.17,95.88,386.29
CLI_0086,Crédit Consommation,1185.28,127.09,1058.18
CLI_0087,Compte Courant,40.87,18.19,22.68
CLI_0087,Compte Épargne,139.47,29.93,109.54
CLI_0087,Livret A,56.0,5.0,51.0
CLI_0087,Assurance Vie,308.49,104.09,204.4
CLI_0088,Compte Courant,38.24,22.31,15.93
CLI_0088,Carte Bancaire Standard,45.0,10.0,35.0
CLI_0088,Compte Épargne,133.25,34.3,98.96
CLI_0088,Livret A,63.81,5.0,58.81
CLI_0088,Crédit Immobilier,3293.66,513.64,2780.03
CLI_0088,Assurance Auto,369.07,99.09,269.99
CLI_0089,Compte Courant,37.77,15.7,22.07
CLI_0089,Carte Bancaire Standard,45.0,10.0,35.0
CLI_0089,Carte Bancaire Premium,120.0,20.0,100.0
CLI_0089,Compte Épargne,91.35,29.24,62.11
CLI_0090,Compte Courant,37.69,22.28,15.42
CLI_0090,Carte Bancaire Standard,45.0,10.0,35.0
CLI_0090,Compte Épargne,57.36,24.45,32.9
CLI_0090,Crédit Consommation,973.71,132.45,841.25
CLI_0090,Assurance Auto,482.11,94.05,388.06
CLI_0091,Compte Courant,58.52,20.98,37.54
CLI_0091,Livret A,20.89,5.0,15.89
CLI_0092,Compte Courant,40.59,16.43,24.16
CLI_0092,Carte Bancaire Standard,45.0,10.0,35.0
CLI_0092,Compte Épargne,142.46,22.08,120.38
CLI_0092,Livret A,43.26,5.0,38.26
CLI_0093,Compte Courant,36.78,23.47,13.32
CLI_0093,Carte Bancaire Standard,45.0,10.0,35.0
CLI_0093,Compte Épargne,80.86,39.84,41.02
CLI_0093,Assurance Vie,223.17,62.83,160.34
CLI_0093,Assurance Auto,289.86,108.67,181.19
CLI_0094,Compte Courant,56.36,15.71,40.64
CLI_0094,Carte Bancaire Standard,45.0,10.0,35.0
CLI_0094,Carte Bancaire Premium,120.0,20.0,100.0
CLI_0094,Compte Épargne,53.25,34.89,18.35
CLI_0094,Livret A,28.0,5.0,23.0
CLI_0094,Assurance Habitation,183.25,51.12,132.13
CLI_0094,Assurance Auto,219.92,75.82,144.1
CLI_0095,Compte Courant,31.95,18.69,13.26
CLI_0095,Carte Bancaire Standard,45.0,10.0,35.0
CLI_0095,Carte Bancaire Premium,120.0,20.0,100.0
CLI_0095,Compte Épargne,133.28,26.53,106.75
CLI_0095,Assurance Vie,636.7,59.39,577.31
CLI_0095,Assurance Auto,463.75,79.0,384.75
CLI_0096,Compte Courant,52.49,16.36,36.13
CLI_0096,Carte Bancaire Standard,45.0,10.0,35.0
CLI_0096,Carte Bancaire Premium,120.0,20.0,100.0
CLI_0096,Crédit Immobilier,4642.59,372.77,4269.82
CLI_0096,Crédit Consommation,617.82,194.02,423.8
CLI_0096,Assurance Habitation,294.62,68.29,226.33
CLI_0097,Compte Courant,58.49,18.29,40.2
CLI_0097,Carte Bancaire Standard,45.0,10.0,35.0
CLI_0097,Carte Bancaire Premium,120.0,20.0,100.0
CLI_0097,Compte Épargne,59.49,39.94,19.55
CLI_0098,Compte Courant,38.04,23.51,14.52
CLI_0098,Carte Bancaire Standard,45.0,10.0,35.0
CLI_0098,Compte Épargne,66.55,34.63,31.93
CLI_0098,Crédit Immobilier,3335.57,594.27,2741.3
CLI_0098,Assurance Auto,421.13,61.5,359.63
CLI_0099,Compte Courant,48.12,16.45,31.66
CLI_0099,Carte Bancaire Standard,45.0,10.0,35.0
CLI_0099,Compte Épargne,129.85,37.13,92.72
CLI_0099,Livret A,48.93,5.0,43.93
CLI_0099,Assurance Auto,513.29,68.71,444.58
CLI_0100,Compte Courant,44.76,18.94,25.82
CLI_0100,Carte Bancaire Standard,45.0,10.0,35.0
CLI_0100,Assurance Auto,444.53,62.67,381.86
CLI_0101,Compte Courant,52.56,15.79,36.77
CLI_0101,Livret A,59.39,5.0,54.39
CLI_0101,Assurance Habitation,154.61,91.59,63.02
CLI_0102,Compte Courant,35.24,20.15,15.09
CLI_0102,Carte Bancaire Standard,45.0,10.0,35.0
CLI_0102,Compte Épargne,76.15,34.45,41.7
CLI_0102,Livret A,39.28,5.0,34.28
CLI_0102,Assurance Vie,634.77,78.49,556.28
CLI_0102,Assurance Auto,500.99,61.84,439.15
CLI_0103,Compte Courant,38.5,19.99,18.51
CLI_0103,Carte Bancaire Standard,45.0,10.0,35.0
CLI_0103,Compte Épargne,54.51,23.72,30.79
CLI_0103,Livret A,76.07,5.0,71.07
CLI_0103,Assurance Vie,786.1,123.97,662.13
CLI_0103,Assurance Habitation,213.05,63.03,150.02
CLI_0104,Compte Courant,49.37,16.18,33.2
CLI_0104,Carte Bancaire Standard,45.0,10.0,35.0
CLI_0104,Carte Bancaire Premium,120.0,20.0,100.0
CLI_0104,Compte Épargne,144.83,24.5,120.33
CLI_0104,Livret A,79.98,5.0,74.98
CLI_0105,Compte Courant,44.87,22.71,22.16
CLI_0105,Carte Bancaire Standard,45.0,10.0,35.0
CLI_0105,Compte Épargne,50.22,37.77,12.44
CLI_0105,Crédit Immobilier,2445.01,500.38,1944.63
CLI_0105,Crédit Consommation,1025.72,99.7,926.02
CLI_0105,Assurance Auto,377.0,89.63,287.37
CLI_0106,Compte Courant,39.36,19.82,19.55
CLI_0106,Carte Bancaire Standard,45.0,10.0,35.0
CLI_0106,Livret A,39.05,5.0,34.05
CLI_0106,Assurance Vie,416.45,116.93,299.52
CLI_0106,Crédit Immobilier,3714.08,369.68,3344.4
CLI_0107,Compte Courant,56.92,23.63,33.3
CLI_0107,Carte Bancaire Standard,45.0,10.0,35.0
CLI_0107,Assurance Habitation,277.27,71.66,205.61
CLI_0108,Compte Courant,41.31,22.07,19.23
CLI_0108,Carte Bancaire Standard,45.0,10.0,35.0
CLI_0108,Compte Épargne,117.17,23.92,93.24
CLI_0109,Compte Courant,50.14,17.52,32.62
CLI_0109,Carte Bancaire Standard,45.0,10.0,35.0
CLI_0109,Compte Épargne,51.86,33.98,17.87
CLI_0109,Livret A,58.69,5.0,53.69
CLI_0109,Assurance Vie,446.49,102.57,343.92
CLI_0109,Assurance Habitation,386.79,79.76,307.03
CLI_0109,Assurance Auto,463.15,63.83,399.32
CLI_0110,Compte Courant,34.98,18.01,16.97
CLI_0110,Carte Bancaire Premium,120.0,20.0,100.0
CLI_0110,Compte Épargne,103.94,35.53,68.41
CLI_0110,Assurance Habitation,230.31,67.82,162.49
CLI_0111,Compte Courant,37.68,17.55,20.14
CLI_0111,Compte Épargne,144.89,32.71,112.18
CLI_0111,Crédit Immobilier,2045.65,516.67,1528.98
CLI_0111,Assurance Habitation,330.51,83.32,247.18
CLI_0112,Compte Courant,34.04,19.08,14.96
CLI_0112,Carte Bancaire Standard,45.0,10.0,35.0
CLI_0112,Compte Épargne,60.68,36.33,24.34
CLI_0112,Assurance Auto,462.07,90.43,371.64
CLI_0113,Compte Courant,40.29,16.84,23.45
CLI_0113,Carte Bancaire Standard,45.0,10.0,35.0
CLI_0113,Crédit Immobilier,1872.57,590.77,1281.79
CLI_0113,Assurance Auto,279.86,63.59,216.27
CLI_0114,Compte Courant,58.85,20.49,38.36
CLI_0114,Carte Bancaire Standard,45.0,10.0,35.0
CLI_0114,Carte Bancaire Premium,120.0,20.0,100.0
CLI_0114,Livret A,67.8,5.0,62.8
CLI_0114,Assurance Vie,226.26,106.69,119.56
CLI_0114,Crédit Immobilier,2893.73,531.59,2362.15
CLI_0115,Compte Courant,31.15,19.02,12.14
CLI_0115,Carte Bancaire Standard,45.0,10.0,35.0
CLI_0115,Compte Épargne,129.91,30.45,99.45
CLI_0115,Assurance Vie,530.02,59.72,470.31
CLI_0115,Assurance Auto,252.93,100.62,152.31
CLI_0116,Compte Courant,50.25,24.79,25.46
CLI_0116,Carte Bancaire Standard,45.0,10.0,35.0
CLI_0116,Compte Épargne,121.2,29.86,91.33
CLI_0116,Assurance Habitation,364.33,55.22,309.11
CLI_0117,Compte Courant,43.48,17.87,25.61
CLI_0117,Carte Bancaire Premium,120.0,20.0,100.0
CLI_0117,Compte Épargne,60.46,35.27,25.19
CLI_0117,Livret A,50.65,5.0,45.65
CLI_0117,Assurance Vie,534.06,91.13,442.94
CLI_0117,Assurance Habitation,265.08,55.8,209.28
CLI_0118,Compte Courant,50.19,19.32,30.86
CLI_0118,Carte Bancaire Standard,45.0,10.0,35.0
CLI_0118,Assurance Habitation,354.19,59.81,294.38
CLI_0118,Assurance Auto,282.02,98.75,183.28
CLI_0119,Compte Courant,55.38,19.72,35.66
CLI_0119,Carte Bancaire Standard,45.0,10.0,35.0
CLI_0119,Assurance Auto,490.78,119.96,370.82
CLI_0120,Compte Courant,59.71,22.44,37.26
CLI_0120,Carte Bancaire Standard,45.0,10.0,35.0
CLI_0120,Compte Épargne,123.96,24.95,99.01
CLI_0120,Livret A,70.01,5.0,65.01
CLI_0120,Crédit Immobilier,2917.86,588.6,2329.26
CLI_0120,Crédit Consommation,373.28,132.3,240.98
CLI_0120,Assurance Habitation,288.96,70.26,218.7
CLI_0121,Compte Courant,36.32,20.93,15.39
CLI_0121,Carte Bancaire Standard,45.0,10.0,35.0
CLI_0121,Livret A,65.36,5.0,60.36
CLI_0121,Assurance Habitation,311.21,61.72,249.49
CLI_0122,Compte Courant,51.95,17.57,34.38
CLI_0122,Compte Épargne,67.52,33.81,33.71
CLI_0122,Assurance Habitation,360.7,74.08,286.62
CLI_0122,Assurance Auto,412.56,78.16,334.39
CLI_0123,Compte Courant,44.84,16.32,28.52
CLI_0123,Carte Bancaire Standard,45.0,10.0,35.0
CLI_0123,Livret A,77.35,5.0,72.35
CLI_0123,Assurance Vie,680.22,116.8,563.42
CLI_0123,Assurance Habitation,284.55,89.61,194.94
CLI_0124,Compte Courant,44.84,18.0,26.84
CLI_0124,Carte Bancaire Standard,45.0,10.0,35.0
CLI_0124,Livret A,29.62,5.0,24.62
CLI_0124,Crédit Consommation,882.83,191.53,691.3
CLI_0125,Compte Courant,34.61,16.8,17.81
CLI_0125,Carte Bancaire Standard,45.0,10.0,35.0
CLI_0125,Carte Bancaire Premium,120.0,20.0,100.0
CLI_0125,Assurance Vie,460.16,130.69,329.47
CLI_0125,Crédit Consommation,564.53,110.47,454.06
CLI_0126,Compte Courant,48.6,20.36,28.24
CLI_0126,Carte Bancaire Standard,45.0,10.0,35.0
CLI_0126,Carte Bancaire Premium,120.0,20.0,100.0
CLI_0126,Compte Épargne,56.02,21.63,34.39
CLI_0126,Assurance Vie,585.81,96.51,489.3
CLI_0126,Crédit Immobilier,4898.42,503.56,4394.86
CLI_0126,Assurance Auto,204.03,88.86,115.17
CLI_0127,Compte Courant,42.43,16.07,26.37
CLI_0127,Carte Bancaire Standard,45.0,10.0,35.0
CLI_0127,Compte Épargne,142.32,36.1,106.22
CLI_0127,Assurance Habitation,207.52,62.8,144.72
CLI_0128,Compte Courant,30.96,17.97,12.99
CLI_0128,Carte Bancaire Standard,45.0,10.0,35.0
CLI_0128,Compte Épargne,108.46,28.42,80.05
CLI_0128,Livret A,78.16,5.0,73.16
CLI_0128,Assurance Habitation,164.02,79.57,84.45
CLI_0128,Assurance Auto,543.32,88.84,454.48
CLI_0129,Compte Courant,30.09,17.43,12.66
CLI_0129,Carte Bancaire Standard,45.0,10.0,35.0
CLI_0129,Compte Épargne,82.38,39.32,43.06
CLI_0129,Assurance Auto,564.71,116.95,447.76
CLI_0130,Compte Courant,54.77,18.52,36.26
CLI_0130,Carte Bancaire Standard,45.0,10.0,35.0
CLI_0130,Carte Bancaire Premium,120.0,20.0,100.0
CLI_0130,Compte Épargne,140.59,39.63,100.95
CLI_0130,Livret A,41.0,5.0,36.0
CLI_0130,Assurance Vie,356.33,104.69,251.64
CLI_0130,Assurance Habitation,196.79,51.63,145.16
CLI_0130,Assurance Auto,578.33,115.54,462.79
CLI_0131,Compte Courant,34.88,19.08,15.8
CLI_0131,Carte Bancaire Standard,45.0,10.0,35.0
CLI_0131,Carte Bancaire Premium,120.0,20.0,100.0
CLI_0131,Compte Épargne,133.1,33.22,99.88
CLI_0131,Livret A,43.69,5.0,38.69
CLI_0131,Assurance Vie,646.5,139.7,506.8
CLI_0131,Assurance Habitation,381.54,68.94,312.6
CLI_0132,Compte Courant,35.21,24.13,11.08
CLI_0132,Carte Bancaire Standard,45.0,10.0,35.0
CLI_0132,Livret A,25.55,5.0,20.55
CLI_0133,Compte Courant,51.65,16.4,35.25
CLI_0133,Carte Bancaire Premium,120.0,20.0,100.0
CLI_0133,Livret A,43.36,5.0,38.36
CLI_0133,Assurance Vie,446.93,65.88,381.06
CLI_0133,Crédit Immobilier,4729.39,300.8,4428.58
CLI_0133,Assurance Habitation,373.45,94.19,279.26
CLI_0134,Compte Courant,39.51,22.04,17.47
CLI_0134,Carte Bancaire Standard,45.0,10.0,35.0
CLI_0134,Compte Épargne,75.28,35.18,40.11
CLI_0134,Assurance Habitation,290.28,65.01,225.27
CLI_0134,Assurance Auto,360.09,101.39,258.7
CLI_0135,Compte Courant,57.18,16.31,40.88
CLI_0135,Carte Bancaire Standard,45.0,10.0,35.0
CLI_0135,Livret A,54.28,5.0,49.28
CLI_0135,Assurance Auto,301.49,108.08,193.41
CLI_0136,Compte Courant,32.11,21.89,10.22
CLI_0136,Carte Bancaire Standard,45.0,10.0,35.0
CLI_0136,Carte Bancaire Premium,120.0,20.0,100.0
CLI_0136,Compte Épargne,67.49,31.93,35.57
CLI_0136,Livret A,70.14,5.0,65.14
CLI_0136,Assurance Vie,653.05,125.29,527.75
CLI_0136,Assurance Habitation,279.46,94.54,184.92
CLI_0137,Compte Courant,47.64,24.18,23.47
CLI_0137,Assurance Auto,418.61,90.36,328.25
CLI_0138,Compte Courant,36.67,20.45,16.22
CLI_0138,Carte Bancaire Standard,45.0,10.0,35.0
CLI_0138,Carte Bancaire Premium,120.0,20.0,100.0
CLI_0138,Compte Épargne,64.06,37.39,26.66
CLI_0138,Livret A,60.55,5.0,55.55
CLI_0138,Assurance Auto,597.45,65.53,531.93
CLI_0139,Compte Courant,37.22,23.77,13.45
CLI_0139,Carte Bancaire Standard,45.0,10.0,35.0
CLI_0139,Compte Épargne,89.53,29.33,60.2
CLI_0139,Livret A,71.64,5.0,66.64
CLI_0139,Crédit Consommation,769.64,103.22,666.42
CLI_0139,Assurance Habitation,373.01,51.55,321.45
CLI_0140,Compte Courant,56.86,15.51,41.36
CLI_0140,Carte Bancaire Standard,45.0,10.0,35.0
CLI_0140,Compte Épargne,116.58,21.43,95.15
CLI_0140,Livret A,62.37,5.0,57.37
CLI_0141,Compte Courant,31.02,23.42,7.59
CLI_0141,Carte Bancaire Standard,45.0,10.0,35.0
CLI_0141,Compte Épargne,96.59,21.87,74.73
CLI_0141,Livret A,62.41,5.0,57.41
CLI_0141,Assurance Auto,395.72,71.46,324.26
CLI_0142,Compte Courant,30.47,19.18,11.29
CLI_0142,Carte Bancaire Standard,45.0,10.0,35.0
CLI_0142,Compte Épargne,58.56,21.88,36.68
CLI_0142,Livret A,36.04,5.0,31.04
CLI_0142,Assurance Habitation,307.61,76.5,231.12
CLI_0142,Assurance Auto,227.59,118.11,109.49
CLI_0143,Compte Courant,56.62,17.59,39.02
CLI_0143,Carte Bancaire Standard,45.0,10.0,35.0
CLI_0143,Livret A,27.34,5.0,22.34
CLI_0143,Crédit Immobilier,4798.41,438.34,4360.07
CLI_0143,Assurance Habitation,227.79,74.52,153.27
CLI_0143,Assurance Auto,509.1,70.1,438.99
CLI_0144,Compte Courant,53.02,22.49,30.53
CLI_0144,Carte Bancaire Standard,45.0,10.0,35.0
CLI_0144,Compte Épargne,103.93,37.32,66.62
CLI_0144,Livret A,27.93,5.0,22.93
CLI_0144,Crédit Immobilier,3584.18,434.8,3149.37
CLI_0144,Assurance Habitation,255.57,62.63,192.94
CLI_0144,Assurance Auto,348.91,66.49,282.42
CLI_0145,Compte Courant,37.55,17.72,19.83
CLI_0145,Crédit Immobilier,4022.34,314.57,3707.77
CLI_0145,Assurance Auto,460.48,73.28,387.19
CLI_0146,Compte Courant,32.46,18.01,14.45
CLI_0146,Carte Bancaire Standard,45.0,10.0,35.0
CLI_0146,Compte Épargne,72.45,31.04,41.41
CLI_0146,Livret A,41.44,5.0,36.44
CLI_0146,Crédit Immobilier,4880.98,589.06,4291.91
CLI_0146,Assurance Auto,377.49,107.71,269.78
CLI_0147,Compte Courant,30.4,20.48,9.92
CLI_0147,Carte Bancaire Standard,45.0,10.0,35.0
CLI_0147,Assurance Vie,645.98,71.69,574.29
CLI_0147,Crédit Immobilier,1714.1,346.78,1367.33
CLI_0147,Assurance Auto,376.74,90.38,286.36
CLI_0148,Compte Courant,41.43,19.4,22.03
CLI_0148,Carte Bancaire Standard,45.0,10.0,35.0
CLI_0148,Assurance Vie,482.14,126.94,355.2
CLI_0148,Assurance Auto,242.1,106.14,135.96
CLI_0149,Compte Courant,50.66,22.42,28.24
CLI_0149,Carte Bancaire Standard,45.0,10.0,35.0
CLI_0149,Compte Épargne,123.45,29.41,94.04
CLI_0149,Livret A,32.68,5.0,27.68
CLI_0150,Compte Courant,46.1,24.58,21.52
CLI_0150,Carte Bancaire Standard,45.0,10.0,35.0
CLI_0150,Compte Épargne,108.85,20.22,88.63
CLI_0150,Livret A,23.58,5.0,18.58
CLI_0150,Assurance Habitation,398.22,53.6,344.62
CLI_0151,Compte Courant,31.38,18.53,12.85
CLI_0151,Carte Bancaire Standard,45.0,10.0,35.0
CLI_0151,Livret A,78.16,5.0,73.16
CLI_0151,Assurance Vie,391.21,90.99,300.22
CLI_0151,Crédit Consommation,870.67,82.89,787.78
CLI_0151,Assurance Habitation,374.44,75.97,298.47
CLI_0152,Compte Courant,44.0,23.61,20.4
CLI_0152,Carte Bancaire Standard,45.0,10.0,35.0
CLI_0152,Compte Épargne,145.31,28.47,116.84
CLI_0153,Compte Courant,35.17,23.16,12.02
CLI_0153,Carte Bancaire Standard,45.0,10.0,35.0
CLI_0153,Carte Bancaire Premium,120.0,20.0,100.0
CLI_0153,Livret A,44.2,5.0,39.2
CLI_0153,Assurance Vie,761.33,144.99,616.34
CLI_0153,Crédit Immobilier,1901.9,586.97,1314.94
CLI_0153,Assurance Habitation,242.07,82.31,159.75
CLI_0153,Assurance Auto,213.9,113.33,100.57
CLI_0154,Compte Courant,49.25,21.44,27.81
CLI_0154,Carte Bancaire Standard,45.0,10.0,35.0
CLI_0154,Compte Épargne,140.22,30.17,110.05
CLI_0154,Assurance Habitation,252.63,93.31,159.32
CLI_0154,Assurance Auto,496.97,116.94,380.03
CLI_0155,Compte Courant,58.2,18.82,39.38
CLI_0155,Carte Bancaire Standard,45.0,10.0,35.0
CLI_0155,Livret A,46.82,5.0,41.82
CLI_0155,Assurance Vie,353.59,116.06,237.53
CLI_0155,Assurance Auto,345.82,107.17,238.65
CLI_0156,Compte Courant,33.65,16.16,17.48
CLI_0156,Compte Épargne,70.45,21.69,48.76
CLI_0156,Livret A,57.2,5.0,52.2
CLI_0156,Crédit Consommation,432.62,99.2,333.42
CLI_0157,Compte Courant,30.43,22.82,7.61
CLI_0157,Carte Bancaire Standard,45.0,10.0,35.0
CLI_0157,Compte Épargne,131.23,23.24,107.99
CLI_0157,Assurance Vie,643.71,93.35,550.36
CLI_0158,Compte Courant,37.19,21.21,15.97
CLI_0158,Carte Bancaire Standard,45.0,10.0,35.0
CLI_0158,Compte Épargne,67.85,35.14,32.71
CLI_0158,Crédit Consommation,342.85,195.1,147.76
CLI_0159,Compte Courant,32.16,20.79,11.36
CLI_0159,Carte Bancaire Standard,45.0,10.0,35.0
CLI_0159,Compte Épargne,140.22,20.24,119.98
CLI_0159,Assurance Vie,499.11,85.0,414.11
CLI_0159,Crédit Consommation,822.3,107.05,715.24
CLI_0159,Assurance Habitation,166.22,81.3,84.93
CLI_0159,Assurance Auto,366.74,97.35,269.39
CLI_0160,Compte Courant,36.32,18.39,17.93
CLI_0160,Livret A,53.7,5.0,48.7
CLI_0160,Crédit Consommation,833.8,124.68,709.12
CLI_0160,Assurance Habitation,220.01,63.69,156.33
CLI_0161,Compte Courant,35.24,18.25,16.99
CLI_0161,Compte Épargne,69.94,32.68,37.27
CLI_0161,Crédit Immobilier,3491.73,414.78,3076.96
CLI_0161,Assurance Habitation,231.46,61.88,169.58
CLI_0161,Assurance Auto,414.18,115.13,299.05
CLI_0162,Compte Courant,50.57,22.44,28.13
CLI_0162,Assurance Habitation,358.59,67.58,291.01
CLI_0162,Assurance Auto,225.15,97.35,127.8
CLI_0163,Compte Courant,35.66,20.69,14.97
CLI_0163,Carte Bancaire Standard,45.0,10.0,35.0
CLI_0163,Carte Bancaire Premium,120.0,20.0,100.0
CLI_0163,Crédit Consommation,965.56,174.04,791.52
CLI_0163,Assurance Auto,320.74,90.75,229.99
CLI_0164,Compte Courant,48.63,23.19,25.43
CLI_0164,Crédit Consommation,985.25,198.56,786.69
CLI_0165,Compte Courant,30.24,19.37,10.87
CLI_0165,Carte Bancaire Standard,45.0,10.0,35.0
CLI_0165,Crédit Immobilier,2396.16,335.97,2060.19
CLI_0165,Assurance Habitation,377.88,99.9,277.98
CLI_0166,Compte Courant,35.42,15.38,20.03
CLI_0166,Carte Bancaire Standard,45.0,10.0,35.0
CLI_0166,Compte Épargne,77.51,36.7,40.81
CLI_0166,Assurance Habitation,223.47,52.85,170.63
CLI_0167,Compte Courant,31.57,19.27,12.3
CLI_0167,Compte Épargne,143.18,25.72,117.46
CLI_0167,Crédit Consommation,684.44,92.23,592.21
CLI_0167,Assurance Auto,397.43,101.79,295.64
CLI_0168,Compte Courant,38.13,17.97,20.17
CLI_0168,Carte Bancaire Standard,45.0,10.0,35.0
CLI_0168,Livret A,70.52,5.0,65.52
CLI_0168,Assurance Vie,206.22,113.65,92.57
CLI_0168,Assurance Habitation,248.47,64.92,183.55
CLI_0168,Assurance Auto,463.04,110.08,352.96
CLI_0169,Compte Courant,46.75,15.31,31.44
CLI_0169,Livret A,47.68,5.0,42.68
CLI_0169,Assurance Vie,477.66,104.38,373.28
CLI_0169,Assurance Habitation,317.74,50.97,266.77
CLI_0169,Assurance Auto,400.81,95.3,305.51
CLI_0170,Compte Courant,40.3,21.68,18.62
CLI_0170,Carte Bancaire Standard,45.0,10.0,35.0
CLI_0170,Assurance Habitation,207.04,65.87,141.18
CLI_0170,Assurance Auto,585.1,80.88,504.22
CLI_0171,Compte Courant,40.4,20.96,19.44
CLI_0171,Carte Bancaire Standard,45.0,10.0,35.0
CLI_0171,Compte Épargne,147.1,39.66,107.44
CLI_0171,Assurance Vie,547.79,50.11,497.69
CLI_0171,Crédit Immobilier,4652.3,471.07,4181.23
CLI_0171,Assurance Auto,346.4,109.75,236.65
CLI_0172,Compte Courant,41.99,15.34,26.65
CLI_0172,Carte Bancaire Standard,45.0,10.0,35.0
CLI_0172,Compte Épargne,132.11,30.92,101.19
CLI_0172,Livret A,40.29,5.0,35.29
CLI_0172,Crédit Immobilier,2378.12,478.14,1899.98
CLI_0173,Compte Courant,36.24,18.24,18.0
CLI_0173,Carte Bancaire Standard,45.0,10.0,35.0
CLI_0173,Compte Épargne,113.65,37.63,76.02
CLI_0173,Livret A,51.97,5.0,46.97
CLI_0173,Assurance Auto,503.64,105.78,397.86
CLI_0174,Compte Courant,49.93,17.46,32.47
CLI_0174,Carte Bancaire Standard,45.0,10.0,35.0
CLI_0174,Compte Épargne,136.68,28.73,107.95
CLI_0174,Livret A,22.65,5.0,17.65
CLI_0174,Assurance Auto,297.85,105.93,191.91
CLI_0175,Compte Courant,32.07,16.47,15.6
CLI_0175,Carte Bancaire Standard,45.0,10.0,35.0
CLI_0175,Compte Épargne,119.42,37.85,81.57
CLI_0175,Livret A,58.02,5.0,53.02
CLI_0175,Assurance Auto,288.92,63.2,225.71
CLI_0176,Compte Courant,48.45,15.47,32.98
CLI_0176,Carte Bancaire Standard,45.0,10.0,35.0
CLI_0176,Livret A,56.76,5.0,51.76
CLI_0177,Compte Courant,36.77,24.05,12.72
CLI_0177,Carte Bancaire Standard,45.0,10.0,35.0
CLI_0177,Compte Épargne,97.51,24.48,73.03
CLI_0177,Assurance Auto,541.26,75.24,466.02
CLI_0178,Compte Courant,39.2,23.34,15.86
CLI_0178,Carte Bancaire Standard,45.0,10.0,35.0
CLI_0178,Compte Épargne,80.88,28.2,52.68
CLI_0178,Livret A,40.86,5.0,35.86
CLI_0178,Crédit Immobilier,1907.4,311.67,1595.73
CLI_0178,Assurance Auto,489.82,98.71,391.11
CLI_0179,Compte Courant,38.47,17.96,20.51
CLI_0179,Carte Bancaire Standard,45.0,10.0,35.0
CLI_0179,Compte Épargne,144.5,39.75,104.75
CLI_0179,Livret A,48.41,5.0,43.41
CLI_0179,Assurance Vie,681.47,123.67,557.8
CLI_0179,Assurance Habitation,224.33,52.93,171.4
CLI_0180,Compte Courant,34.28,23.38,10.89
CLI_0180,Carte Bancaire Standard,45.0,10.0,35.0
CLI_0180,Carte Bancaire Premium,120.0,20.0,100.0
CLI_0180,Assurance Vie,638.73,116.43,522.29
CLI_0180,Crédit Immobilier,1957.27,491.98,1465.29
CLI_0180,Assurance Auto,508.86,111.64,397.22
CLI_0181,Compte Courant,30.4,21.84,8.55
CLI_0181,Carte Bancaire Standard,45.0,10.0,35.0
CLI_0181,Livret A,21.15,5.0,16.15
CLI_0181,Crédit Consommation,936.19,156.27,779.91
CLI_0181,Assurance Habitation,187.09,88.31,98.78
CLI_0181,Assurance Auto,227.34,109.58,117.76
CLI_0182,Compte Courant,37.86,21.89,15.97
CLI_0182,Carte Bancaire Standard,45.0,10.0,35.0
CLI_0182,Compte Épargne,142.37,26.8,115.57
CLI_0182,Livret A,50.17,5.0,45.17
CLI_0183,Compte Courant,43.89,16.58,27.32
CLI_0183,Carte Bancaire Standard,45.0,10.0,35.0
CLI_0183,Compte Épargne,109.03,34.86,74.17
CLI_0183,Livret A,75.01,5.0,70.01
CLI_0183,Crédit Immobilier,4477.81,453.01,4024.8
CLI_0183,Assurance Auto,487.61,108.05,379.56
CLI_0184,Compte Courant,44.8,16.15,28.65
CLI_0184,Carte Bancaire Standard,45.0,10.0,35.0
CLI_0184,Livret A,46.28,5.0,41.28
CLI_0184,Crédit Consommation,1058.23,151.6,906.63
CLI_0184,Assurance Habitation,331.11,59.26,271.85
CLI_0185,Compte Courant,58.93,19.04,39.89
CLI_0185,Carte Bancaire Standard,45.0,10.0,35.0
CLI_0185,Assurance Auto,461.45,61.13,400.32
CLI_0186,Compte Courant,33.82,22.82,11.0
CLI_0186,Carte Bancaire Standard,45.0,10.0,35.0
CLI_0186,Compte Épargne,146.8,26.4,120.4
CLI_0186,Crédit Immobilier,1630.13,408.26,1221.87
CLI_0187,Compte Courant,30.52,16.92,13.6
CLI_0187,Carte Bancaire Standard,45.0,10.0,35.0
CLI_0187,Compte Épargne,125.25,38.74,86.51
CLI_0187,Assurance Habitation,171.86,77.9,93.97
CLI_0187,Assurance Auto,301.55,68.34,233.21
CLI_0188,Compte Courant,36.57,20.78,15.79
CLI_0188,Carte Bancaire Standard,45.0,10.0,35.0
CLI_0188,Compte Épargne,56.51,28.68,27.83
CLI_0188,Assurance Vie,281.14,77.27,203.87
CLI_0188,Crédit Immobilier,2167.64,564.89,1602.75
CLI_0188,Assurance Habitation,327.0,93.42,233.58
CLI_0188,Assurance Auto,353.39,78.8,274.58
CLI_0189,Compte Courant,41.42,15.19,26.23
CLI_0189,Carte Bancaire Standard,45.0,10.0,35.0
CLI_0189,Assurance Habitation,331.18,67.49,263.69
CLI_0190,Compte Courant,39.4,20.98,18.42
CLI_0190,Carte Bancaire Standard,45.0,10.0,35.0
CLI_0190,Carte Bancaire Premium,120.0,20.0,100.0
CLI_0190,Compte Épargne,93.62,39.62,54.01
CLI_0190,Assurance Vie,413.75,111.39,302.36
CLI_0191,Compte Courant,39.35,24.91,14.44
CLI_0191,Carte Bancaire Standard,45.0,10.0,35.0
CLI_0191,Crédit Consommation,700.6,156.1,544.5
CLI_0192,Compte Courant,33.8,22.33,11.47
CLI_0192,Carte Bancaire Standard,45.0,10.0,35.0
CLI_0192,Carte Bancaire Premium,120.0,20.0,100.0
CLI_0192,Compte Épargne,76.92,28.97,47.95
CLI_0192,Assurance Vie,729.88,147.06,582.82
CLI_0192,Assurance Auto,369.83,110.09,259.74
CLI_0193,Compte Courant,31.6,23.48,8.12
CLI_0193,Carte Bancaire Standard,45.0,10.0,35.0
CLI_0193,Compte Épargne,112.95,29.77,83.18
CLI_0193,Assurance Habitation,372.49,92.27,280.22
CLI_0194,Compte Courant,38.91,22.91,15.99
CLI_0194,Carte Bancaire Standard,45.0,10.0,35.0
CLI_0194,Livret A,25.97,5.0,20.97
CLI_0194,Assurance Habitation,355.69,83.77,271.92
CLI_0194,Assurance Auto,235.15,100.98,134.16
CLI_0195,Compte Courant,47.42,20.95,26.47
CLI_0195,Carte Bancaire Standard,45.0,10.0,35.0
CLI_0195,Compte Épargne,79.09,25.33,53.76
CLI_0195,Assurance Vie,657.52,75.68,581.84
CLI_0196,Compte Courant,43.39,21.95,21.44
CLI_0196,Carte Bancaire Standard,45.0,10.0,35.0
CLI_0196,Assurance Vie,247.77,109.45,138.31
CLI_0196,Assurance Habitation,297.34,84.21,213.13
CLI_0197,Compte Courant,41.1,19.49,21.61
CLI_0197,Carte Bancaire Standard,45.0,10.0,35.0
CLI_0197,Compte Épargne,83.0,36.16,46.83
CLI_0197,Assurance Vie,278.37,146.3,132.07
CLI_0197,Assurance Auto,453.93,113.21,340.72
CLI_0198,Compte Courant,42.79,18.32,24.46
CLI_0198,Carte Bancaire Standard,45.0,10.0,35.0
CLI_0198,Compte Épargne,140.07,21.98,118.1
CLI_0198,Livret A,27.03,5.0,22.03
CLI_0199,Compte Courant,38.98,24.6,14.38
CLI_0200,Compte Courant,48.99,20.54,28.45
CLI_0200,Carte Bancaire Standard,45.0,10.0,35.0
CLI_0200,Compte Épargne,120.54,28.35,92.19
CLI_0200,Livret A,65.48,5.0,60.48
CLI_0200,Assurance Vie,435.94,132.64,303.3
CLI_0200,Assurance Habitation,216.82,63.88,152.95
CLI_0201,Compte Courant,45.67,19.31,26.36
CLI_0201,Compte Épargne,114.81,27.29,87.53
CLI_0201,Assurance Vie,338.33,96.98,241.35
CLI_0201,Assurance Habitation,290.24,57.13,233.11
CLI_0201,Assurance Auto,422.69,79.16,343.53
CLI_0202,Compte Courant,41.77,17.79,23.98
CLI_0202,Carte Bancaire Standard,45.0,10.0,35.0
CLI_0202,Livret A,75.88,5.0,70.88
CLI_0202,Assurance Vie,610.0,76.25,533.76
CLI_0202,Assurance Habitation,311.26,92.43,218.83
CLI_0203,Compte Courant,42.05,23.3,18.75
CLI_0203,Carte Bancaire Standard,45.0,10.0,35.0
CLI_0203,Assurance Auto,261.77,109.37,152.4
CLI_0204,Compte Courant,46.21,17.23,28.98
CLI_0204,Carte Bancaire Standard,45.0,10.0,35.0
CLI_0204,Compte Épargne,90.71,39.76,50.95
CLI_0204,Livret A,67.01,5.0,62.01
CLI_0204,Assurance Auto,430.03,66.91,363.12
CLI_0205,Compte Courant,42.53,17.63,24.9
CLI_0205,Carte Bancaire Standard,45.0,10.0,35.0
CLI_0205,Carte Bancaire Premium,120.0,20.0,100.0
CLI_0205,Livret A,24.26,5.0,19.26
CLI_0205,Assurance Vie,525.32,138.92,386.4
CLI_0205,Assurance Habitation,318.9,62.48,256.42
CLI_0206,Compte Courant,47.21,24.43,22.78
CLI_0206,Carte Bancaire Standard,45.0,10.0,35.0
CLI_0206,Compte Épargne,122.29,33.79,88.5
CLI_0207,Compte Courant,59.04,22.99,36.06
CLI_0207,Carte Bancaire Standard,45.0,10.0,35.0
CLI_0207,Carte Bancaire Premium,120.0,20.0,100.0
CLI_0207,Compte Épargne,63.66,26.95,36.71
CLI_0207,Assurance Vie,779.08,98.97,680.11
CLI_0207,Crédit Consommation,400.47,135.03,265.44
CLI_0207,Assurance Auto,478.8,119.85,358.94
CLI_0208,Compte Courant,39.72,20.14,19.58
CLI_0208,Carte Bancaire Standard,45.0,10.0,35.0
CLI_0208,Assurance Vie,727.81,85.53,642.28
CLI_0208,Assurance Habitation,177.32,97.45,79.87
CLI_0209,Compte Courant,44.65,20.03,24.63
CLI_0209,Carte Bancaire Standard,45.0,10.0,35.0
CLI_0209,Compte Épargne,112.12,20.07,92.05
CLI_0209,Livret A,75.87,5.0,70.87
CLI_0210,Compte Courant,40.84,18.97,21.87
CLI_0210,Carte Bancaire Standard,45.0,10.0,35.0
CLI_0210,Compte Épargne,67.41,27.56,39.85
CLI_0210,Assurance Auto,521.58,108.0,413.58
CLI_0211,Compte Courant,58.07,19.03,39.04
CLI_0211,Carte Bancaire Standard,45.0,10.0,35.0
CLI_0211,Carte Bancaire Premium,120.0,20.0,100.0
CLI_0211,Livret A,62.52,5.0,57.52
CLI_0211,Assurance Vie,504.34,130.4,373.94
CLI_0211,Assurance Habitation,328.14,68.4,259.74
CLI_0212,Compte Courant,40.1,17.52,22.58
CLI_0212,Carte Bancaire Standard,45.0,10.0,35.0
CLI_0212,Compte Épargne,107.65,39.28,68.37
CLI_0213,Compte Courant,36.0,15.95,20.05
CLI_0213,Carte Bancaire Standard,45.0,10.0,35.0
CLI_0213,Compte Épargne,61.94,35.66,26.28
CLI_0214,Compte Courant,40.5,17.24,23.26
CLI_0214,Carte Bancaire Standard,45.0,10.0,35.0
CLI_0214,Assurance Vie,411.71,114.53,297.17
CLI_0214,Assurance Auto,418.71,104.62,314.1
CLI_0215,Compte Courant,40.17,19.52,20.65
CLI_0215,Carte Bancaire Standard,45.0,10.0,35.0
CLI_0215,Compte Épargne,60.2,21.46,38.74
CLI_0215,Assurance Habitation,265.56,65.08,200.48
CLI_0216,Compte Courant,48.38,15.43,32.95
CLI_0216,Carte Bancaire Premium,120.0,20.0,100.0
CLI_0216,Compte Épargne,62.18,37.3,24.87
CLI_0216,Livret A,53.98,5.0,48.98
CLI_0216,Crédit Immobilier,3992.19,552.59,3439.6
CLI_0216,Assurance Habitation,265.96,88.05,177.91
CLI_0216,Assurance Auto,409.83,73.36,336.47
CLI_0217,Compte Courant,40.13,19.9,20.23
CLI_0217,Carte Bancaire Standard,45.0,10.0,35.0
CLI_0217,Compte Épargne,81.69,26.71,54.98
CLI_0217,Crédit Immobilier,2680.87,336.85,2344.02
CLI_0217,Assurance Habitation,171.16,52.32,118.84
CLI_0217,Assurance Auto,244.38,80.62,163.76
CLI_0218,Compte Courant,47.82,16.88,30.93
CLI_0218,Carte Bancaire Standard,45.0,10.0,35.0
CLI_0219,Compte Courant,56.64,23.08,33.56
CLI_0219,Carte Bancaire Standard,45.0,10.0,35.0
CLI_0219,Carte Bancaire Premium,120.0,20.0,100.0
CLI_0219,Compte Épargne,102.05,34.48,67.57
CLI_0219,Assurance Habitation,241.58,51.84,189.74
CLI_0220,Compte Courant,57.13,16.28,40.85
CLI_0220,Carte Bancaire Standard,45.0,10.0,35.0
CLI_0220,Assurance Auto,579.17,94.31,484.86
CLI_0221,Compte Courant,39.17,19.96,19.21
CLI_0221,Carte Bancaire Standard,45.0,10.0,35.0
CLI_0221,Compte Épargne,100.16,20.47,79.7
CLI_0221,Livret A,41.33,5.0,36.33
CLI_0221,Crédit Consommation,965.88,141.21,824.67
CLI_0221,Assurance Habitation,211.06,66.76,144.3
CLI_0222,Compte Courant,55.89,20.26,35.64
CLI_0222,Carte Bancaire Standard,45.0,10.0,35.0
CLI_0222,Compte Épargne,102.84,39.23,63.61
CLI_0223,Compte Courant,39.63,19.8,19.83
CLI_0223,Carte Bancaire Standard,45.0,10.0,35.0
CLI_0223,Carte Bancaire Premium,120.0,20.0,100.0
CLI_0223,Compte Épargne,131.17,35.18,95.99
CLI_0223,Assurance Vie,359.48,65.11,294.37
CLI_0224,Compte Courant,51.02,17.58,33.44
CLI_0224,Carte Bancaire Standard,45.0,10.0,35.0
CLI_0224,Carte Bancaire Premium,120.0,20.0,100.0
CLI_0224,Compte Épargne,142.27,22.58,119.68
CLI_0224,Assurance Auto,327.33,63.29,264.04
CLI_0225,Compte Courant,51.1,23.91,27.19
CLI_0225,Carte Bancaire Standard,45.0,10.0,35.0
CLI_0225,Crédit Immobilier,3725.56,581.33,3144.23
CLI_0225,Crédit Consommation,415.65,90.53,325.13
CLI_0225,Assurance Habitation,359.6,92.78,266.83
CLI_0225,Assurance Auto,532.42,107.94,424.48
CLI_0226,Compte Courant,40.87,17.17,23.69
CLI_0226,Carte Bancaire Standard,45.0,10.0,35.0
CLI_0226,Carte Bancaire Premium,120.0,20.0,100.0
CLI_0226,Compte Épargne,142.88,26.14,116.74
CLI_0226,Livret A,43.9,5.0,38.9
CLI_0226,Crédit Immobilier,3948.46,388.01,3560.45
CLI_0226,Assurance Auto,527.65,64.2,463.45
CLI_0227,Compte Courant,53.74,21.02,32.72
CLI_0227,Carte Bancaire Standard,45.0,10.0,35.0
CLI_0227,Compte Épargne,107.3,29.17,78.13
CLI_0227,Assurance Vie,366.23,96.41,269.82
CLI_0227,Assurance Habitation,262.51,79.19,183.32
CLI_0227,Assurance Auto,312.63,64.66,247.97
CLI_0228,Compte Courant,34.35,21.99,12.36
CLI_0228,Carte Bancaire Standard,45.0,10.0,35.0
CLI_0228,Compte Épargne,52.25,37.13,15.12
CLI_0228,Assurance Habitation,323.6,88.4,235.2
CLI_0229,Compte Courant,55.08,16.23,38.85
CLI_0229,Carte Bancaire Standard,45.0,10.0,35.0
CLI_0229,Compte Épargne,132.25,30.09,102.15
CLI_0230,Compte Courant,56.57,23.87,32.7
CLI_0230,Carte Bancaire Standard,45.0,10.0,35.0
CLI_0230,Compte Épargne,52.42,27.66,24.76
CLI_0230,Livret A,51.58,5.0,46.58
CLI_0230,Crédit Consommation,910.52,114.34,796.18
CLI_0231,Compte Courant,37.56,18.81,18.75
CLI_0231,Carte Bancaire Standard,45.0,10.0,35.0
CLI_0231,Compte Épargne,100.09,39.02,61.07
CLI_0231,Assurance Habitation,340.53,71.47,269.06
CLI_0231,Assurance Auto,221.75,70.11,151.64
CLI_0232,Compte Courant,43.68,23.14,20.54
CLI_0232,Carte Bancaire Standard,45.0,10.0,35.0
CLI_0232,Compte Épargne,88.07,30.77,57.3
CLI_0232,Livret A,73.51,5.0,68.51
CLI_0232,Assurance Vie,748.28,71.58,676.7
CLI_0232,Assurance Auto,217.44,78.32,139.11
CLI_0233,Compte Courant,50.87,24.51,26.36
CLI_0233,Carte Bancaire Standard,45.0,10.0,35.0
CLI_0233,Compte Épargne,57.7,20.57,37.13
CLI_0233,Livret A,73.05,5.0,68.05
CLI_0233,Assurance Habitation,337.04,99.61,237.42
CLI_0234,Compte Courant,41.9,19.16,22.74
CLI_0234,Carte Bancaire Standard,45.0,10.0,35.0
CLI_0234,Crédit Immobilier,2103.09,334.75,1768.34
CLI_0234,Crédit Consommation,820.85,123.71,697.13
CLI_0234,Assurance Habitation,170.08,94.35,75.73
CLI_0234,Assurance Auto,279.34,104.92,174.43
CLI_0235,Compte Courant,38.47,23.13,15.34
CLI_0235,Carte Bancaire Standard,45.0,10.0,35.0
CLI_0235,Compte Épargne,61.84,35.12,26.72
CLI_0235,Assurance Vie,258.87,94.69,164.18
CLI_0235,Assurance Auto,493.6,70.39,423.21
CLI_0236,Compte Courant,38.57,23.65,14.92
CLI_0236,Carte Bancaire Standard,45.0,10.0,35.0
CLI_0236,Crédit Immobilier,4597.92,313.48,4284.44
CLI_0236,Crédit Consommation,451.28,94.1,357.18
CLI_0236,Assurance Habitation,194.92,98.51,96.41
CLI_0236,Assurance Auto,420.66,88.09,332.58
CLI_0237,Compte Courant,59.53,20.57,38.96
CLI_0237,Livret A,59.67,5.0,54.67
CLI_0238,Compte Courant,39.98,18.82,21.16
CLI_0238,Carte Bancaire Standard,45.0,10.0,35.0
CLI_0238,Livret A,55.66,5.0,50.66
CLI_0238,Crédit Consommation,362.81,110.71,252.1
CLI_0238,Assurance Auto,278.72,60.95,217.77
CLI_0239,Compte Courant,46.11,20.61,25.5
CLI_0239,Carte Bancaire Standard,45.0,10.0,35.0
CLI_0239,Compte Épargne,88.39,25.37,63.02
CLI_0239,Livret A,59.12,5.0,54.12
CLI_0239,Assurance Vie,280.8,101.86,178.93
CLI_0239,Crédit Consommation,991.27,99.72,891.55
CLI_0239,Assurance Habitation,338.31,88.04,250.28
CLI_0240,Compte Courant,31.8,15.19,16.61
CLI_0240,Carte Bancaire Standard,45.0,10.0,35.0
CLI_0240,Carte Bancaire Premium,120.0,20.0,100.0
CLI_0240,Compte Épargne,147.39,23.87,123.53
CLI_0240,Livret A,69.33,5.0,64.33
CLI_0240,Crédit Immobilier,3466.48,379.34,3087.14
CLI_0240,Assurance Habitation,182.49,74.83,107.66
CLI_0240,Assurance Auto,362.94,101.93,261.01
CLI_0241,Compte Courant,57.13,23.05,34.07
CLI_0241,Carte Bancaire Standard,45.0,10.0,35.0
CLI_0241,Crédit Immobilier,2460.58,563.68,1896.9
CLI_0242,Compte Courant,55.0,24.29,30.71
CLI_0242,Carte Bancaire Standard,45.0,10.0,35.0
CLI_0242,Livret A,47.52,5.0,42.52
CLI_0242,Assurance Habitation,342.14,79.58,262.56
CLI_0243,Compte Courant,39.32,24.94,14.37
CLI_0243,Carte Bancaire Standard,45.0,10.0,35.0
CLI_0243,Livret A,22.3,5.0,17.3
CLI_0243,Assurance Habitation,190.57,94.63,95.94
CLI_0244,Compte Courant,31.82,23.87,7.95
CLI_0244,Carte Bancaire Standard,45.0,10.0,35.0
CLI_0244,Compte Épargne,121.52,20.73,100.79
CLI_0244,Livret A,45.76,5.0,40.76
CLI_0244,Crédit Consommation,979.02,149.97,829.05
CLI_0244,Assurance Habitation,383.97,93.38,290.59
CLI_0245,Compte Courant,39.98,15.85,24.13
CLI_0245,Carte Bancaire Standard,45.0,10.0,35.0
CLI_0245,Livret A,76.66,5.0,71.66
CLI_0245,Assurance Habitation,279.32,53.72,225.6
CLI_0246,Compte Courant,54.5,23.69,30.81
CLI_0246,Carte Bancaire Standard,45.0,10.0,35.0
CLI_0246,Compte Épargne,113.94,28.95,84.99
CLI_0246,Livret A,59.73,5.0,54.73
CLI_0246,Assurance Auto,482.67,113.58,369.09
CLI_0247,Compte Courant,58.68,20.14,38.53
CLI_0247,Carte Bancaire Standard,45.0,10.0,35.0
CLI_0247,Compte Épargne,129.85,39.29,90.56
CLI_0247,Livret A,29.07,5.0,24.07
CLI_0247,Assurance Vie,210.96,136.9,74.06
CLI_0247,Crédit Immobilier,2183.46,312.74,1870.71
CLI_0247,Assurance Habitation,190.02,69.21,120.82
CLI_0248,Compte Courant,36.58,18.05,18.53
CLI_0248,Carte Bancaire Standard,45.0,10.0,35.0
CLI_0248,Livret A,78.52,5.0,73.52
CLI_0249,Compte Courant,51.13,22.12,29.01
CLI_0249,Carte Bancaire Standard,45.0,10.0,35.0
CLI_0249,Compte Épargne,59.47,34.64,24.83
CLI_0249,Livret A,64.36,5.0,59.36
CLI_0250,Compte Courant,49.79,17.28,32.51
CLI_0250,Compte Épargne,92.3,36.93,55.38
CLI_0250,Assurance Vie,602.12,123.28,478.84
CLI_0250,Assurance Habitation,296.84,72.48,224.36
CLI_0250,Assurance Auto,503.62,64.08,439.55
CLI_0251,Compte Courant,50.19,24.97,25.22
CLI_0251,Carte Bancaire Standard,45.0,10.0,35.0
CLI_0251,Compte Épargne,128.02,25.81,102.21
CLI_0251,Assurance Auto,311.13,100.03,211.09
CLI_0252,Compte Courant,56.88,20.78,36.1
CLI_0252,Carte Bancaire Standard,45.0,10.0,35.0
CLI_0252,Compte Épargne,102.74,23.21,79.53
CLI_0252,Crédit Immobilier,4004.1,510.69,3493.41
CLI_0252,Crédit Consommation,1170.26,116.02,1054.23
CLI_0253,Compte Courant,52.69,19.34,33.35
CLI_0253,Carte Bancaire Premium,120.0,20.0,100.0
CLI_0253,Compte Épargne,105.85,36.33,69.52
CLI_0253,Livret A,33.32,5.0,28.32
CLI_0253,Crédit Immobilier,2700.04,531.99,2168.05
CLI_0254,Compte Courant,47.11,15.92,31.19
CLI_0254,Carte Bancaire Standard,45.0,10.0,35.0
CLI_0254,Compte Épargne,93.02,31.73,61.29
CLI_0254,Livret A,74.57,5.0,69.57
CLI_0255,Compte Courant,35.65,23.06,12.6
CLI_0255,Carte Bancaire Standard,45.0,10.0,35.0
CLI_0255,Compte Épargne,63.06,24.84,38.22
CLI_0255,Livret A,34.6,5.0,29.6
CLI_0255,Crédit Consommation,1089.73,103.88,985.85
CLI_0255,Assurance Habitation,346.74,73.09,273.65
CLI_0255,Assurance Auto,599.64,110.35,489.29
CLI_0256,Compte Courant,52.19,23.71,28.48
CLI_0256,Compte Épargne,113.4,36.87,76.53
CLI_0256,Livret A,35.67,5.0,30.67
CLI_0256,Crédit Immobilier,1841.96,484.78,1357.18
CLI_0256,Assurance Auto,373.88,85.59,288.29
CLI_0257,Compte Courant,45.8,18.61,27.19
CLI_0257,Carte Bancaire Standard,45.0,10.0,35.0
CLI_0257,Assurance Habitation,306.51,51.53,254.99
CLI_0257,Assurance Auto,587.96,115.48,472.47
CLI_0258,Compte Courant,58.06,18.65,39.41
CLI_0258,Carte Bancaire Standard,45.0,10.0,35.0
CLI_0258,Compte Épargne,103.19,39.08,64.11
CLI_0258,Assurance Vie,741.41,129.02,612.38
CLI_0258,Assurance Auto,362.93,93.86,269.07
CLI_0259,Compte Courant,53.79,17.73,36.06
CLI_0259,Carte Bancaire Standard,45.0,10.0,35.0
CLI_0259,Compte Épargne,112.64,36.56,76.09
CLI_0259,Livret A,62.45,5.0,57.45
CLI_0259,Crédit Immobilier,3178.18,475.38,2702.8
CLI_0259,Assurance Habitation,397.17,80.1,317.07
CLI_0260,Compte Courant,53.57,22.27,31.3
CLI_0260,Carte Bancaire Standard,45.0,10.0,35.0
CLI_0260,Carte Bancaire Premium,120.0,20.0,100.0
CLI_0260,Livret A,62.09,5.0,57.09
CLI_0260,Assurance Habitation,329.09,72.72,256.37
CLI_0261,Compte Courant,44.22,19.68,24.55
CLI_0261,Carte Bancaire Standard,45.0,10.0,35.0
CLI_0261,Compte Épargne,53.33,24.82,28.5
CLI_0261,Livret A,29.27,5.0,24.27
CLI_0261,Assurance Habitation,371.61,63.75,307.86
CLI_0262,Compte Courant,34.15,16.2,17.96
CLI_0262,Carte Bancaire Standard,45.0,10.0,35.0
CLI_0262,Compte Épargne,120.0,20.12,99.88
CLI_0263,Compte Courant,44.14,16.19,27.95
CLI_0263,Carte Bancaire Standard,45.0,10.0,35.0
CLI_0263,Livret A,70.98,5.0,65.98
CLI_0263,Assurance Habitation,389.61,97.94,291.67
CLI_0263,Assurance Auto,376.79,98.67,278.11
CLI_0264,Compte Courant,47.99,18.5,29.49
CLI_0264,Carte Bancaire Standard,45.0,10.0,35.0
CLI_0264,Compte Épargne,94.41,21.29,73.12
CLI_0264,Crédit Consommation,1016.13,108.9,907.23
CLI_0264,Assurance Auto,384.21,88.84,295.37
CLI_0265,Compte Courant,46.82,23.18,23.64
CLI_0265,Carte Bancaire Standard,45.0,10.0,35.0
CLI_0265,Carte Bancaire Premium,120.0,20.0,100.0
CLI_0265,Livret A,61.51,5.0,56.51
CLI_0265,Crédit Consommation,896.76,143.21,753.55
CLI_0266,Compte Courant,32.88,19.02,13.86
CLI_0266,Carte Bancaire Standard,45.0,10.0,35.0
CLI_0266,Compte Épargne,145.73,39.91,105.82
CLI_0266,Crédit Immobilier,4056.74,368.25,3688.49
CLI_0267,Compte Courant,33.06,19.15,13.91
CLI_0267,Carte Bancaire Standard,45.0,10.0,35.0
CLI_0267,Compte Épargne,135.66,34.44,101.22
CLI_0267,Assurance Vie,730.34,111.58,618.76
CLI_0267,Crédit Immobilier,1956.15,334.44,1621.71
CLI_0267,Crédit Consommation,343.2,148.05,195.15
CLI_0267,Assurance Habitation,210.72,86.72,124.0
CLI_0268,Compte Courant,50.59,18.18,32.41
CLI_0268,Carte Bancaire Standard,45.0,10.0,35.0
CLI_0268,Compte Épargne,67.68,22.05,45.63
CLI_0268,Assurance Vie,642.39,95.04,547.35
CLI_0268,Assurance Habitation,230.88,92.83,138.05
CLI_0269,Compte Courant,47.81,20.18,27.63
CLI_0269,Carte Bancaire Standard,45.0,10.0,35.0
CLI_0269,Carte Bancaire Premium,120.0,20.0,100.0
CLI_0269,Assurance Vie,646.03,131.56,514.47
CLI_0270,Compte Courant,50.58,19.4,31.18
CLI_0270,Compte Épargne,87.93,35.43,52.5
CLI_0270,Assurance Auto,407.16,102.26,304.9
CLI_0271,Compte Courant,56.71,24.16,32.55
CLI_0271,Compte Épargne,77.77,23.76,54.01
CLI_0271,Livret A,35.68,5.0,30.68
CLI_0272,Compte Courant,52.54,18.7,33.84
CLI_0272,Carte Bancaire Standard,45.0,10.0,35.0
CLI_0272,Livret A,30.4,5.0,25.4
CLI_0272,Assurance Habitation,174.6,66.37,108.23
CLI_0272,Assurance Auto,254.45,69.38,185.07
CLI_0273,Compte Courant,50.52,15.2,35.32
CLI_0273,Carte Bancaire Standard,45.0,10.0,35.0
CLI_0273,Compte Épargne,61.76,36.89,24.87
CLI_0273,Assurance Habitation,361.23,66.46,294.77
CLI_0274,Compte Courant,32.64,22.05,10.59
CLI_0274,Carte Bancaire Standard,45.0,10.0,35.0
CLI_0274,Livret A,41.61,5.0,36.61
CLI_0274,Assurance Habitation,161.37,57.89,103.47
CLI_0274,Assurance Auto,254.89,95.35,159.54
CLI_0275,Compte Courant,56.94,22.93,34.01
CLI_0275,Carte Bancaire Standard,45.0,10.0,35.0
CLI_0275,Compte Épargne,104.65,28.44,76.21
CLI_0275,Livret A,57.12,5.0,52.12
CLI_0276,Compte Courant,43.31,17.46,25.85
CLI_0276,Carte Bancaire Standard,45.0,10.0,35.0
CLI_0276,Livret A,60.75,5.0,55.75
CLI_0276,Crédit Immobilier,4556.35,411.86,4144.49
CLI_0276,Assurance Habitation,360.38,71.55,288.83
CLI_0276,Assurance Auto,360.53,61.7,298.83
CLI_0277,Compte Courant,50.86,23.08,27.78
CLI_0277,Carte Bancaire Standard,45.0,10.0,35.0
CLI_0277,Compte Épargne,116.36,23.03,93.33
CLI_0277,Livret A,26.2,5.0,21.2
CLI_0277,Assurance Habitation,293.21,70.08,223.14
CLI_0277,Assurance Auto,371.64,118.07,253.57
CLI_0278,Compte Courant,51.72,19.12,32.6
CLI_0278,Carte Bancaire Standard,45.0,10.0,35.0
CLI_0278,Compte Épargne,51.91,20.68,31.23
CLI_0278,Assurance Vie,610.88,133.77,477.11
CLI_0278,Assurance Auto,483.08,84.35,398.73
CLI_0279,Compte Courant,30.93,24.67,6.26
CLI_0279,Carte Bancaire Standard,45.0,10.0,35.0
CLI_0279,Compte Épargne,148.63,30.99,117.65
CLI_0279,Assurance Vie,242.4,104.1,138.31
CLI_0279,Assurance Habitation,373.08,84.0,289.09
CLI_0279,Assurance Auto,488.0,65.1,422.9
CLI_0280,Compte Courant,33.2,16.27,16.92
CLI_0280,Carte Bancaire Standard,45.0,10.0,35.0
CLI_0280,Compte Épargne,140.44,30.52,109.92
CLI_0280,Livret A,67.49,5.0,62.49
CLI_0280,Assurance Vie,269.17,142.76,126.41
CLI_0280,Crédit Consommation,1039.03,106.97,932.06
CLI_0280,Assurance Habitation,368.55,63.17,305.37
CLI_0280,Assurance Auto,282.14,75.85,206.28
CLI_0281,Compte Courant,57.3,24.16,33.14
CLI_0281,Carte Bancaire Standard,45.0,10.0,35.0
CLI_0281,Compte Épargne,82.9,34.11,48.79
CLI_0281,Livret A,60.54,5.0,55.54
CLI_0281,Assurance Vie,683.94,79.65,604.29
CLI_0281,Crédit Consommation,759.12,160.12,599.0
CLI_0282,Compte Courant,30.79,18.77,12.02
CLI_0282,Compte Épargne,119.59,25.05,94.54
CLI_0282,Assurance Vie,774.62,53.02,721.61
CLI_0282,Assurance Habitation,389.52,60.84,328.68
CLI_0283,Compte Courant,31.46,17.92,13.54
CLI_0283,Carte Bancaire Standard,45.0,10.0,35.0
CLI_0283,Carte Bancaire Premium,120.0,20.0,100.0
CLI_0283,Compte Épargne,128.63,35.05,93.58
CLI_0283,Livret A,32.53,5.0,27.53
CLI_0283,Assurance Vie,318.07,114.26,203.82
CLI_0283,Crédit Immobilier,3103.29,537.69,2565.6
CLI_0283,Assurance Habitation,156.03,80.52,75.51
CLI_0284,Compte Courant,51.92,24.93,26.99
CLI_0284,Carte Bancaire Standard,45.0,10.0,35.0
CLI_0284,Carte Bancaire Premium,120.0,20.0,100.0
CLI_0284,Compte Épargne,117.88,24.64,93.24
CLI_0284,Livret A,26.49,5.0,21.49
CLI_0284,Assurance Vie,584.55,102.32,482.23
CLI_0285,Compte Courant,56.97,22.27,34.71
CLI_0285,Carte Bancaire Standard,45.0,10.0,35.0
CLI_0285,Assurance Habitation,277.44,70.18,207.26
CLI_0286,Compte Courant,42.13,17.26,24.87
CLI_0286,Livret A,21.04,5.0,16.04
CLI_0287,Compte Courant,47.25,17.12,30.12
CLI_0287,Carte Bancaire Standard,45.0,10.0,35.0
CLI_0287,Compte Épargne,70.83,22.51,48.33
CLI_0287,Crédit Immobilier,2163.58,309.54,1854.05
CLI_0287,Crédit Consommation,906.81,128.17,778.64
CLI_0287,Assurance Auto,424.61,98.22,326.39
CLI_0288,Compte Courant,59.17,15.68,43.49
CLI_0288,Carte Bancaire Standard,45.0,10.0,35.0
CLI_0288,Compte Épargne,91.79,24.92,66.87
CLI_0288,Livret A,48.6,5.0,43.6
CLI_0289,Compte Courant,57.61,22.24,35.37
CLI_0289,Carte Bancaire Standard,45.0,10.0,35.0
CLI_0289,Carte Bancaire Premium,120.0,20.0,100.0
CLI_0289,Assurance Vie,597.17,94.12,503.05
CLI_0289,Assurance Habitation,317.78,51.62,266.16
CLI_0289,Assurance Auto,434.5,93.23,341.27
CLI_0290,Compte Courant,40.4,17.02,23.38
CLI_0290,Carte Bancaire Standard,45.0,10.0,35.0
CLI_0290,Compte Épargne,130.76,21.08,109.68
CLI_0290,Crédit Immobilier,1743.86,432.16,1311.7
CLI_0290,Assurance Habitation,213.14,87.27,125.87
CLI_0290,Assurance Auto,453.68,106.35,347.32
CLI_0291,Compte Courant,39.74,22.41,17.34
CLI_0291,Carte Bancaire Standard,45.0,10.0,35.0
CLI_0291,Compte Épargne,136.23,26.91,109.32
CLI_0291,Livret A,40.39,5.0,35.39
CLI_0291,Assurance Vie,739.97,54.98,684.99
CLI_0291,Assurance Auto,340.08,67.12,272.96
CLI_0292,Compte Courant,30.87,16.13,14.74
CLI_0292,Carte Bancaire Standard,45.0,10.0,35.0
CLI_0292,Carte Bancaire Premium,120.0,20.0,100.0
CLI_0292,Compte Épargne,93.12,33.74,59.39
CLI_0292,Livret A,37.36,5.0,32.36
CLI_0292,Assurance Vie,709.81,93.76,616.04
CLI_0292,Assurance Auto,587.29,117.25,470.04
CLI_0293,Compte Courant,53.2,24.32,28.87
CLI_0293,Carte Bancaire Premium,120.0,20.0,100.0
CLI_0293,Compte Épargne,120.71,37.91,82.8
CLI_0293,Assurance Vie,341.88,84.54,257.34
CLI_0293,Assurance Auto,501.17,85.47,415.7
CLI_0294,Compte Courant,55.12,23.78,31.34
CLI_0294,Compte Épargne,79.97,36.47,43.5
CLI_0294,Livret A,29.26,5.0,24.26
CLI_0294,Assurance Vie,400.52,101.8,298.72
CLI_0294,Crédit Consommation,503.8,149.51,354.29
CLI_0294,Assurance Auto,431.48,72.41,359.06
CLI_0295,Compte Courant,53.87,21.32,32.55
CLI_0295,Carte Bancaire Standard,45.0,10.0,35.0
CLI_0295,Livret A,39.07,5.0,34.07
CLI_0295,Assurance Habitation,208.05,93.94,114.11
CLI_0296,Compte Courant,55.07,17.3,37.77
CLI_0296,Carte Bancaire Standard,45.0,10.0,35.0
CLI_0296,Compte Épargne,53.56,36.09,17.47
CLI_0296,Crédit Immobilier,3654.28,330.26,3324.02
CLI_0296,Assurance Auto,434.94,87.13,347.81
CLI_0297,Compte Courant,53.24,17.09,36.15
CLI_0297,Carte Bancaire Standard,45.0,10.0,35.0
CLI_0297,Carte Bancaire Premium,120.0,20.0,100.0
CLI_0297,Compte Épargne,95.32,23.12,72.19
CLI_0297,Assurance Auto,583.01,106.72,476.29
CLI_0298,Compte Courant,52.1,21.9,30.2
CLI_0298,Assurance Vie,454.0,142.33,311.67
CLI_0298,Crédit Consommation,365.63,176.39,189.23
CLI_0298,Assurance Habitation,203.81,66.2,137.61
CLI_0298,Assurance Auto,407.77,106.96,300.81
CLI_0299,Compte Courant,55.16,20.84,34.32
CLI_0299,Carte Bancaire Standard,45.0,10.0,35.0
CLI_0299,Compte Épargne,90.3,38.93,51.37
CLI_0299,Livret A,34.79,5.0,29.79
CLI_0299,Assurance Habitation,350.77,80.6,270.17
CLI_0300,Compte Courant,41.31,15.01,26.29
CLI_0300,Carte Bancaire Standard,45.0,10.0,35.0
CLI_0300,Carte Bancaire Premium,120.0,20.0,100.0
CLI_0300,Compte Épargne,94.66,25.53,69.13
CLI_0300,Livret A,26.26,5.0,21.26
CLI_0300,Assurance Vie,245.1,84.76,160.34
CLI_0300,Crédit Immobilier,3651.65,551.26,3100.4
CLI_0300,Assurance Habitation,195.89,71.23,124.66
CLI_0301,Compte Courant,41.76,20.13,21.62
CLI_0301,Carte Bancaire Standard,45.0,10.0,35.0
CLI_0301,Livret A,68.58,5.0,63.58
CLI_0301,Assurance Vie,532.19,134.67,397.52
CLI_0301,Assurance Habitation,279.64,80.19,199.45
CLI_0301,Assurance Auto,374.95,109.39,265.57
CLI_0302,Compte Courant,57.71,21.39,36.32
CLI_0302,Carte Bancaire Standard,45.0,10.0,35.0
CLI_0302,Compte Épargne,132.08,21.18,110.9
CLI_0302,Assurance Auto,562.44,71.34,491.11
CLI_0303,Compte Courant,37.7,15.53,22.16
CLI_0303,Carte Bancaire Standard,45.0,10.0,35.0
CLI_0303,Compte Épargne,146.54,37.04,109.5
CLI_0303,Livret A,74.79,5.0,69.79
CLI_0303,Assurance Vie,708.33,97.95,610.38
CLI_0303,Crédit Immobilier,4734.29,590.84,4143.44
CLI_0303,Assurance Habitation,275.64,58.78,216.86
CLI_0303,Assurance Auto,463.45,118.53,344.92
CLI_0304,Compte Courant,56.16,23.62,32.55
CLI_0304,Carte Bancaire Standard,45.0,10.0,35.0
CLI_0304,Carte Bancaire Premium,120.0,20.0,100.0
CLI_0304,Assurance Vie,760.29,139.4,620.9
CLI_0304,Assurance Auto,510.51,103.1,407.42
CLI_0305,Compte Courant,37.94,21.21,16.73
CLI_0305,Carte Bancaire Standard,45.0,10.0,35.0
CLI_0305,Livret A,51.29,5.0,46.29
CLI_0305,Crédit Consommation,1075.75,139.01,936.74
CLI_0305,Assurance Habitation,181.94,50.25,131.69
CLI_0305,Assurance Auto,471.15,92.99,378.15
CLI_0306,Compte Courant,39.93,16.69,23.24
CLI_0306,Carte Bancaire Standard,45.0,10.0,35.0
CLI_0306,Compte Épargne,96.67,22.01,74.67
CLI_0306,Livret A,40.17,5.0,35.17
CLI_0307,Compte Courant,41.38,19.66,21.72
CLI_0307,Carte Bancaire Standard,45.0,10.0,35.0
CLI_0307,Assurance Vie,479.97,75.7,404.27
CLI_0307,Assurance Auto,540.08,81.33,458.75
CLI_0308,Compte Courant,36.89,16.76,20.13
CLI_0308,Carte Bancaire Standard,45.0,10.0,35.0
CLI_0308,Compte Épargne,82.26,21.35,60.91
CLI_0308,Assurance Auto,213.16,96.31,116.85
CLI_0309,Compte Courant,48.57,20.3,28.28
CLI_0309,Carte Bancaire Standard,45.0,10.0,35.0
CLI_0309,Compte Épargne,126.23,20.78,105.45
CLI_0309,Livret A,76.16,5.0,71.16
CLI_0309,Crédit Immobilier,1832.73,502.21,1330.52
CLI_0309,Assurance Habitation,183.35,94.0,89.35
CLI_0310,Compte Courant,45.32,15.82,29.5
CLI_0310,Carte Bancaire Standard,45.0,10.0,35.0
CLI_0310,Compte Épargne,111.67,20.18,91.49
CLI_0310,Assurance Auto,510.41,99.04,411.37
CLI_0311,Compte Courant,36.38,18.75,17.63
CLI_0311,Carte Bancaire Standard,45.0,10.0,35.0
CLI_0311,Carte Bancaire Premium,120.0,20.0,100.0
CLI_0311,Livret A,20.47,5.0,15.47
CLI_0311,Crédit Immobilier,3927.89,396.8,3531.09
CLI_0312,Compte Courant,47.15,24.57,22.58
CLI_0312,Carte Bancaire Standard,45.0,10.0,35.0
CLI_0312,Compte Épargne,79.95,39.8,40.14
CLI_0312,Livret A,57.96,5.0,52.96
CLI_0312,Assurance Vie,345.25,93.68,251.58
CLI_0313,Compte Courant,52.21,19.46,32.75
CLI_0313,Carte Bancaire Standard,45.0,10.0,35.0
CLI_0313,Assurance Vie,241.1,66.86,174.24
CLI_0313,Assurance Habitation,347.82,82.42,265.41
CLI_0314,Compte Courant,47.09,16.68,30.42
CLI_0314,Compte Épargne,133.78,39.21,94.56
CLI_0314,Assurance Vie,224.53,57.8,166.73
CLI_0314,Assurance Habitation,371.18,90.78,280.4
CLI_0315,Compte Courant,48.54,24.45,24.09
CLI_0315,Carte Bancaire Premium,120.0,20.0,100.0
CLI_0315,Compte Épargne,114.64,24.32,90.32
CLI_0315,Livret A,63.72,5.0,58.72
CLI_0315,Assurance Auto,458.28,119.14,339.14
CLI_0316,Compte Courant,36.42,20.98,15.44
CLI_0316,Carte Bancaire Standard,45.0,10.0,35.0
CLI_0316,Compte Épargne,128.02,26.78,101.24
CLI_0316,Assurance Vie,427.81,138.79,289.02
CLI_0316,Assurance Auto,361.68,97.48,264.19
CLI_0317,Compte Courant,56.68,17.1,39.58
CLI_0317,Carte Bancaire Premium,120.0,20.0,100.0
CLI_0317,Compte Épargne,148.19,34.04,114.15
CLI_0317,Crédit Immobilier,3236.43,429.28,2807.15
CLI_0317,Crédit Consommation,1158.93,104.69,1054.24
CLI_0317,Assurance Habitation,227.92,65.39,162.53
CLI_0317,Assurance Auto,315.6,88.11,227.49
CLI_0318,Compte Courant,59.68,23.89,35.79
CLI_0318,Carte Bancaire Standard,45.0,10.0,35.0
CLI_0318,Compte Épargne,82.79,28.46,54.34
CLI_0318,Livret A,60.17,5.0,55.17
CLI_0318,Crédit Consommation,315.44,178.42,137.02
CLI_0319,Compte Courant,56.39,23.57,32.82
CLI_0319,Carte Bancaire Standard,45.0,10.0,35.0
CLI_0319,Compte Épargne,87.51,29.24,58.27
CLI_0319,Assurance Vie,207.43,89.94,117.49
CLI_0319,Crédit Immobilier,3111.49,572.09,2539.4
CLI_0320,Compte Courant,56.82,24.66,32.16
CLI_0320,Carte Bancaire Standard,45.0,10.0,35.0
CLI_0320,Carte Bancaire Premium,120.0,20.0,100.0
CLI_0320,Compte Épargne,138.51,20.16,118.35
CLI_0321,Compte Courant,49.24,15.68,33.56
CLI_0321,Assurance Habitation,218.15,78.92,139.23
CLI_0322,Compte Courant,51.02,21.55,29.47
CLI_0322,Carte Bancaire Standard,45.0,10.0,35.0
CLI_0322,Compte Épargne,54.91,22.07,32.83
CLI_0322,Livret A,27.72,5.0,22.72
CLI_0323,Compte Courant,32.74,16.78,15.96
CLI_0323,Carte Bancaire Standard,45.0,10.0,35.0
CLI_0323,Compte Épargne,118.85,36.62,82.23
CLI_0323,Assurance Habitation,252.2,84.64,167.56
CLI_0324,Compte Courant,36.0,24.73,11.27
CLI_0324,Carte Bancaire Standard,45.0,10.0,35.0
CLI_0324,Compte Épargne,85.0,36.92,48.08
CLI_0324,Livret A,76.72,5.0,71.72
CLI_0324,Assurance Auto,545.89,64.02,481.86
CLI_0325,Compte Courant,49.51,16.2,33.31
CLI_0325,Carte Bancaire Standard,45.0,10.0,35.0
CLI_0326,Compte Courant,30.17,15.52,14.65
CLI_0326,Carte Bancaire Standard,45.0,10.0,35.0
CLI_0326,Carte Bancaire Premium,120.0,20.0,100.0
CLI_0326,Compte Épargne,141.61,38.17,103.45
CLI_0326,Livret A,33.55,5.0,28.55
CLI_0326,Crédit Immobilier,3414.71,586.51,2828.21
CLI_0327,Compte Courant,44.9,18.94,25.97
CLI_0327,Carte Bancaire Standard,45.0,10.0,35.0
CLI_0327,Compte Épargne,98.32,35.8,62.52
CLI_0327,Assurance Vie,486.37,128.33,358.04
CLI_0327,Crédit Immobilier,3010.94,375.6,2635.34
CLI_0327,Crédit Consommation,593.83,89.34,504.49
CLI_0328,Compte Courant,44.92,16.48,28.44
CLI_0328,Carte Bancaire Standard,45.0,10.0,35.0
CLI_0329,Compte Courant,54.35,19.21,35.14
CLI_0329,Carte Bancaire Standard,45.0,10.0,35.0
CLI_0329,Crédit Consommation,988.5,194.54,793.97
CLI_0330,Compte Courant,55.48,24.51,30.97
CLI_0330,Carte Bancaire Standard,45.0,10.0,35.0
CLI_0330,Compte Épargne,106.79,23.31,83.49
CLI_0330,Livret A,76.12,5.0,71.12
CLI_0331,Compte Courant,56.06,23.64,32.41
CLI_0331,Carte Bancaire Standard,45.0,10.0,35.0
CLI_0331,Carte Bancaire Premium,120.0,20.0,100.0
CLI_0331,Compte Épargne,119.33,32.5,86.83
CLI_0331,Assurance Auto,205.89,104.88,101.01
CLI_0332,Compte Courant,32.75,17.6,15.15
CLI_0332,Carte Bancaire Standard,45.0,10.0,35.0
CLI_0332,Carte Bancaire Premium,120.0,20.0,100.0
CLI_0332,Compte Épargne,105.15,29.03,76.11
CLI_0332,Assurance Vie,209.46,132.4,77.07
CLI_0332,Assurance Auto,551.52,100.91,450.61
CLI_0333,Compte Courant,46.23,24.61,21.62
CLI_0333,Carte Bancaire Standard,45.0,10.0,35.0
CLI_0333,Crédit Consommation,407.96,168.55,239.41
CLI_0333,Assurance Auto,251.34,82.91,168.43
CLI_0334,Compte Courant,47.56,22.37,25.19
CLI_0334,Carte Bancaire Standard,45.0,10.0,35.0
CLI_0334,Compte Épargne,50.37,25.21,25.16
CLI_0334,Livret A,52.29,5.0,47.29
CLI_0334,Assurance Habitation,283.22,81.88,201.34
CLI_0335,Compte Courant,39.12,20.41,18.71
CLI_0335,Carte Bancaire Standard,45.0,10.0,35.0
CLI_0335,Compte Épargne,68.98,23.74,45.24
CLI_0335,Livret A,54.59,5.0,49.59
CLI_0335,Assurance Auto,474.19,67.22,406.97
CLI_0336,Compte Courant,33.68,20.65,13.03
CLI_0336,Carte Bancaire Standard,45.0,10.0,35.0
CLI_0336,Carte Bancaire Premium,120.0,20.0,100.0
CLI_0336,Assurance Auto,308.04,83.54,224.49
CLI_0337,Compte Courant,42.02,16.79,25.24
CLI_0337,Compte Épargne,50.13,37.06,13.07
CLI_0337,Livret A,62.9,5.0,57.9
CLI_0337,Crédit Immobilier,3916.88,463.95,3452.93
CLI_0337,Assurance Auto,480.39,116.14,364.25
CLI_0338,Compte Courant,49.97,17.65,32.32
CLI_0338,Carte Bancaire Standard,45.0,10.0,35.0
CLI_0338,Assurance Vie,542.34,94.23,448.1
CLI_0339,Compte Courant,46.69,20.18,26.52
CLI_0339,Carte Bancaire Standard,45.0,10.0,35.0
CLI_0339,Carte Bancaire Premium,120.0,20.0,100.0
CLI_0339,Assurance Vie,715.27,115.18,600.09
CLI_0339,Crédit Immobilier,2160.65,318.91,1841.75
CLI_0339,Assurance Auto,369.75,60.94,308.81
CLI_0340,Compte Courant,39.55,18.68,20.87
CLI_0340,Carte Bancaire Standard,45.0,10.0,35.0
CLI_0340,Carte Bancaire Premium,120.0,20.0,100.0
CLI_0340,Compte Épargne,87.56,39.59,47.97
CLI_0340,Livret A,38.23,5.0,33.23
CLI_0340,Assurance Vie,359.14,62.94,296.2
CLI_0340,Crédit Consommation,759.91,98.44,661.47
CLI_0340,Assurance Auto,446.52,69.31,377.21
CLI_0341,Compte Courant,47.3,23.26,24.04
CLI_0341,Carte Bancaire Standard,45.0,10.0,35.0
CLI_0341,Assurance Auto,217.01,85.18,131.83
CLI_0342,Compte Courant,43.83,22.91,20.92
CLI_0342,Carte Bancaire Standard,45.0,10.0,35.0
CLI_0342,Compte Épargne,96.79,31.35,65.44
CLI_0342,Crédit Consommation,1012.08,147.17,864.91
CLI_0343,Compte Courant,40.75,15.86,24.89
CLI_0343,Carte Bancaire Standard,45.0,10.0,35.0
CLI_0343,Livret A,63.79,5.0,58.79
CLI_0343,Assurance Vie,722.68,147.01,575.68
CLI_0344,Compte Courant,57.8,22.97,34.82
CLI_0344,Carte Bancaire Standard,45.0,10.0,35.0
CLI_0344,Livret A,58.61,5.0,53.61
CLI_0344,Assurance Vie,668.88,93.21,575.67
CLI_0344,Assurance Habitation,298.69,67.43,231.26
CLI_0344,Assurance Auto,330.68,105.4,225.28
CLI_0345,Compte Courant,43.62,17.12,26.5
CLI_0345,Carte Bancaire Standard,45.0,10.0,35.0
CLI_0345,Compte Épargne,70.19,37.18,33.01
CLI_0345,Livret A,60.67,5.0,55.67
CLI_0345,Crédit Immobilier,3411.16,420.28,2990.88
CLI_0345,Assurance Habitation,257.7,52.87,204.83
CLI_0345,Assurance Auto,381.96,107.73,274.24
CLI_0346,Compte Courant,41.64,18.84,22.8
CLI_0346,Compte Épargne,51.57,29.16,22.41
CLI_0346,Livret A,21.52,5.0,16.52
CLI_0346,Assurance Habitation,292.59,75.34,217.25
CLI_0347,Compte Courant,55.2,20.82,34.38
CLI_0347,Carte Bancaire Standard,45.0,10.0,35.0
CLI_0347,Livret A,39.41,5.0,34.41
CLI_0347,Assurance Auto,406.49,101.98,304.51
CLI_0348,Compte Courant,32.82,21.21,11.61
CLI_0348,Carte Bancaire Standard,45.0,10.0,35.0
CLI_0348,Compte Épargne,141.66,25.98,115.68
CLI_0348,Assurance Habitation,306.66,91.07,215.59
CLI_0348,Assurance Auto,404.72,103.08,301.64
CLI_0349,Compte Courant,39.33,18.06,21.27
CLI_0349,Compte Épargne,116.76,34.11,82.65
CLI_0349,Assurance Habitation,384.25,61.24,323.01
CLI_0349,Assurance Auto,387.29,75.03,312.26
CLI_0350,Compte Courant,32.4,19.03,13.37
CLI_0350,Carte Bancaire Standard,45.0,10.0,35.0
CLI_0350,Carte Bancaire Premium,120.0,20.0,100.0
CLI_0350,Compte Épargne,87.41,25.41,62.0
CLI_0350,Assurance Habitation,224.25,68.02,156.23
CLI_0350,Assurance Auto,595.54,106.98,488.56
CLI_0351,Compte Courant,32.14,23.72,8.42
CLI_0351,Carte Bancaire Standard,45.0,10.0,35.0
CLI_0351,Compte Épargne,113.33,37.81,75.52
CLI_0352,Compte Courant,40.25,19.65,20.61
CLI_0352,Carte Bancaire Standard,45.0,10.0,35.0
CLI_0352,Carte Bancaire Premium,120.0,20.0,100.0
CLI_0352,Compte Épargne,139.62,25.45,114.17
CLI_0352,Livret A,74.93,5.0,69.93
CLI_0352,Assurance Vie,697.1,148.06,549.04
CLI_0352,Assurance Habitation,231.06,61.79,169.28
CLI_0352,Assurance Auto,332.35,117.28,215.07
CLI_0353,Compte Courant,39.99,20.65,19.34
CLI_0353,Crédit Consommation,663.31,127.55,535.76
CLI_0354,Compte Courant,35.8,20.37,15.43
CLI_0354,Carte Bancaire Standard,45.0,10.0,35.0
CLI_0354,Compte Épargne,134.94,20.99,113.95
CLI_0354,Livret A,73.35,5.0,68.35
CLI_0354,Assurance Vie,599.28,111.67,487.61
CLI_0354,Assurance Auto,450.36,77.78,372.58
CLI_0355,Compte Courant,42.45,22.99,19.46
CLI_0355,Carte Bancaire Standard,45.0,10.0,35.0
CLI_0355,Compte Épargne,80.64,29.4,51.24
CLI_0355,Livret A,21.18,5.0,16.18
CLI_0355,Assurance Vie,640.14,91.77,548.36
CLI_0355,Assurance Habitation,281.34,55.73,225.61
CLI_0356,Compte Courant,59.75,18.02,41.73
CLI_0356,Carte Bancaire Standard,45.0,10.0,35.0
CLI_0356,Compte Épargne,113.5,31.62,81.87
CLI_0356,Livret A,67.11,5.0,62.11
CLI_0357,Compte Courant,38.82,22.56,16.26
CLI_0357,Carte Bancaire Standard,45.0,10.0,35.0
CLI_0357,Compte Épargne,88.25,28.22,60.03
CLI_0357,Livret A,60.36,5.0,55.36
CLI_0357,Assurance Vie,670.57,116.69,553.88
CLI_0357,Crédit Consommation,1109.89,114.22,995.67
CLI_0358,Compte Courant,57.02,16.31,40.71
CLI_0358,Carte Bancaire Standard,45.0,10.0,35.0
CLI_0358,Compte Épargne,115.95,30.95,85.0
CLI_0358,Crédit Immobilier,3231.23,393.27,2837.95
CLI_0359,Compte Courant,45.11,16.62,28.49
CLI_0359,Carte Bancaire Standard,45.0,10.0,35.0
CLI_0359,Livret A,42.16,5.0,37.16
CLI_0359,Assurance Auto,239.47,94.31,145.16
CLI_0360,Compte Courant,32.87,16.6,16.27
CLI_0360,Carte Bancaire Standard,45.0,10.0,35.0
CLI_0360,Crédit Immobilier,1799.13,414.39,1384.74
CLI_0360,Assurance Habitation,360.49,95.34,265.14
CLI_0360,Assurance Auto,228.76,98.07,130.68
CLI_0361,Compte Courant,50.53,20.34,30.19
CLI_0361,Carte Bancaire Standard,45.0,10.0,35.0
CLI_0361,Compte Épargne,116.7,24.67,92.02
CLI_0362,Compte Courant,44.69,18.91,25.78
CLI_0362,Carte Bancaire Standard,45.0,10.0,35.0
CLI_0362,Compte Épargne,58.97,32.51,26.46
CLI_0362,Livret A,49.71,5.0,44.71
CLI_0363,Compte Courant,38.26,19.74,18.52
CLI_0363,Carte Bancaire Standard,45.0,10.0,35.0
CLI_0363,Carte Bancaire Premium,120.0,20.0,100.0
CLI_0363,Livret A,66.52,5.0,61.52
CLI_0363,Crédit Immobilier,4305.8,494.86,3810.94
CLI_0363,Assurance Auto,387.1,94.54,292.55
CLI_0364,Compte Courant,41.55,16.27,25.28
CLI_0364,Assurance Auto,354.25,91.82,262.43
CLI_0365,Compte Courant,47.97,24.36,23.61
CLI_0365,Carte Bancaire Standard,45.0,10.0,35.0
CLI_0365,Assurance Vie,666.4,65.2,601.2
CLI_0365,Crédit Immobilier,2109.64,330.15,1779.49
CLI_0365,Assurance Auto,495.27,102.37,392.91
CLI_0366,Compte Courant,59.59,20.22,39.37
CLI_0366,Carte Bancaire Standard,45.0,10.0,35.0
CLI_0366,Carte Bancaire Premium,120.0,20.0,100.0
CLI_0366,Assurance Vie,695.85,107.64,588.2
CLI_0366,Assurance Habitation,368.52,86.05,282.47
CLI_0367,Compte Courant,49.29,20.65,28.64
CLI_0367,Compte Épargne,122.3,28.39,93.9
CLI_0367,Livret A,25.79,5.0,20.79
CLI_0367,Assurance Habitation,160.0,73.95,86.05
CLI_0368,Compte Courant,47.98,15.79,32.19
CLI_0368,Carte Bancaire Standard,45.0,10.0,35.0
CLI_0368,Livret A,37.21,5.0,32.21
CLI_0368,Assurance Vie,393.22,106.28,286.94
CLI_0368,Crédit Consommation,550.63,91.48,459.16
CLI_0368,Assurance Habitation,191.21,58.7,132.52
CLI_0368,Assurance Auto,537.08,77.06,460.02
CLI_0369,Compte Courant,51.44,20.68,30.76
CLI_0369,Carte Bancaire Standard,45.0,10.0,35.0
CLI_0369,Compte Épargne,147.7,25.46,122.25
CLI_0369,Livret A,29.5,5.0,24.5
CLI_0369,Crédit Consommation,346.83,108.92,237.92
CLI_0369,Assurance Auto,473.63,65.12,408.51
CLI_0370,Compte Courant,37.34,23.55,13.79
CLI_0370,Carte Bancaire Standard,45.0,10.0,35.0
CLI_0370,Livret A,54.98,5.0,49.98
CLI_0370,Crédit Consommation,362.57,85.72,276.85
CLI_0370,Assurance Habitation,165.28,97.09,68.19
CLI_0370,Assurance Auto,539.95,110.7,429.25
CLI_0371,Compte Courant,57.73,20.05,37.67
CLI_0371,Carte Bancaire Standard,45.0,10.0,35.0
CLI_0371,Livret A,34.84,5.0,29.84
CLI_0371,Assurance Habitation,250.34,85.94,164.39
CLI_0372,Compte Courant,56.28,19.35,36.93
CLI_0372,Carte Bancaire Premium,120.0,20.0,100.0
CLI_0372,Compte Épargne,103.54,38.64,64.9
CLI_0372,Livret A,26.45,5.0,21.45
CLI_0372,Assurance Vie,717.38,65.93,651.45
CLI_0372,Assurance Auto,393.54,73.11,320.44
CLI_0373,Compte Courant,48.09,20.59,27.5
CLI_0373,Carte Bancaire Standard,45.0,10.0,35.0
CLI_0373,Compte Épargne,88.0,37.27,50.73
CLI_0373,Livret A,59.59,5.0,54.59
CLI_0373,Crédit Immobilier,4024.22,345.2,3679.02
CLI_0373,Assurance Habitation,370.79,58.35,312.44
CLI_0374,Compte Courant,36.68,16.28,20.4
CLI_0374,Compte Épargne,94.04,37.75,56.28
CLI_0374,Assurance Vie,351.47,87.38,264.09
CLI_0374,Assurance Auto,538.43,97.07,441.36
CLI_0375,Compte Courant,52.55,17.14,35.41
CLI_0375,Carte Bancaire Standard,45.0,10.0,35.0
CLI_0375,Livret A,62.99,5.0,57.99
CLI_0375,Assurance Habitation,206.9,99.37,107.54
CLI_0375,Assurance Auto,423.95,101.74,322.22
CLI_0376,Compte Courant,33.55,17.51,16.05
CLI_0376,Carte Bancaire Standard,45.0,10.0,35.0
CLI_0376,Compte Épargne,63.97,27.8,36.17
CLI_0376,Livret A,37.05,5.0,32.05
CLI_0376,Assurance Vie,639.75,60.87,578.88
CLI_0377,Compte Courant,52.56,15.46,37.1
CLI_0377,Carte Bancaire Standard,45.0,10.0,35.0
CLI_0377,Compte Épargne,70.2,35.84,34.36
CLI_0377,Crédit Immobilier,4099.72,442.9,3656.82
CLI_0377,Crédit Consommation,344.98,153.19,191.8
CLI_0377,Assurance Auto,362.69,78.99,283.7
CLI_0378,Compte Courant,49.21,19.37,29.85
CLI_0378,Carte Bancaire Standard,45.0,10.0,35.0
CLI_0378,Compte Épargne,59.24,38.32,20.92
CLI_0378,Livret A,66.71,5.0,61.71
CLI_0378,Assurance Vie,233.83,102.51,131.32
CLI_0378,Assurance Auto,233.35,110.24,123.11
CLI_0379,Compte Courant,48.39,16.72,31.67
CLI_0379,Carte Bancaire Standard,45.0,10.0,35.0
CLI_0379,Livret A,21.24,5.0,16.24
CLI_0379,Crédit Consommation,328.42,140.88,187.54
CLI_0380,Compte Courant,52.03,16.21,35.82
CLI_0380,Carte Bancaire Standard,45.0,10.0,35.0
CLI_0380,Carte Bancaire Premium,120.0,20.0,100.0
CLI_0380,Livret A,33.28,5.0,28.28
CLI_0380,Crédit Immobilier,2645.41,365.42,2279.99
CLI_0381,Compte Courant,41.74,20.6,21.14
CLI_0381,Carte Bancaire Standard,45.0,10.0,35.0
CLI_0381,Compte Épargne,118.49,39.28,79.22
CLI_0381,Livret A,75.85,5.0,70.85
CLI_0381,Crédit Immobilier,3495.44,520.25,2975.2
CLI_0381,Assurance Habitation,387.72,54.17,333.54
CLI_0382,Compte Courant,30.17,15.3,14.87
CLI_0382,Carte Bancaire Standard,45.0,10.0,35.0
CLI_0382,Livret A,53.8,5.0,48.8
CLI_0383,Compte Courant,52.89,18.67,34.21
CLI_0383,Carte Bancaire Standard,45.0,10.0,35.0
CLI_0383,Livret A,52.71,5.0,47.71
CLI_0383,Assurance Habitation,279.09,54.74,224.35
CLI_0384,Compte Courant,39.65,15.19,24.45
CLI_0384,Crédit Immobilier,1887.47,543.56,1343.91
CLI_0384,Assurance Auto,531.77,108.12,423.65
CLI_0385,Compte Courant,51.8,22.93,28.87
CLI_0385,Carte Bancaire Standard,45.0,10.0,35.0
CLI_0385,Compte Épargne,117.1,33.4,83.7
CLI_0385,Assurance Habitation,316.84,75.7,241.14
CLI_0386,Compte Courant,40.9,22.3,18.6
CLI_0386,Crédit Immobilier,2545.26,462.87,2082.39
CLI_0386,Crédit Consommation,690.02,113.19,576.83
CLI_0386,Assurance Habitation,393.67,62.94,330.73
CLI_0386,Assurance Auto,323.72,69.7,254.02
CLI_0387,Compte Courant,54.69,20.87,33.82
CLI_0387,Assurance Habitation,303.26,91.03,212.23
CLI_0388,Compte Courant,40.29,16.94,23.35
CLI_0388,Carte Bancaire Standard,45.0,10.0,35.0
CLI_0388,Compte Épargne,69.84,34.65,35.19
CLI_0388,Livret A,56.85,5.0,51.85
CLI_0388,Crédit Immobilier,2222.19,343.52,1878.67
CLI_0389,Compte Courant,33.62,21.28,12.34
CLI_0389,Carte Bancaire Premium,120.0,20.0,100.0
CLI_0389,Compte Épargne,50.01,20.37,29.65
CLI_0389,Livret A,43.37,5.0,38.37
CLI_0389,Crédit Consommation,922.21,163.4,758.81
CLI_0390,Compte Courant,42.9,21.91,20.99
CLI_0390,Carte Bancaire Standard,45.0,10.0,35.0
CLI_0390,Compte Épargne,102.11,39.54,62.57
CLI_0390,Crédit Consommation,446.21,152.08,294.13
CLI_0390,Assurance Habitation,272.81,59.72,213.09
CLI_0391,Compte Courant,52.5,17.76,34.74
CLI_0391,Carte Bancaire Standard,45.0,10.0,35.0
CLI_0391,Livret A,42.9,5.0,37.9
CLI_0391,Assurance Auto,349.93,74.65,275.28
CLI_0392,Compte Courant,42.92,19.73,23.19
CLI_0392,Carte Bancaire Standard,45.0,10.0,35.0
CLI_0392,Carte Bancaire Premium,120.0,20.0,100.0
CLI_0392,Compte Épargne,124.42,35.3,89.12
CLI_0392,Livret A,29.51,5.0,24.51
CLI_0392,Crédit Consommation,833.5,187.54,645.95
CLI_0392,Assurance Auto,243.51,88.37,155.14
CLI_0393,Compte Courant,52.51,21.11,31.4
CLI_0393,Carte Bancaire Standard,45.0,10.0,35.0
CLI_0393,Livret A,26.04,5.0,21.04
CLI_0393,Assurance Vie,437.96,100.72,337.24
CLI_0393,Crédit Immobilier,4985.46,353.58,4631.88
CLI_0393,Crédit Consommation,1184.18,125.14,1059.04
CLI_0394,Compte Courant,36.01,19.14,16.87
CLI_0394,Carte Bancaire Standard,45.0,10.0,35.0
CLI_0394,Carte Bancaire Premium,120.0,20.0,100.0
CLI_0394,Assurance Auto,445.6,72.81,372.79
CLI_0395,Compte Courant,38.74,23.55,15.2
CLI_0395,Carte Bancaire Standard,45.0,10.0,35.0
CLI_0395,Compte Épargne,149.9,26.36,123.54
CLI_0395,Assurance Vie,289.31,129.32,160.0
CLI_0395,Crédit Consommation,840.41,92.05,748.36
CLI_0395,Assurance Habitation,386.69,53.9,332.79
CLI_0396,Compte Courant,48.76,19.24,29.52
CLI_0396,Carte Bancaire Standard,45.0,10.0,35.0
CLI_0396,Compte Épargne,105.66,24.26,81.4
CLI_0396,Livret A,61.29,5.0,56.29
CLI_0396,Assurance Vie,775.83,95.84,679.99
CLI_0396,Assurance Habitation,280.74,61.99,218.75
CLI_0397,Compte Courant,56.76,24.71,32.04
CLI_0397,Carte Bancaire Standard,45.0,10.0,35.0
CLI_0397,Assurance Vie,671.78,104.28,567.5
CLI_0397,Crédit Consommation,1161.12,98.46,1062.66
CLI_0397,Assurance Habitation,269.62,76.88,192.74
CLI_0397,Assurance Auto,396.77,108.15,288.62
CLI_0398,Compte Courant,50.11,16.27,33.85
CLI_0398,Carte Bancaire Standard,45.0,10.0,35.0
CLI_0398,Assurance Vie,407.87,83.91,323.96
CLI_0398,Assurance Auto,426.25,77.49,348.77
CLI_0399,Compte Courant,33.52,21.54,11.98
CLI_0399,Carte Bancaire Standard,45.0,10.0,35.0
CLI_0399,Compte Épargne,135.1,38.63,96.47
CLI_0399,Livret A,78.35,5.0,73.35
CLI_0400,Compte Courant,53.43,16.4,37.04
CLI_0400,Carte Bancaire Standard,45.0,10.0,35.0
CLI_0400,Compte Épargne,135.31,28.0,107.31
CLI_0400,Livret A,63.79,5.0,58.79
CLI_0400,Assurance Vie,518.76,132.86,385.9
CLI_0400,Assurance Auto,370.2,63.71,306.49
CLI_0401,Compte Courant,46.7,16.71,29.99
CLI_0401,Carte Bancaire Standard,45.0,10.0,35.0
CLI_0401,Carte Bancaire Premium,120.0,20.0,100.0
CLI_0401,Livret A,77.93,5.0,72.93
CLI_0402,Compte Courant,45.81,20.54,25.27
CLI_0402,Carte Bancaire Standard,45.0,10.0,35.0
CLI_0402,Compte Épargne,140.73,32.49,108.23
CLI_0402,Assurance Habitation,225.68,64.8,160.88
CLI_0403,Compte Courant,45.05,23.67,21.38
CLI_0403,Carte Bancaire Standard,45.0,10.0,35.0
CLI_0403,Carte Bancaire Premium,120.0,20.0,100.0
CLI_0403,Compte Épargne,129.47,39.25,90.22
CLI_0403,Assurance Vie,243.13,76.83,166.3
CLI_0403,Assurance Auto,232.08,105.06,127.02
CLI_0404,Compte Courant,34.23,16.0,18.23
CLI_0404,Carte Bancaire Standard,45.0,10.0,35.0
CLI_0404,Livret A,53.7,5.0,48.7
CLI_0404,Assurance Vie,446.89,121.51,325.38
CLI_0404,Crédit Immobilier,3204.55,427.6,2776.95
CLI_0405,Compte Courant,42.77,23.72,19.05
CLI_0405,Carte Bancaire Standard,45.0,10.0,35.0
CLI_0405,Carte Bancaire Premium,120.0,20.0,100.0
CLI_0405,Livret A,43.71,5.0,38.71
CLI_0405,Assurance Vie,400.04,83.85,316.18
CLI_0405,Crédit Consommation,476.94,183.28,293.66
CLI_0405,Assurance Habitation,186.66,95.43,91.23
CLI_0405,Assurance Auto,313.39,113.97,199.42
CLI_0406,Compte Courant,53.72,20.82,32.9
CLI_0406,Carte Bancaire Standard,45.0,10.0,35.0
CLI_0406,Compte Épargne,116.95,26.52,90.43
CLI_0406,Assurance Auto,429.69,77.54,352.15
CLI_0407,Compte Courant,42.07,22.65,19.42
CLI_0407,Carte Bancaire Standard,45.0,10.0,35.0
CLI_0407,Compte Épargne,74.39,36.78,37.62
CLI_0407,Assurance Vie,425.53,103.22,322.31
CLI_0407,Assurance Habitation,385.49,84.06,301.43
CLI_0407,Assurance Auto,458.24,102.7,355.55
CLI_0408,Compte Courant,57.54,17.49,40.06
CLI_0408,Carte Bancaire Standard,45.0,10.0,35.0
CLI_0408,Compte Épargne,111.32,28.01,83.32
CLI_0408,Livret A,20.71,5.0,15.71
CLI_0408,Assurance Vie,275.18,82.5,192.68
CLI_0408,Assurance Auto,426.0,112.89,313.11
CLI_0409,Compte Courant,53.73,20.53,33.2
CLI_0409,Carte Bancaire Standard,45.0,10.0,35.0
CLI_0409,Assurance Vie,244.32,78.59,165.73
CLI_0409,Crédit Consommation,630.04,154.61,475.43
CLI_0409,Assurance Auto,225.97,91.81,134.16
CLI_0410,Compte Courant,57.04,22.05,34.99
CLI_0410,Carte Bancaire Standard,45.0,10.0,35.0
CLI_0410,Livret A,67.82,5.0,62.82
CLI_0411,Compte Courant,50.45,17.07,33.38
CLI_0411,Carte Bancaire Standard,45.0,10.0,35.0
CLI_0411,Compte Épargne,61.05,36.59,24.46
CLI_0411,Assurance Habitation,323.88,78.75,245.12
CLI_0412,Compte Courant,35.68,21.03,14.65
CLI_0412,Carte Bancaire Standard,45.0,10.0,35.0
CLI_0412,Carte Bancaire Premium,120.0,20.0,100.0
CLI_0412,Compte Épargne,53.13,22.38,30.76
CLI_0412,Livret A,38.71,5.0,33.71
CLI_0412,Crédit Consommation,699.36,94.47,604.9
CLI_0413,Compte Courant,33.6,22.26,11.34
CLI_0413,Compte Épargne,106.97,30.67,76.3
CLI_0413,Crédit Consommation,707.19,197.19,510.01
CLI_0413,Assurance Auto,219.92,70.84,149.08
CLI_0414,Compte Courant,49.43,16.36,33.06
CLI_0414,Carte Bancaire Standard,45.0,10.0,35.0
CLI_0414,Assurance Vie,553.63,106.78,446.85
CLI_0414,Crédit Immobilier,4898.52,565.02,4333.5
CLI_0415,Compte Courant,58.37,16.14,42.23
CLI_0415,Carte Bancaire Standard,45.0,10.0,35.0
CLI_0415,Carte Bancaire Premium,120.0,20.0,100.0
CLI_0415,Assurance Vie,720.89,62.91,657.98
CLI_0415,Assurance Habitation,308.23,86.0,222.23
CLI_0416,Compte Courant,34.83,21.33,13.5
CLI_0416,Carte Bancaire Standard,45.0,10.0,35.0
CLI_0416,Livret A,23.15,5.0,18.15
CLI_0416,Crédit Immobilier,2526.43,576.35,1950.08
CLI_0416,Crédit Consommation,454.56,87.83,366.73
CLI_0417,Compte Courant,43.31,23.51,19.8
CLI_0417,Carte Bancaire Standard,45.0,10.0,35.0
CLI_0417,Compte Épargne,57.67,27.11,30.56
CLI_0417,Assurance Habitation,374.94,55.91,319.04
CLI_0417,Assurance Auto,324.27,106.71,217.56
CLI_0418,Compte Courant,46.3,23.32,22.97
CLI_0418,Carte Bancaire Standard,45.0,10.0,35.0
CLI_0418,Carte Bancaire Premium,120.0,20.0,100.0
CLI_0418,Compte Épargne,61.16,38.41,22.75
CLI_0418,Livret A,76.09,5.0,71.09
CLI_0418,Crédit Immobilier,2043.6,310.16,1733.43
CLI_0418,Assurance Auto,595.94,88.94,507.0
CLI_0419,Compte Courant,47.16,21.16,26.0
CLI_0419,Carte Bancaire Standard,45.0,10.0,35.0
CLI_0419,Assurance Habitation,347.42,90.6,256.82
CLI_0419,Assurance Auto,277.57,74.2,203.37
CLI_0420,Compte Courant,56.3,23.2,33.11
CLI_0420,Carte Bancaire Standard,45.0,10.0,35.0
CLI_0420,Compte Épargne,111.76,39.89,71.87
CLI_0420,Assurance Vie,641.11,71.58,569.53
CLI_0420,Crédit Immobilier,4463.25,424.42,4038.83
CLI_0420,Crédit Consommation,332.54,118.57,213.97
CLI_0420,Assurance Habitation,340.89,98.01,242.88
CLI_0421,Compte Courant,38.28,17.47,20.82
CLI_0421,Carte Bancaire Standard,45.0,10.0,35.0
CLI_0421,Livret A,53.82,5.0,48.82
CLI_0422,Compte Courant,54.35,22.47,31.89
CLI_0422,Carte Bancaire Standard,45.0,10.0,35.0
CLI_0422,Carte Bancaire Premium,120.0,20.0,100.0
CLI_0422,Assurance Vie,535.98,113.14,422.84
CLI_0422,Crédit Immobilier,2347.35,429.77,1917.57
CLI_0422,Assurance Habitation,213.84,94.22,119.62
CLI_0422,Assurance Auto,245.02,100.78,144.24
CLI_0423,Compte Courant,37.81,19.76,18.05
CLI_0423,Carte Bancaire Standard,45.0,10.0,35.0
CLI_0423,Carte Bancaire Premium,120.0,20.0,100.0
CLI_0423,Livret A,37.96,5.0,32.96
CLI_0423,Assurance Vie,393.95,76.04,317.91
CLI_0423,Assurance Habitation,338.2,68.29,269.91
CLI_0424,Compte Courant,51.79,19.56,32.23
CLI_0424,Carte Bancaire Standard,45.0,10.0,35.0
CLI_0424,Livret A,52.83,5.0,47.83
CLI_0424,Crédit Immobilier,3401.51,592.76,2808.75
CLI_0425,Compte Courant,41.01,17.08,23.94
CLI_0425,Carte Bancaire Standard,45.0,10.0,35.0
CLI_0425,Compte Épargne,141.18,23.5,117.68
CLI_0425,Livret A,70.07,5.0,65.07
CLI_0425,Assurance Auto,260.09,99.52,160.56
CLI_0426,Compte Courant,34.52,24.23,10.29
CLI_0426,Carte Bancaire Standard,45.0,10.0,35.0
CLI_0426,Livret A,53.9,5.0,48.9
CLI_0426,Crédit Consommation,596.35,96.84,499.51
CLI_0426,Assurance Habitation,242.8,85.25,157.55
CLI_0427,Compte Courant,41.55,17.46,24.09
CLI_0427,Carte Bancaire Standard,45.0,10.0,35.0
CLI_0427,Carte Bancaire Premium,120.0,20.0,100.0
CLI_0427,Compte Épargne,107.74,28.36,79.38
CLI_0427,Livret A,29.95,5.0,24.95
CLI_0427,Assurance Vie,292.39,120.75,171.65
CLI_0427,Assurance Auto,589.87,73.99,515.88
CLI_0428,Compte Courant,53.19,15.88,37.32
CLI_0428,Carte Bancaire Standard,45.0,10.0,35.0
CLI_0429,Compte Courant,41.45,20.07,21.38
CLI_0429,Carte Bancaire Standard,45.0,10.0,35.0
CLI_0429,Carte Bancaire Premium,120.0,20.0,100.0
CLI_0429,Compte Épargne,76.87,30.59,46.28
CLI_0429,Assurance Vie,729.57,144.44,585.12
CLI_0429,Assurance Auto,240.22,76.31,163.91
CLI_0430,Compte Courant,59.37,17.7,41.67
CLI_0430,Carte Bancaire Standard,45.0,10.0,35.0
CLI_0430,Compte Épargne,119.27,25.07,94.2
CLI_0431,Compte Courant,40.69,16.91,23.78
CLI_0431,Carte Bancaire Standard,45.0,10.0,35.0
CLI_0431,Assurance Vie,713.78,138.26,575.52
CLI_0431,Crédit Immobilier,2539.19,547.08,1992.12
CLI_0431,Crédit Consommation,622.42,91.88,530.54
CLI_0431,Assurance Habitation,339.52,79.82,259.7
CLI_0431,Assurance Auto,309.75,75.18,234.57
CLI_0432,Compte Courant,59.27,23.63,35.64
CLI_0432,Carte Bancaire Standard,45.0,10.0,35.0
CLI_0432,Carte Bancaire Premium,120.0,20.0,100.0
CLI_0432,Compte Épargne,130.98,22.56,108.42
CLI_0432,Crédit Immobilier,4143.16,364.36,3778.79
CLI_0433,Compte Courant,59.32,15.52,43.8
CLI_0433,Carte Bancaire Standard,45.0,10.0,35.0
CLI_0433,Livret A,41.13,5.0,36.13
CLI_0433,Assurance Vie,457.19,132.42,324.77
CLI_0433,Crédit Immobilier,4181.78,412.5,3769.28
CLI_0433,Crédit Consommation,809.0,180.27,628.73
CLI_0434,Compte Courant,30.55,23.02,7.52
CLI_0434,Assurance Habitation,386.72,51.6,335.12
CLI_0434,Assurance Auto,218.23,80.67,137.56
CLI_0435,Compte Courant,32.63,19.79,12.84
CLI_0435,Carte Bancaire Standard,45.0,10.0,35.0
CLI_0435,Livret A,63.72,5.0,58.72
CLI_0435,Assurance Vie,540.14,69.64,470.5
CLI_0435,Crédit Consommation,889.33,162.18,727.15
CLI_0435,Assurance Auto,572.98,68.81,504.17
CLI_0436,Compte Courant,50.77,24.11,26.66
CLI_0436,Carte Bancaire Standard,45.0,10.0,35.0
CLI_0436,Carte Bancaire Premium,120.0,20.0,100.0
CLI_0436,Compte Épargne,100.16,27.24,72.92
CLI_0436,Assurance Vie,302.45,136.68,165.77
CLI_0436,Crédit Immobilier,2879.86,577.46,2302.4
CLI_0437,Compte Courant,55.43,18.77,36.67
CLI_0437,Carte Bancaire Standard,45.0,10.0,35.0
CLI_0437,Compte Épargne,107.39,20.54,86.85
CLI_0437,Livret A,35.79,5.0,30.79
CLI_0437,Crédit Consommation,939.25,161.35,777.9
CLI_0438,Compte Courant,40.6,23.09,17.52
CLI_0438,Carte Bancaire Standard,45.0,10.0,35.0
CLI_0438,Assurance Auto,294.33,87.68,206.66
CLI_0439,Compte Courant,44.18,18.41,25.77
CLI_0439,Carte Bancaire Standard,45.0,10.0,35.0
CLI_0439,Compte Épargne,145.47,33.93,111.53
CLI_0439,Livret A,52.35,5.0,47.35
CLI_0439,Assurance Habitation,277.63,57.96,219.66
CLI_0440,Compte Courant,41.17,21.73,19.44
CLI_0440,Carte Bancaire Standard,45.0,10.0,35.0
CLI_0440,Carte Bancaire Premium,120.0,20.0,100.0
CLI_0440,Assurance Vie,754.74,131.65,623.1
CLI_0440,Assurance Auto,320.16,86.04,234.12
CLI_0441,Compte Courant,32.49,16.02,16.47
CLI_0441,Carte Bancaire Standard,45.0,10.0,35.0
CLI_0441,Compte Épargne,97.02,30.6,66.42
CLI_0442,Compte Courant,37.92,21.43,16.49
CLI_0442,Compte Épargne,120.34,25.98,94.36
CLI_0442,Livret A,65.51,5.0,60.51
CLI_0443,Compte Courant,36.17,20.44,15.73
CLI_0443,Carte Bancaire Standard,45.0,10.0,35.0
CLI_0443,Assurance Auto,521.71,92.22,429.49
CLI_0444,Compte Courant,57.24,15.59,41.65
CLI_0444,Assurance Habitation,297.08,78.09,218.99
CLI_0445,Compte Courant,49.81,23.33,26.48
CLI_0445,Carte Bancaire Standard,45.0,10.0,35.0
CLI_0445,Compte Épargne,122.59,35.81,86.78
CLI_0445,Livret A,37.33,5.0,32.33
CLI_0445,Crédit Immobilier,2856.24,488.03,2368.21
CLI_0446,Compte Courant,46.6,24.61,21.99
CLI_0446,Carte Bancaire Standard,45.0,10.0,35.0
CLI_0446,Carte Bancaire Premium,120.0,20.0,100.0
CLI_0446,Assurance Vie,312.1,85.13,226.97
CLI_0446,Crédit Immobilier,3504.64,560.39,2944.25
CLI_0446,Crédit Consommation,1136.41,120.32,1016.09
CLI_0446,Assurance Auto,226.84,85.3,141.55
CLI_0447,Compte Courant,41.83,24.86,16.97
CLI_0447,Carte Bancaire Standard,45.0,10.0,35.0
CLI_0447,Carte Bancaire Premium,120.0,20.0,100.0
CLI_0447,Compte Épargne,93.11,26.11,66.99
CLI_0447,Assurance Vie,419.23,89.69,329.53
CLI_0447,Crédit Immobilier,4375.39,324.3,4051.09
CLI_0447,Crédit Consommation,584.86,195.96,388.9
CLI_0447,Assurance Habitation,188.28,87.13,101.15
CLI_0448,Compte Courant,40.69,20.82,19.87
CLI_0448,Carte Bancaire Standard,45.0,10.0,35.0
CLI_0448,Compte Épargne,59.95,26.13,33.83
CLI_0448,Livret A,50.05,5.0,45.05
CLI_0448,Assurance Habitation,207.93,77.09,130.83
CLI_0448,Assurance Auto,287.9,99.01,188.9
CLI_0449,Compte Courant,57.13,15.85,41.28
CLI_0449,Carte Bancaire Standard,45.0,10.0,35.0
CLI_0449,Livret A,33.0,5.0,28.0
CLI_0449,Crédit Immobilier,4455.48,489.47,3966.01
CLI_0449,Assurance Habitation,169.68,74.32,95.36
CLI_0450,Compte Courant,36.29,16.99,19.3
CLI_0450,Carte Bancaire Standard,45.0,10.0,35.0
CLI_0450,Compte Épargne,144.06,35.23,108.83
CLI_0450,Livret A,61.77,5.0,56.77
CLI_0450,Assurance Auto,295.57,67.11,228.46
CLI_0451,Compte Courant,56.12,15.06,41.07
CLI_0451,Carte Bancaire Standard,45.0,10.0,35.0
CLI_0451,Compte Épargne,88.81,25.55,63.26
CLI_0451,Assurance Vie,542.23,75.05,467.17
CLI_0451,Assurance Auto,324.48,111.0,213.48
CLI_0452,Compte Courant,48.1,16.46,31.64
CLI_0452,Carte Bancaire Standard,45.0,10.0,35.0
CLI_0452,Compte Épargne,122.65,24.15,98.5
CLI_0452,Livret A,45.98,5.0,40.98
CLI_0452,Assurance Auto,458.64,76.32,382.33
CLI_0453,Compte Courant,41.52,22.34,19.18
CLI_0453,Livret A,76.27,5.0,71.27
CLI_0453,Assurance Habitation,282.31,50.5,231.81
CLI_0454,Compte Courant,40.15,18.99,21.17
CLI_0454,Carte Bancaire Standard,45.0,10.0,35.0
CLI_0454,Carte Bancaire Premium,120.0,20.0,100.0
CLI_0454,Crédit Consommation,605.26,132.35,472.9
CLI_0454,Assurance Habitation,308.17,56.06,252.11
CLI_0454,Assurance Auto,309.05,90.46,218.59
CLI_0455,Compte Courant,39.47,24.91,14.56
CLI_0455,Carte Bancaire Standard,45.0,10.0,35.0
CLI_0455,Compte Épargne,93.14,37.4,55.75
CLI_0455,Livret A,73.79,5.0,68.79
CLI_0455,Assurance Vie,701.6,54.69,646.91
CLI_0456,Compte Courant,58.43,16.29,42.14
CLI_0456,Carte Bancaire Standard,45.0,10.0,35.0
CLI_0456,Assurance Auto,213.76,84.86,128.9
CLI_0457,Compte Courant,35.84,16.84,19.0
CLI_0457,Carte Bancaire Standard,45.0,10.0,35.0
CLI_0457,Compte Épargne,78.78,24.97,53.81
CLI_0457,Livret A,61.09,5.0,56.09
CLI_0457,Assurance Vie,312.07,104.31,207.75
CLI_0457,Crédit Consommation,1187.78,131.89,1055.9
CLI_0458,Compte Courant,49.26,24.69,24.56
CLI_0458,Carte Bancaire Standard,45.0,10.0,35.0
CLI_0458,Carte Bancaire Premium,120.0,20.0,100.0
CLI_0458,Compte Épargne,63.76,28.37,35.39
CLI_0458,Assurance Vie,710.12,143.23,566.88
CLI_0458,Crédit Immobilier,3604.33,343.03,3261.3
CLI_0458,Assurance Auto,560.59,70.47,490.12
CLI_0459,Compte Courant,40.59,18.76,21.83
CLI_0459,Livret A,46.84,5.0,41.84
CLI_0459,Assurance Vie,674.1,130.21,543.89
CLI_0460,Compte Courant,51.59,15.22,36.37
CLI_0460,Carte Bancaire Standard,45.0,10.0,35.0
CLI_0460,Carte Bancaire Premium,120.0,20.0,100.0
CLI_0460,Livret A,53.89,5.0,48.89
CLI_0460,Assurance Vie,648.5,94.46,554.03
CLI_0460,Assurance Habitation,386.23,91.19,295.04
CLI_0460,Assurance Auto,455.26,63.75,391.52
CLI_0461,Compte Courant,49.57,24.12,25.45
CLI_0461,Carte Bancaire Standard,45.0,10.0,35.0
CLI_0461,Carte Bancaire Premium,120.0,20.0,100.0
CLI_0461,Livret A,42.77,5.0,37.77
CLI_0461,Crédit Consommation,1054.32,117.58,936.74
CLI_0461,Assurance Auto,428.04,98.91,329.14
CLI_0462,Compte Courant,50.34,23.83,26.51
CLI_0462,Compte Épargne,73.46,25.25,48.21
CLI_0462,Crédit Immobilier,3964.14,353.16,3610.99
CLI_0463,Compte Courant,43.93,15.2,28.73
CLI_0463,Carte Bancaire Standard,45.0,10.0,35.0
CLI_0463,Carte Bancaire Premium,120.0,20.0,100.0
CLI_0463,Compte Épargne,64.1,33.58,30.52
CLI_0463,Assurance Vie,648.48,61.53,586.95
CLI_0463,Assurance Auto,291.08,65.93,225.15
CLI_0464,Compte Courant,43.0,16.26,26.74
CLI_0464,Carte Bancaire Standard,45.0,10.0,35.0
CLI_0464,Compte Épargne,93.73,34.64,59.09
CLI_0464,Livret A,61.0,5.0,56.0
CLI_0464,Assurance Vie,368.28,117.38,250.9
CLI_0464,Assurance Auto,571.08,80.85,490.23
CLI_0465,Compte Courant,39.87,20.71,19.16
CLI_0465,Crédit Immobilier,2359.26,495.47,1863.78
CLI_0466,Compte Courant,54.97,19.59,35.37
CLI_0466,Carte Bancaire Standard,45.0,10.0,35.0
CLI_0466,Carte Bancaire Premium,120.0,20.0,100.0
CLI_0466,Compte Épargne,117.95,33.04,84.91
CLI_0466,Livret A,22.32,5.0,17.32
CLI_0466,Crédit Immobilier,2141.96,568.06,1573.9
CLI_0466,Crédit Consommation,1145.0,173.65,971.35
CLI_0466,Assurance Habitation,380.31,65.31,315.0
CLI_0466,Assurance Auto,299.08,83.06,216.03
CLI_0467,Compte Courant,31.66,23.1,8.56
CLI_0467,Carte Bancaire Standard,45.0,10.0,35.0
CLI_0467,Compte Épargne,148.42,36.48,111.94
CLI_0467,Livret A,53.3,5.0,48.3
CLI_0467,Assurance Habitation,223.82,59.88,163.94
CLI_0468,Compte Courant,40.92,21.67,19.25
CLI_0468,Carte Bancaire Standard,45.0,10.0,35.0
CLI_0468,Compte Épargne,94.71,38.68,56.02
CLI_0468,Livret A,71.25,5.0,66.25
CLI_0469,Compte Courant,33.07,16.32,16.76
CLI_0469,Carte Bancaire Standard,45.0,10.0,35.0
CLI_0469,Compte Épargne,117.62,24.62,93.01
CLI_0469,Assurance Vie,674.62,109.14,565.48
CLI_0469,Assurance Habitation,207.46,73.93,133.52
CLI_0469,Assurance Auto,362.43,112.39,250.04
CLI_0470,Compte Courant,30.96,23.96,7.01
CLI_0470,Carte Bancaire Standard,45.0,10.0,35.0
CLI_0470,Compte Épargne,115.21,34.75,80.46
CLI_0470,Assurance Habitation,150.65,81.41,69.24
CLI_0471,Compte Courant,47.65,20.37,27.28
CLI_0471,Carte Bancaire Standard,45.0,10.0,35.0
CLI_0471,Compte Épargne,128.59,31.12,97.47
CLI_0471,Livret A,71.43,5.0,66.43
CLI_0471,Crédit Consommation,509.37,176.72,332.65
CLI_0471,Assurance Auto,271.73,108.79,162.94
CLI_0472,Compte Courant,58.21,18.36,39.86
CLI_0472,Carte Bancaire Standard,45.0,10.0,35.0
CLI_0472,Carte Bancaire Premium,120.0,20.0,100.0
CLI_0472,Compte Épargne,102.99,33.17,69.82
CLI_0472,Assurance Vie,247.68,99.41,148.27
CLI_0473,Compte Courant,40.82,23.72,17.09
CLI_0473,Carte Bancaire Standard,45.0,10.0,35.0
CLI_0473,Compte Épargne,137.67,34.02,103.65
CLI_0473,Livret A,59.34,5.0,54.34
CLI_0473,Assurance Habitation,333.42,68.3,265.12
CLI_0474,Compte Courant,42.14,20.54,21.6
CLI_0474,Carte Bancaire Standard,45.0,10.0,35.0
CLI_0474,Compte Épargne,143.8,34.48,109.32
CLI_0474,Crédit Consommation,795.89,172.45,623.44
CLI_0474,Assurance Habitation,242.72,86.52,156.2
CLI_0475,Compte Courant,42.32,17.8,24.52
CLI_0475,Carte Bancaire Standard,45.0,10.0,35.0
CLI_0475,Compte Épargne,110.97,33.74,77.23
CLI_0475,Livret A,47.56,5.0,42.56
CLI_0475,Crédit Consommation,808.95,163.29,645.66
CLI_0476,Compte Courant,53.03,23.96,29.08
CLI_0476,Carte Bancaire Standard,45.0,10.0,35.0
CLI_0476,Carte Bancaire Premium,120.0,20.0,100.0
CLI_0476,Compte Épargne,85.45,39.03,46.42
CLI_0476,Livret A,58.24,5.0,53.24
CLI_0476,Assurance Vie,672.62,119.98,552.64
CLI_0476,Crédit Consommation,485.01,88.57,396.44
CLI_0476,Assurance Auto,490.51,90.66,399.85
CLI_0477,Compte Courant,51.07,19.77,31.3
CLI_0477,Carte Bancaire Standard,45.0,10.0,35.0
CLI_0477,Livret A,38.73,5.0,33.73
CLI_0477,Assurance Vie,371.01,123.05,247.96
CLI_0477,Assurance Habitation,219.2,85.73,133.46
CLI_0477,Assurance Auto,353.58,106.25,247.33
CLI_0478,Compte Courant,34.28,17.05,17.23
CLI_0478,Carte Bancaire Standard,45.0,10.0,35.0
CLI_0478,Compte Épargne,118.59,31.2,87.39
CLI_0478,Assurance Auto,281.55,114.17,167.38
CLI_0479,Compte Courant,38.28,19.21,19.07
CLI_0479,Carte Bancaire Standard,45.0,10.0,35.0
CLI_0479,Assurance Habitation,200.57,69.4,131.17
CLI_0480,Compte Courant,44.75,17.95,26.8
CLI_0480,Carte Bancaire Standard,45.0,10.0,35.0
CLI_0480,Compte Épargne,126.91,27.88,99.03
CLI_0480,Crédit Consommation,956.56,104.85,851.71
CLI_0480,Assurance Habitation,244.26,50.4,193.86
CLI_0480,Assurance Auto,503.46,97.55,405.9
CLI_0481,Compte Courant,54.53,19.56,34.98
CLI_0481,Carte Bancaire Standard,45.0,10.0,35.0
CLI_0481,Compte Épargne,129.97,32.95,97.02
CLI_0481,Crédit Consommation,303.25,110.44,192.81
CLI_0481,Assurance Habitation,273.47,80.93,192.54
CLI_0482,Compte Courant,31.97,22.05,9.92
CLI_0482,Carte Bancaire Standard,45.0,10.0,35.0
CLI_0482,Carte Bancaire Premium,120.0,20.0,100.0
CLI_0482,Livret A,52.61,5.0,47.61
CLI_0482,Assurance Vie,515.47,79.2,436.26
CLI_0483,Compte Courant,47.84,15.27,32.57
CLI_0483,Carte Bancaire Standard,45.0,10.0,35.0
CLI_0483,Crédit Immobilier,1726.45,520.16,1206.29
CLI_0484,Compte Courant,39.66,18.47,21.19
CLI_0484,Carte Bancaire Standard,45.0,10.0,35.0
CLI_0484,Carte Bancaire Premium,120.0,20.0,100.0
CLI_0484,Compte Épargne,70.84,28.91,41.93
CLI_0484,Livret A,23.12,5.0,18.12
CLI_0484,Assurance Vie,380.22,102.71,277.51
CLI_0484,Crédit Immobilier,3129.71,599.9,2529.81
CLI_0484,Assurance Auto,355.51,83.22,272.29
CLI_0485,Compte Courant,45.11,16.9,28.2
CLI_0485,Assurance Habitation,369.08,78.61,290.46
CLI_0485,Assurance Auto,276.84,107.61,169.24
CLI_0486,Compte Courant,31.03,24.83,6.2
CLI_0486,Carte Bancaire Premium,120.0,20.0,100.0
CLI_0486,Compte Épargne,136.51,31.59,104.92
CLI_0486,Livret A,26.68,5.0,21.68
CLI_0486,Assurance Habitation,203.82,63.97,139.85
CLI_0487,Compte Courant,37.23,19.98,17.26
CLI_0487,Carte Bancaire Standard,45.0,10.0,35.0
CLI_0487,Crédit Consommation,1150.1,133.3,1016.8
CLI_0487,Assurance Auto,464.63,101.31,363.31
CLI_0488,Compte Courant,56.15,15.34,40.81
CLI_0488,Carte Bancaire Standard,45.0,10.0,35.0
CLI_0488,Carte Bancaire Premium,120.0,20.0,100.0
CLI_0488,Assurance Auto,361.73,107.08,254.65
CLI_0489,Compte Courant,54.45,24.27,30.17
CLI_0489,Carte Bancaire Standard,45.0,10.0,35.0
CLI_0489,Compte Épargne,120.28,24.9,95.38
CLI_0489,Livret A,50.34,5.0,45.34
CLI_0489,Assurance Auto,212.94,98.82,114.12
CLI_0490,Compte Courant,46.63,21.67,24.96
CLI_0490,Compte Épargne,143.01,33.75,109.27
CLI_0490,Assurance Vie,392.27,69.87,322.4
CLI_0490,Crédit Consommation,1069.17,103.32,965.85
CLI_0490,Assurance Habitation,190.4,60.33,130.07
CLI_0491,Compte Courant,45.27,16.24,29.02
CLI_0491,Carte Bancaire Standard,45.0,10.0,35.0
CLI_0491,Assurance Vie,762.87,146.63,616.25
CLI_0491,Assurance Habitation,393.45,51.96,341.49
CLI_0492,Compte Courant,58.39,24.97,33.41
CLI_0492,Carte Bancaire Standard,45.0,10.0,35.0
CLI_0492,Carte Bancaire Premium,120.0,20.0,100.0
CLI_0492,Compte Épargne,144.24,33.42,110.82
CLI_0492,Livret A,62.07,5.0,57.07
CLI_0492,Assurance Vie,273.35,137.43,135.92
CLI_0492,Crédit Immobilier,1708.74,395.32,1313.42
CLI_0492,Crédit Consommation,1192.04,130.68,1061.36
CLI_0492,Assurance Habitation,182.79,98.46,84.32
CLI_0493,Compte Courant,59.52,16.87,42.65
CLI_0493,Carte Bancaire Standard,45.0,10.0,35.0
CLI_0493,Compte Épargne,136.48,27.81,108.67
CLI_0493,Livret A,42.88,5.0,37.88
CLI_0493,Assurance Vie,357.62,54.47,303.15
CLI_0493,Assurance Auto,307.2,63.23,243.98
CLI_0494,Compte Courant,57.73,21.62,36.11
CLI_0494,Carte Bancaire Standard,45.0,10.0,35.0
CLI_0494,Carte Bancaire Premium,120.0,20.0,100.0
CLI_0494,Assurance Vie,731.97,121.73,610.24
CLI_0495,Compte Courant,33.94,24.41,9.53
CLI_0495,Carte Bancaire Standard,45.0,10.0,35.0
CLI_0495,Assurance Auto,559.96,80.88,479.07
CLI_0496,Compte Courant,33.35,22.04,11.3
CLI_0496,Carte Bancaire Standard,45.0,10.0,35.0
CLI_0496,Compte Épargne,122.84,37.94,84.9
CLI_0496,Livret A,23.16,5.0,18.16
CLI_0496,Assurance Habitation,185.43,79.91,105.51
CLI_0496,Assurance Auto,447.65,62.02,385.64
CLI_0497,Compte Courant,41.91,20.84,21.07
CLI_0497,Carte Bancaire Standard,45.0,10.0,35.0
CLI_0497,Carte Bancaire Premium,120.0,20.0,100.0
CLI_0497,Livret A,64.27,5.0,59.27
CLI_0497,Assurance Auto,326.46,89.03,237.43
CLI_0498,Compte Courant,54.42,24.54,29.88
CLI_0498,Carte Bancaire Standard,45.0,10.0,35.0
CLI_0498,Compte Épargne,73.03,25.06,47.97
CLI_0498,Livret A,76.39,5.0,71.39
CLI_0498,Assurance Auto,358.36,103.1,255.26
CLI_0499,Compte Courant,48.37,17.86,30.51
CLI_0499,Livret A,59.21,5.0,54.21
CLI_0499,Assurance Vie,593.34,109.24,484.1
CLI_0499,Assurance Auto,239.86,119.71,120.15
CLI_0500,Compte Courant,42.01,21.38,20.63
CLI_0500,Carte Bancaire Standard,45.0,10.0,35.0
CLI_0500,Compte Épargne,138.58,28.47,110.11
CLI_0500,Assurance Habitation,343.48,98.59,244.89
CLI_0501,Compte Courant,40.77,19.05,21.72
CLI_0501,Carte Bancaire Premium,120.0,20.0,100.0
CLI_0501,Livret A,74.33,5.0,69.33
CLI_0501,Assurance Vie,295.79,52.86,242.93
CLI_0501,Assurance Habitation,377.22,91.08,286.14
CLI_0501,Assurance Auto,589.03,63.49,525.54
CLI_0502,Compte Courant,34.69,16.05,18.63
CLI_0502,Carte Bancaire Standard,45.0,10.0,35.0
CLI_0502,Compte Épargne,118.34,32.12,86.22
CLI_0502,Livret A,41.56,5.0,36.56
CLI_0502,Crédit Immobilier,1700.98,491.9,1209.08
CLI_0503,Compte Courant,47.1,16.13,30.97
CLI_0503,Carte Bancaire Standard,45.0,10.0,35.0
CLI_0503,Carte Bancaire Premium,120.0,20.0,100.0
CLI_0503,Compte Épargne,140.89,23.98,116.91
CLI_0503,Livret A,64.61,5.0,59.61
CLI_0503,Assurance Auto,554.03,94.77,459.26
CLI_0504,Compte Courant,37.41,18.09,19.31
CLI_0504,Carte Bancaire Standard,45.0,10.0,35.0
CLI_0504,Livret A,73.14,5.0,68.14
CLI_0504,Crédit Consommation,568.43,169.54,398.89
CLI_0504,Assurance Habitation,397.54,99.99,297.55
CLI_0505,Compte Courant,46.0,23.27,22.74
CLI_0505,Carte Bancaire Standard,45.0,10.0,35.0
CLI_0505,Livret A,79.41,5.0,74.41
CLI_0505,Assurance Habitation,243.67,62.62,181.05
CLI_0505,Assurance Auto,245.69,68.45,177.24
CLI_0506,Compte Courant,55.61,20.89,34.72
CLI_0506,Carte Bancaire Standard,45.0,10.0,35.0
CLI_0506,Compte Épargne,137.37,35.79,101.58
CLI_0506,Assurance Habitation,318.44,80.47,237.97
CLI_0506,Assurance Auto,219.34,112.34,107.0
CLI_0507,Compte Courant,42.54,20.6,21.94
CLI_0507,Carte Bancaire Standard,45.0,10.0,35.0
CLI_0507,Assurance Vie,213.17,143.61,69.56
CLI_0507,Assurance Auto,561.1,92.6,468.5
CLI_0508,Compte Courant,47.32,22.05,25.27
CLI_0508,Carte Bancaire Standard,45.0,10.0,35.0
CLI_0508,Carte Bancaire Premium,120.0,20.0,100.0
CLI_0508,Assurance Habitation,216.17,61.1,155.08
CLI_0509,Compte Courant,50.22,16.04,34.18
CLI_0509,Carte Bancaire Standard,45.0,10.0,35.0
CLI_0509,Compte Épargne,95.41,29.86,65.55
CLI_0509,Crédit Immobilier,2834.68,355.58,2479.1
CLI_0509,Assurance Auto,342.13,80.25,261.87
CLI_0510,Compte Courant,44.98,21.75,23.23
CLI_0510,Carte Bancaire Standard,45.0,10.0,35.0
CLI_0510,Compte Épargne,146.82,22.88,123.94
CLI_0510,Crédit Consommation,1085.72,114.1,971.61
CLI_0510,Assurance Auto,436.55,92.8,343.74
CLI_0511,Compte Courant,46.71,22.23,24.47
CLI_0511,Carte Bancaire Standard,45.0,10.0,35.0
CLI_0511,Compte Épargne,88.17,26.38,61.79
CLI_0511,Livret A,71.17,5.0,66.17
CLI_0511,Crédit Consommation,498.09,101.63,396.46
CLI_0511,Assurance Habitation,153.9,60.53,93.37
CLI_0512,Compte Courant,45.56,20.39,25.17
CLI_0512,Carte Bancaire Standard,45.0,10.0,35.0
CLI_0512,Compte Épargne,75.44,21.45,54.0
CLI_0512,Livret A,64.68,5.0,59.68
CLI_0512,Crédit Immobilier,4152.91,599.35,3553.56
CLI_0512,Assurance Auto,560.01,115.56,444.45
CLI_0513,Compte Courant,53.95,21.16,32.79
CLI_0513,Carte Bancaire Standard,45.0,10.0,35.0
CLI_0513,Livret A,27.71,5.0,22.71
CLI_0513,Crédit Consommation,860.08,86.71,773.37
CLI_0513,Assurance Habitation,371.32,74.09,297.23
CLI_0513,Assurance Auto,478.99,63.13,415.85
CLI_0514,Compte Courant,46.03,18.01,28.01
CLI_0514,Carte Bancaire Standard,45.0,10.0,35.0
CLI_0514,Carte Bancaire Premium,120.0,20.0,100.0
CLI_0514,Compte Épargne,78.5,27.79,50.7
CLI_0514,Assurance Vie,200.38,96.67,103.72
CLI_0514,Crédit Immobilier,3202.98,558.94,2644.04
CLI_0515,Compte Courant,43.46,18.64,24.82
CLI_0515,Carte Bancaire Standard,45.0,10.0,35.0
CLI_0515,Carte Bancaire Premium,120.0,20.0,100.0
CLI_0515,Compte Épargne,149.47,31.42,118.05
CLI_0515,Assurance Vie,483.57,99.59,383.97
CLI_0515,Assurance Habitation,352.3,67.03,285.26
CLI_0516,Compte Courant,41.67,22.56,19.12
CLI_0516,Carte Bancaire Premium,120.0,20.0,100.0
CLI_0516,Compte Épargne,57.3,37.3,19.99
CLI_0516,Livret A,45.81,5.0,40.81
CLI_0516,Assurance Habitation,295.32,87.87,207.45
CLI_0516,Assurance Auto,306.42,113.42,193.0
CLI_0517,Compte Courant,59.38,19.94,39.43
CLI_0517,Compte Épargne,143.69,20.02,123.67
CLI_0517,Assurance Habitation,373.56,65.55,308.01
CLI_0518,Compte Courant,39.34,17.28,22.06
CLI_0518,Carte Bancaire Standard,45.0,10.0,35.0
CLI_0518,Compte Épargne,81.7,24.27,57.43
CLI_0518,Crédit Immobilier,4670.54,569.71,4100.83
CLI_0519,Compte Courant,33.07,16.43,16.64
CLI_0519,Carte Bancaire Standard,45.0,10.0,35.0
CLI_0519,Compte Épargne,136.2,27.98,108.22
CLI_0519,Assurance Auto,267.71,90.64,177.07
CLI_0520,Compte Courant,42.5,17.19,25.31
CLI_0520,Carte Bancaire Standard,45.0,10.0,35.0
CLI_0520,Compte Épargne,122.08,32.63,89.45
CLI_0520,Livret A,25.98,5.0,20.98
CLI_0520,Crédit Immobilier,4738.85,467.54,4271.31
CLI_0520,Crédit Consommation,525.18,104.76,420.43
CLI_0520,Assurance Auto,254.38,85.48,168.9
CLI_0521,Compte Courant,34.07,19.16,14.91
CLI_0521,Carte Bancaire Standard,45.0,10.0,35.0
CLI_0521,Compte Épargne,64.88,33.14,31.74
CLI_0521,Crédit Immobilier,4248.35,464.86,3783.49
CLI_0522,Compte Courant,50.4,24.38,26.02
CLI_0522,Compte Épargne,113.84,27.28,86.55
CLI_0522,Livret A,46.97,5.0,41.97
CLI_0522,Assurance Vie,716.32,63.07,653.24
CLI_0522,Crédit Consommation,593.16,149.27,443.89
CLI_0522,Assurance Habitation,319.1,88.17,230.92
CLI_0523,Compte Courant,39.55,16.46,23.09
CLI_0523,Carte Bancaire Standard,45.0,10.0,35.0
CLI_0523,Livret A,77.29,5.0,72.29
CLI_0523,Crédit Consommation,368.75,91.5,277.26
CLI_0523,Assurance Habitation,273.74,90.96,182.77
CLI_0524,Compte Courant,53.24,24.38,28.86
CLI_0524,Carte Bancaire Standard,45.0,10.0,35.0
CLI_0524,Compte Épargne,64.16,27.51,36.65
CLI_0524,Assurance Vie,369.29,136.09,233.2
CLI_0524,Assurance Auto,395.34,61.61,333.73
CLI_0525,Compte Courant,51.24,18.89,32.35
CLI_0525,Carte Bancaire Standard,45.0,10.0,35.0
CLI_0525,Compte Épargne,103.11,37.88,65.24
CLI_0526,Compte Courant,37.7,17.4,20.3
CLI_0526,Carte Bancaire Standard,45.0,10.0,35.0
CLI_0526,Compte Épargne,76.32,26.76,49.56
CLI_0526,Livret A,26.44,5.0,21.44
CLI_0526,Assurance Habitation,324.3,60.37,263.93
CLI_0526,Assurance Auto,570.46,72.94,497.52
CLI_0527,Compte Courant,37.67,17.97,19.7
CLI_0527,Carte Bancaire Standard,45.0,10.0,35.0
CLI_0527,Compte Épargne,126.85,28.55,98.3
CLI_0528,Compte Courant,54.58,22.85,31.73
CLI_0528,Carte Bancaire Standard,45.0,10.0,35.0
CLI_0528,Compte Épargne,142.95,35.13,107.82
CLI_0528,Crédit Immobilier,1681.69,551.18,1130.5
CLI_0529,Compte Courant,58.14,24.94,33.21
CLI_0529,Carte Bancaire Standard,45.0,10.0,35.0
CLI_0529,Assurance Auto,250.11,96.8,153.31
CLI_0530,Compte Courant,35.98,17.63,18.36
CLI_0530,Carte Bancaire Standard,45.0,10.0,35.0
CLI_0530,Carte Bancaire Premium,120.0,20.0,100.0
CLI_0530,Compte Épargne,124.56,39.55,85.01
CLI_0530,Assurance Vie,556.91,135.06,421.85
CLI_0530,Assurance Habitation,152.22,51.83,100.39
CLI_0531,Compte Courant,47.9,18.89,29.01
CLI_0531,Carte Bancaire Standard,45.0,10.0,35.0
CLI_0532,Compte Courant,56.69,18.02,38.67
CLI_0532,Carte Bancaire Standard,45.0,10.0,35.0
CLI_0532,Carte Bancaire Premium,120.0,20.0,100.0
CLI_0532,Compte Épargne,93.21,30.56,62.65
CLI_0532,Assurance Vie,363.82,140.85,222.97
CLI_0532,Assurance Auto,385.81,85.45,300.36
CLI_0533,Compte Courant,55.49,18.12,37.37
CLI_0533,Carte Bancaire Standard,45.0,10.0,35.0
CLI_0533,Compte Épargne,131.75,22.45,109.3
CLI_0533,Livret A,30.97,5.0,25.97
CLI_0533,Assurance Habitation,387.71,92.12,295.59
CLI_0534,Compte Courant,41.64,21.38,20.25
CLI_0534,Carte Bancaire Standard,45.0,10.0,35.0
CLI_0534,Livret A,76.58,5.0,71.58
CLI_0534,Assurance Auto,284.74,63.54,221.2
CLI_0535,Compte Courant,46.12,16.43,29.7
CLI_0535,Carte Bancaire Standard,45.0,10.0,35.0
CLI_0535,Compte Épargne,68.73,37.83,30.9
CLI_0535,Crédit Immobilier,1525.91,545.05,980.87
CLI_0536,Compte Courant,45.51,20.59,24.92
CLI_0536,Carte Bancaire Standard,45.0,10.0,35.0
CLI_0536,Crédit Immobilier,3851.19,429.43,3421.75
CLI_0536,Assurance Habitation,178.9,55.14,123.76
CLI_0537,Compte Courant,52.63,17.21,35.42
CLI_0537,Carte Bancaire Standard,45.0,10.0,35.0
CLI_0537,Livret A,21.69,5.0,16.69
CLI_0537,Assurance Vie,787.77,148.04,639.73
CLI_0537,Assurance Habitation,244.54,51.28,193.26
CLI_0537,Assurance Auto,490.91,109.86,381.05
CLI_0538,Compte Courant,33.75,16.35,17.4
CLI_0538,Carte Bancaire Standard,45.0,10.0,35.0
CLI_0538,Crédit Consommation,1040.0,190.63,849.37
CLI_0538,Assurance Habitation,347.69,60.04,287.65
CLI_0539,Compte Courant,42.35,21.01,21.34
CLI_0539,Carte Bancaire Standard,45.0,10.0,35.0
CLI_0539,Livret A,29.62,5.0,24.62
CLI_0539,Assurance Vie,326.36,78.29,248.07
CLI_0539,Crédit Immobilier,3283.3,453.24,2830.05
CLI_0539,Assurance Habitation,353.57,87.65,265.92
CLI_0540,Compte Courant,57.41,23.33,34.08
CLI_0540,Carte Bancaire Standard,45.0,10.0,35.0
CLI_0540,Crédit Immobilier,2388.57,399.39,1989.18
CLI_0540,Assurance Habitation,275.11,50.71,224.39
CLI_0541,Compte Courant,57.12,15.44,41.67
CLI_0541,Carte Bancaire Standard,45.0,10.0,35.0
CLI_0541,Compte Épargne,82.24,31.38,50.86
CLI_0541,Assurance Vie,510.7,115.45,395.26
CLI_0541,Crédit Immobilier,3346.32,368.7,2977.62
CLI_0541,Assurance Habitation,200.27,95.36,104.91
CLI_0541,Assurance Auto,305.59,76.86,228.73
CLI_0542,Compte Courant,42.39,16.39,25.99
CLI_0542,Carte Bancaire Premium,120.0,20.0,100.0
CLI_0542,Compte Épargne,100.73,33.3,67.43
CLI_0542,Crédit Consommation,1007.4,165.37,842.03
CLI_0543,Compte Courant,34.43,19.56,14.87
CLI_0543,Carte Bancaire Standard,45.0,10.0,35.0
CLI_0543,Compte Épargne,53.86,20.36,33.5
CLI_0543,Crédit Immobilier,3040.46,375.89,2664.57
CLI_0543,Assurance Habitation,320.84,86.21,234.63
CLI_0544,Compte Courant,56.86,22.61,34.26
CLI_0544,Carte Bancaire Standard,45.0,10.0,35.0
CLI_0544,Compte Épargne,54.82,27.43,27.39
CLI_0544,Assurance Vie,363.81,88.61,275.2
CLI_0544,Assurance Habitation,190.02,54.89,135.13
CLI_0544,Assurance Auto,408.39,103.22,305.17
CLI_0545,Compte Courant,51.06,19.51,31.55
CLI_0545,Carte Bancaire Standard,45.0,10.0,35.0
CLI_0545,Compte Épargne,102.23,30.33,71.9
CLI_0545,Livret A,61.49,5.0,56.49
CLI_0545,Crédit Immobilier,1667.74,512.97,1154.77
CLI_0545,Assurance Habitation,295.55,59.91,235.64
CLI_0545,Assurance Auto,219.62,66.51,153.11
CLI_0546,Compte Courant,45.74,22.58,23.16
CLI_0546,Carte Bancaire Standard,45.0,10.0,35.0
CLI_0546,Assurance Habitation,233.66,68.96,164.71
CLI_0546,Assurance Auto,573.66,72.78,500.88
CLI_0547,Compte Courant,33.11,18.43,14.68
CLI_0547,Compte Épargne,124.59,32.52,92.07
CLI_0548,Compte Courant,42.47,24.65,17.83
CLI_0548,Carte Bancaire Standard,45.0,10.0,35.0
CLI_0548,Carte Bancaire Premium,120.0,20.0,100.0
CLI_0548,Compte Épargne,123.5,21.24,102.26
CLI_0548,Assurance Vie,646.78,52.4,594.38
CLI_0549,Compte Courant,49.51,17.1,32.4
CLI_0549,Livret A,61.79,5.0,56.79
CLI_0549,Assurance Vie,385.87,137.3,248.57
CLI_0549,Crédit Immobilier,2679.2,485.91,2193.29
CLI_0549,Assurance Auto,314.37,115.03,199.34
CLI_0550,Compte Courant,53.43,17.43,36.0
CLI_0550,Carte Bancaire Standard,45.0,10.0,35.0
CLI_0550,Compte Épargne,144.88,27.14,117.74
CLI_0550,Livret A,59.11,5.0,54.11
CLI_0550,Assurance Vie,645.71,52.29,593.42
CLI_0550,Assurance Habitation,389.74,67.22,322.52
CLI_0550,Assurance Auto,275.91,111.04,164.87
CLI_0551,Compte Courant,51.09,15.87,35.22
CLI_0551,Carte Bancaire Standard,45.0,10.0,35.0
CLI_0551,Livret A,27.02,5.0,22.02
CLI_0551,Crédit Consommation,943.67,88.97,854.7
CLI_0552,Compte Courant,57.52,22.42,35.1
CLI_0552,Carte Bancaire Premium,120.0,20.0,100.0
CLI_0552,Compte Épargne,83.55,27.26,56.29
CLI_0552,Livret A,50.39,5.0,45.39
CLI_0552,Crédit Consommation,624.87,174.02,450.86
CLI_0552,Assurance Auto,589.89,95.07,494.82
CLI_0553,Compte Courant,43.38,17.23,26.15
CLI_0553,Carte Bancaire Standard,45.0,10.0,35.0
CLI_0553,Compte Épargne,115.34,33.71,81.63
CLI_0553,Livret A,61.11,5.0,56.11
CLI_0553,Assurance Habitation,156.75,94.96,61.79
CLI_0553,Assurance Auto,335.24,104.65,230.59
CLI_0554,Compte Courant,52.79,21.51,31.29
CLI_0554,Carte Bancaire Standard,45.0,10.0,35.0
CLI_0554,Crédit Consommation,655.38,153.01,502.37
CLI_0554,Assurance Habitation,160.05,88.09,71.95
CLI_0554,Assurance Auto,239.84,83.81,156.03
CLI_0555,Compte Courant,33.11,23.37,9.74
CLI_0555,Carte Bancaire Standard,45.0,10.0,35.0
CLI_0555,Livret A,53.02,5.0,48.02
CLI_0555,Assurance Vie,614.57,118.26,496.31
CLI_0556,Compte Courant,55.25,16.33,38.92
CLI_0556,Carte Bancaire Standard,45.0,10.0,35.0
CLI_0556,Compte Épargne,115.97,31.5,84.47
CLI_0556,Crédit Consommation,327.81,104.17,223.64
CLI_0556,Assurance Habitation,216.89,53.63,163.27
CLI_0556,Assurance Auto,341.89,61.63,280.26
CLI_0557,Compte Courant,46.6,17.12,29.48
CLI_0557,Carte Bancaire Standard,45.0,10.0,35.0
CLI_0557,Livret A,37.22,5.0,32.22
CLI_0557,Assurance Auto,564.19,90.17,474.02
CLI_0558,Compte Courant,38.07,20.98,17.09
CLI_0558,Carte Bancaire Standard,45.0,10.0,35.0
CLI_0558,Assurance Auto,280.67,64.46,216.2
CLI_0559,Compte Courant,30.63,24.52,6.11
CLI_0559,Carte Bancaire Standard,45.0,10.0,35.0
CLI_0559,Crédit Consommation,952.15,175.99,776.16
CLI_0559,Assurance Habitation,395.23,96.58,298.65
CLI_0559,Assurance Auto,494.77,101.64,393.13
CLI_0560,Compte Courant,40.11,16.04,24.07
CLI_0560,Carte Bancaire Standard,45.0,10.0,35.0
CLI_0560,Livret A,54.42,5.0,49.42
CLI_0560,Assurance Habitation,294.06,97.61,196.45
CLI_0561,Compte Courant,43.28,21.91,21.37
CLI_0561,Compte Épargne,107.5,23.54,83.96
CLI_0561,Livret A,55.52,5.0,50.52
CLI_0561,Assurance Vie,524.07,99.39,424.68
CLI_0561,Assurance Habitation,278.36,58.2,220.16
CLI_0562,Compte Courant,43.9,21.06,22.85
CLI_0562,Carte Bancaire Standard,45.0,10.0,35.0
CLI_0562,Compte Épargne,98.94,29.77,69.17
CLI_0562,Livret A,24.65,5.0,19.65
CLI_0562,Crédit Immobilier,2167.71,396.29,1771.42
CLI_0562,Assurance Auto,367.74,95.64,272.1
CLI_0563,Compte Courant,55.9,16.59,39.31
CLI_0563,Carte Bancaire Standard,45.0,10.0,35.0
CLI_0563,Compte Épargne,51.51,28.98,22.52
CLI_0564,Compte Courant,42.96,20.52,22.44
CLI_0564,Assurance Vie,699.93,130.24,569.7
CLI_0565,Compte Courant,33.0,24.34,8.66
CLI_0565,Carte Bancaire Standard,45.0,10.0,35.0
CLI_0565,Compte Épargne,61.04,32.69,28.35
CLI_0565,Livret A,60.34,5.0,55.34
CLI_0566,Compte Courant,50.4,17.65,32.74
CLI_0566,Compte Épargne,83.03,30.97,52.06
CLI_0566,Livret A,31.98,5.0,26.98
CLI_0566,Assurance Auto,208.12,93.73,114.4
CLI_0567,Compte Courant,43.96,21.57,22.39
CLI_0567,Carte Bancaire Standard,45.0,10.0,35.0
CLI_0567,Compte Épargne,64.67,36.82,27.85
CLI_0567,Crédit Immobilier,2011.78,567.4,1444.37
CLI_0567,Assurance Habitation,262.38,77.49,184.89
CLI_0568,Compte Courant,56.9,18.0,38.9
CLI_0568,Carte Bancaire Standard,45.0,10.0,35.0
CLI_0568,Compte Épargne,68.18,28.92,39.27
CLI_0568,Crédit Immobilier,2355.29,458.35,1896.93
CLI_0568,Crédit Consommation,547.73,183.74,363.99
CLI_0568,Assurance Auto,442.93,60.01,382.92
CLI_0569,Compte Courant,54.16,18.3,35.86
CLI_0569,Carte Bancaire Standard,45.0,10.0,35.0
CLI_0569,Compte Épargne,82.02,27.66,54.36
CLI_0569,Assurance Habitation,307.57,72.1,235.46
CLI_0570,Compte Courant,48.86,16.47,32.39
CLI_0570,Carte Bancaire Standard,45.0,10.0,35.0
CLI_0570,Compte Épargne,147.02,34.59,112.42
CLI_0570,Assurance Habitation,212.55,86.21,126.34
CLI_0570,Assurance Auto,430.01,66.55,363.46
CLI_0571,Compte Courant,35.35,15.41,19.93
CLI_0571,Carte Bancaire Standard,45.0,10.0,35.0
CLI_0571,Compte Épargne,130.92,31.03,99.89
CLI_0571,Crédit Consommation,585.07,95.16,489.91
CLI_0571,Assurance Auto,393.62,91.52,302.1
CLI_0572,Compte Courant,51.06,24.7,26.36
CLI_0572,Carte Bancaire Standard,45.0,10.0,35.0
CLI_0572,Assurance Vie,460.97,90.6,370.36
CLI_0573,Compte Courant,41.1,23.27,17.83
CLI_0573,Carte Bancaire Standard,45.0,10.0,35.0
CLI_0573,Compte Épargne,65.63,26.88,38.76
CLI_0573,Livret A,63.5,5.0,58.5
CLI_0573,Assurance Vie,209.42,78.94,130.48
CLI_0573,Crédit Consommation,877.3,102.31,774.99
CLI_0573,Assurance Habitation,225.68,74.3,151.38
CLI_0573,Assurance Auto,368.81,66.36,302.45
CLI_0574,Compte Courant,58.15,15.44,42.7
CLI_0574,Carte Bancaire Standard,45.0,10.0,35.0
CLI_0574,Carte Bancaire Premium,120.0,20.0,100.0
CLI_0574,Assurance Vie,649.85,57.14,592.7
CLI_0574,Assurance Auto,386.92,70.52,316.39
CLI_0575,Compte Courant,34.23,16.26,17.97
CLI_0575,Carte Bancaire Standard,45.0,10.0,35.0
CLI_0575,Compte Épargne,95.28,30.31,64.97
CLI_0575,Livret A,28.0,5.0,23.0
CLI_0575,Assurance Vie,787.64,75.78,711.86
CLI_0575,Assurance Auto,383.54,72.98,310.56
CLI_0576,Compte Courant,44.82,22.56,22.26
CLI_0576,Carte Bancaire Standard,45.0,10.0,35.0
CLI_0576,Compte Épargne,102.11,25.71,76.4
CLI_0576,Assurance Vie,349.04,125.89,223.14
CLI_0577,Compte Courant,33.55,18.7,14.85
CLI_0577,Carte Bancaire Standard,45.0,10.0,35.0
CLI_0577,Compte Épargne,65.15,25.16,39.99
CLI_0577,Livret A,29.16,5.0,24.16
CLI_0577,Assurance Auto,554.71,103.91,450.79
CLI_0578,Compte Courant,46.83,17.24,29.58
CLI_0578,Carte Bancaire Standard,45.0,10.0,35.0
CLI_0578,Compte Épargne,101.02,30.42,70.61
CLI_0578,Livret A,55.42,5.0,50.42
CLI_0578,Assurance Auto,224.03,118.37,105.66
CLI_0579,Compte Courant,43.96,24.27,19.7
CLI_0579,Carte Bancaire Standard,45.0,10.0,35.0
CLI_0579,Carte Bancaire Premium,120.0,20.0,100.0
CLI_0579,Compte Épargne,50.98,24.95,26.03
CLI_0579,Crédit Immobilier,1863.98,530.88,1333.1
CLI_0579,Crédit Consommation,588.11,180.86,407.25
CLI_0580,Compte Courant,54.97,21.68,33.29
CLI_0580,Carte Bancaire Standard,45.0,10.0,35.0
CLI_0580,Carte Bancaire Premium,120.0,20.0,100.0
CLI_0580,Crédit Immobilier,3830.24,510.05,3320.19
CLI_0580,Crédit Consommation,906.39,126.43,779.96
CLI_0581,Compte Courant,50.48,23.97,26.51
CLI_0581,Carte Bancaire Standard,45.0,10.0,35.0
CLI_0581,Compte Épargne,83.26,38.9,44.36
CLI_0581,Livret A,20.81,5.0,15.81
CLI_0581,Crédit Immobilier,2721.79,339.63,2382.16
CLI_0581,Assurance Habitation,181.65,90.77,90.88
CLI_0581,Assurance Auto,567.35,106.67,460.68
CLI_0582,Compte Courant,59.3,17.16,42.14
CLI_0582,Carte Bancaire Standard,45.0,10.0,35.0
CLI_0582,Carte Bancaire Premium,120.0,20.0,100.0
CLI_0582,Compte Épargne,64.08,30.41,33.67
CLI_0582,Assurance Vie,697.42,53.98,643.44
CLI_0582,Assurance Habitation,398.89,80.11,318.78
CLI_0582,Assurance Auto,591.58,81.9,509.67
CLI_0583,Compte Courant,43.74,22.52,21.22
CLI_0583,Carte Bancaire Standard,45.0,10.0,35.0
CLI_0583,Carte Bancaire Premium,120.0,20.0,100.0
CLI_0583,Compte Épargne,129.27,24.66,104.61
CLI_0583,Assurance Vie,757.88,136.74,621.14
CLI_0583,Assurance Habitation,154.55,56.43,98.12
CLI_0583,Assurance Auto,398.44,87.66,310.78
CLI_0584,Compte Courant,51.25,15.9,35.35
CLI_0584,Carte Bancaire Standard,45.0,10.0,35.0
CLI_0584,Compte Épargne,114.49,32.33,82.16
CLI_0584,Assurance Vie,340.17,104.24,235.93
CLI_0585,Compte Courant,36.67,16.47,20.2
CLI_0585,Carte Bancaire Standard,45.0,10.0,35.0
CLI_0585,Compte Épargne,107.31,39.55,67.76
CLI_0586,Compte Courant,37.11,18.55,18.55
CLI_0586,Crédit Immobilier,2398.01,379.94,2018.07
CLI_0586,Assurance Habitation,251.05,85.09,165.96
CLI_0587,Compte Courant,31.16,24.57,6.59
CLI_0587,Carte Bancaire Standard,45.0,10.0,35.0
CLI_0587,Compte Épargne,54.63,37.63,17.0
CLI_0587,Livret A,73.66,5.0,68.66
CLI_0587,Assurance Habitation,281.12,56.85,224.27
CLI_0588,Compte Courant,46.95,21.29,25.67
CLI_0588,Carte Bancaire Standard,45.0,10.0,35.0
CLI_0588,Carte Bancaire Premium,120.0,20.0,100.0
CLI_0588,Compte Épargne,135.78,31.02,104.76
CLI_0588,Livret A,44.64,5.0,39.64
CLI_0588,Crédit Immobilier,4434.02,594.29,3839.73
CLI_0588,Assurance Habitation,311.28,93.72,217.56
CLI_0588,Assurance Auto,439.49,101.39,338.11
CLI_0589,Compte Courant,50.65,22.05,28.6
CLI_0589,Carte Bancaire Standard,45.0,10.0,35.0
CLI_0589,Compte Épargne,82.1,31.51,50.59
CLI_0589,Livret A,55.65,5.0,50.65
CLI_0589,Crédit Consommation,583.56,121.98,461.58
CLI_0589,Assurance Habitation,340.56,79.14,261.43
CLI_0589,Assurance Auto,259.68,110.26,149.43
CLI_0590,Compte Courant,56.49,19.66,36.83
CLI_0590,Carte Bancaire Standard,45.0,10.0,35.0
CLI_0590,Crédit Immobilier,2231.18,584.28,1646.89
CLI_0590,Assurance Auto,552.91,74.66,478.24
CLI_0591,Compte Courant,32.87,19.41,13.46
CLI_0591,Carte Bancaire Standard,45.0,10.0,35.0
CLI_0591,Compte Épargne,117.64,23.51,94.13
CLI_0591,Livret A,50.79,5.0,45.79
CLI_0591,Crédit Immobilier,2988.95,567.17,2421.79
CLI_0592,Compte Courant,42.89,20.34,22.55
CLI_0592,Carte Bancaire Standard,45.0,10.0,35.0
CLI_0592,Carte Bancaire Premium,120.0,20.0,100.0
CLI_0592,Compte Épargne,145.53,25.99,119.53
CLI_0592,Livret A,37.34,5.0,32.34
CLI_0592,Assurance Vie,679.76,77.75,602.0
CLI_0592,Assurance Habitation,357.97,54.78,303.19
CLI_0593,Compte Courant,33.34,24.01,9.32
CLI_0593,Carte Bancaire Standard,45.0,10.0,35.0
CLI_0593,Carte Bancaire Premium,120.0,20.0,100.0
CLI_0593,Compte Épargne,104.08,34.38,69.7
CLI_0593,Assurance Vie,335.17,66.63,268.55
CLI_0594,Compte Courant,55.05,18.59,36.46
CLI_0594,Carte Bancaire Standard,45.0,10.0,35.0
CLI_0594,Carte Bancaire Premium,120.0,20.0,100.0
CLI_0594,Compte Épargne,95.5,20.56,74.94
CLI_0594,Livret A,43.15,5.0,38.15
CLI_0594,Assurance Vie,662.26,132.13,530.14
CLI_0594,Crédit Immobilier,3945.64,507.65,3437.99
CLI_0594,Assurance Auto,402.5,92.3,310.2
CLI_0595,Compte Courant,52.28,17.47,34.81
CLI_0595,Carte Bancaire Standard,45.0,10.0,35.0
CLI_0595,Livret A,33.89,5.0,28.89
CLI_0595,Assurance Vie,769.95,52.77,717.19
CLI_0595,Assurance Auto,255.79,94.22,161.57
CLI_0596,Compte Courant,52.14,20.38,31.76
CLI_0596,Carte Bancaire Standard,45.0,10.0,35.0
CLI_0596,Carte Bancaire Premium,120.0,20.0,100.0
CLI_0596,Compte Épargne,85.51,39.56,45.95
CLI_0596,Assurance Vie,622.31,133.14,489.17
CLI_0596,Assurance Habitation,160.06,61.8,98.27
CLI_0597,Compte Courant,41.23,16.83,24.4
CLI_0597,Carte Bancaire Standard,45.0,10.0,35.0
CLI_0597,Assurance Vie,243.74,72.51,171.23
CLI_0597,Assurance Auto,413.45,101.74,311.71
CLI_0598,Compte Courant,53.22,15.43,37.79
CLI_0598,Carte Bancaire Standard,45.0,10.0,35.0
CLI_0598,Livret A,45.68,5.0,40.68
CLI_0598,Assurance Vie,273.33,93.12,180.21
CLI_0598,Crédit Immobilier,3018.92,449.46,2569.45
CLI_0598,Assurance Habitation,373.21,90.25,282.95
CLI_0598,Assurance Auto,454.69,113.12,341.56
CLI_0599,Compte Courant,50.35,23.19,27.17
CLI_0599,Carte Bancaire Standard,45.0,10.0,35.0
CLI_0599,Crédit Immobilier,3473.22,457.57,3015.66
CLI_0599,Assurance Auto,489.64,61.18,428.46
CLI_0600,Compte Courant,50.71,24.35,26.37
CLI_0600,Carte Bancaire Standard,45.0,10.0,35.0
CLI_0600,Compte Épargne,121.39,20.74,100.66
CLI_0600,Assurance Vie,426.73,130.96,295.77
CLI_0600,Crédit Consommation,1162.75,124.42,1038.33
CLI_0600,Assurance Auto,536.48,111.83,424.65
CLI_0601,Compte Courant,33.7,23.46,10.24
CLI_0601,Carte Bancaire Standard,45.0,10.0,35.0
CLI_0601,Compte Épargne,82.42,31.86,50.56
CLI_0601,Assurance Habitation,284.74,83.15,201.59
CLI_0602,Compte Courant,52.21,19.41,32.81
CLI_0602,Carte Bancaire Standard,45.0,10.0,35.0
CLI_0602,Compte Épargne,138.83,36.19,102.64
CLI_0602,Livret A,67.13,5.0,62.13
CLI_0603,Compte Courant,43.75,15.38,28.37
CLI_0603,Carte Bancaire Standard,45.0,10.0,35.0
CLI_0603,Livret A,49.54,5.0,44.54
CLI_0603,Assurance Habitation,374.61,59.52,315.09
CLI_0604,Compte Courant,59.48,23.08,36.4
CLI_0604,Carte Bancaire Standard,45.0,10.0,35.0
CLI_0604,Livret A,62.59,5.0,57.59
CLI_0604,Assurance Habitation,319.29,79.35,239.94
CLI_0604,Assurance Auto,488.27,85.31,402.95
CLI_0605,Compte Courant,55.36,21.96,33.4
CLI_0605,Carte Bancaire Standard,45.0,10.0,35.0
CLI_0605,Assurance Vie,662.75,129.25,533.5
CLI_0605,Assurance Auto,236.83,63.34,173.49
CLI_0606,Compte Courant,54.03,17.59,36.44
CLI_0606,Carte Bancaire Standard,45.0,10.0,35.0
CLI_0606,Compte Épargne,108.2,28.87,79.32
CLI_0606,Crédit Immobilier,1577.14,312.08,1265.05
CLI_0607,Compte Courant,54.81,21.08,33.74
CLI_0607,Carte Bancaire Standard,45.0,10.0,35.0
CLI_0607,Compte Épargne,102.38,38.89,63.5
CLI_0607,Assurance Vie,303.87,75.8,228.07
CLI_0607,Crédit Immobilier,4148.59,532.57,3616.02
CLI_0607,Assurance Habitation,251.22,97.55,153.68
CLI_0607,Assurance Auto,575.3,60.74,514.56
CLI_0608,Compte Courant,35.17,23.2,11.97
CLI_0608,Carte Bancaire Standard,45.0,10.0,35.0
CLI_0608,Carte Bancaire Premium,120.0,20.0,100.0
CLI_0608,Compte Épargne,83.52,21.91,61.61
CLI_0608,Livret A,67.1,5.0,62.1
CLI_0608,Assurance Vie,472.75,99.24,373.51
CLI_0608,Assurance Habitation,196.59,83.04,113.55
CLI_0609,Compte Courant,46.54,17.07,29.47
CLI_0609,Carte Bancaire Standard,45.0,10.0,35.0
CLI_0609,Crédit Consommation,606.3,151.63,454.67
CLI_0610,Compte Courant,57.75,24.2,33.54
CLI_0610,Carte Bancaire Standard,45.0,10.0,35.0
CLI_0610,Carte Bancaire Premium,120.0,20.0,100.0
CLI_0610,Compte Épargne,78.79,34.71,44.08
CLI_0610,Livret A,66.53,5.0,61.53
CLI_0610,Assurance Vie,685.29,107.08,578.22
CLI_0610,Crédit Immobilier,1536.78,528.5,1008.28
CLI_0611,Compte Courant,33.2,16.17,17.03
CLI_0611,Carte Bancaire Standard,45.0,10.0,35.0
CLI_0611,Assurance Auto,442.25,119.01,323.24
CLI_0612,Compte Courant,37.28,21.46,15.82
CLI_0612,Carte Bancaire Standard,45.0,10.0,35.0
CLI_0612,Carte Bancaire Premium,120.0,20.0,100.0
CLI_0612,Livret A,38.22,5.0,33.22
CLI_0612,Assurance Vie,739.24,109.35,629.88
CLI_0612,Crédit Consommation,486.73,111.46,375.27
CLI_0612,Assurance Habitation,258.12,56.1,202.02
CLI_0612,Assurance Auto,231.49,100.8,130.69
CLI_0613,Compte Courant,42.21,22.26,19.95
CLI_0613,Carte Bancaire Standard,45.0,10.0,35.0
CLI_0613,Carte Bancaire Premium,120.0,20.0,100.0
CLI_0613,Compte Épargne,61.01,32.2,28.81
CLI_0613,Assurance Vie,465.98,55.8,410.18
CLI_0613,Crédit Consommation,790.32,89.94,700.39
CLI_0613,Assurance Habitation,356.93,81.6,275.33
CLI_0613,Assurance Auto,422.79,68.01,354.78
CLI_0614,Compte Courant,38.62,19.93,18.69
CLI_0614,Carte Bancaire Standard,45.0,10.0,35.0
CLI_0614,Carte Bancaire Premium,120.0,20.0,100.0
CLI_0614,Compte Épargne,113.33,23.66,89.66
CLI_0614,Livret A,20.53,5.0,15.53
CLI_0614,Assurance Auto,337.9,88.97,248.93
CLI_0615,Compte Courant,35.53,19.92,15.61
CLI_0615,Carte Bancaire Standard,45.0,10.0,35.0
CLI_0615,Compte Épargne,83.85,29.1,54.75
CLI_0615,Assurance Auto,338.98,97.71,241.28
CLI_0616,Compte Courant,31.29,16.71,14.58
CLI_0616,Carte Bancaire Standard,45.0,10.0,35.0
CLI_0616,Compte Épargne,93.28,27.13,66.15
CLI_0616,Assurance Habitation,247.91,90.19,157.72
CLI_0617,Compte Courant,56.59,17.49,39.1
CLI_0617,Carte Bancaire Standard,45.0,10.0,35.0
CLI_0617,Compte Épargne,133.64,29.18,104.46
CLI_0617,Livret A,36.43,5.0,31.43
CLI_0617,Crédit Consommation,1186.91,178.98,1007.93
CLI_0617,Assurance Habitation,398.56,58.41,340.15
CLI_0617,Assurance Auto,257.54,90.2,167.33
CLI_0618,Compte Courant,49.16,16.71,32.45
CLI_0618,Carte Bancaire Standard,45.0,10.0,35.0
CLI_0618,Compte Épargne,136.04,30.64,105.4
CLI_0618,Assurance Vie,446.57,110.21,336.36
CLI_0618,Crédit Immobilier,3722.34,312.83,3409.5
CLI_0619,Compte Courant,60.0,18.64,41.36
CLI_0619,Carte Bancaire Standard,45.0,10.0,35.0
CLI_0619,Carte Bancaire Premium,120.0,20.0,100.0
CLI_0619,Livret A,23.69,5.0,18.69
CLI_0619,Assurance Vie,711.39,149.3,562.09
CLI_0620,Compte Courant,54.49,23.52,30.97
CLI_0621,Compte Courant,48.78,24.22,24.55
CLI_0621,Carte Bancaire Standard,45.0,10.0,35.0
CLI_0621,Crédit Consommation,332.16,172.01,160.16
CLI_0621,Assurance Auto,468.28,62.98,405.31
CLI_0622,Compte Courant,46.32,20.15,26.17
CLI_0622,Crédit Consommation,922.38,89.3,833.08
CLI_0623,Compte Courant,54.16,16.39,37.76
CLI_0623,Carte Bancaire Standard,45.0,10.0,35.0
CLI_0623,Compte Épargne,91.87,37.63,54.24
CLI_0623,Crédit Immobilier,3461.86,413.88,3047.98
CLI_0623,Assurance Habitation,162.05,83.61,78.44
CLI_0624,Compte Courant,59.6,24.12,35.48
CLI_0624,Carte Bancaire Standard,45.0,10.0,35.0
CLI_0624,Compte Épargne,121.73,22.11,99.62
CLI_0625,Compte Courant,37.18,16.87,20.31
CLI_0625,Carte Bancaire Standard,45.0,10.0,35.0
CLI_0626,Compte Courant,40.66,17.36,23.31
CLI_0626,Carte Bancaire Standard,45.0,10.0,35.0
CLI_0626,Compte Épargne,74.44,32.33,42.11
CLI_0626,Livret A,39.12,5.0,34.12
CLI_0627,Compte Courant,50.31,24.48,25.84
CLI_0627,Carte Bancaire Standard,45.0,10.0,35.0
CLI_0627,Livret A,58.31,5.0,53.31
CLI_0627,Crédit Consommation,976.49,170.19,806.3
CLI_0627,Assurance Auto,332.28,60.9,271.38
CLI_0628,Compte Courant,31.65,17.82,13.83
CLI_0628,Carte Bancaire Standard,45.0,10.0,35.0
CLI_0628,Carte Bancaire Premium,120.0,20.0,100.0
CLI_0628,Assurance Vie,613.73,140.67,473.06
CLI_0628,Assurance Habitation,389.7,51.29,338.41
CLI_0629,Compte Courant,59.7,18.22,41.48
CLI_0629,Carte Bancaire Standard,45.0,10.0,35.0
CLI_0629,Compte Épargne,134.3,23.61,110.69
CLI_0629,Livret A,23.77,5.0,18.77
CLI_0629,Crédit Immobilier,2824.24,557.68,2266.57
CLI_0629,Assurance Auto,288.33,69.24,219.09
CLI_0630,Compte Courant,57.29,24.38,32.91
CLI_0630,Carte Bancaire Standard,45.0,10.0,35.0
CLI_0630,Livret A,20.75,5.0,15.75
CLI_0630,Assurance Habitation,331.86,65.46,266.4
CLI_0631,Compte Courant,41.24,19.69,21.55
CLI_0631,Carte Bancaire Standard,45.0,10.0,35.0
CLI_0631,Crédit Consommation,684.11,141.8,542.32
CLI_0631,Assurance Auto,432.94,87.94,345.01
CLI_0632,Compte Courant,51.05,22.19,28.86
CLI_0632,Carte Bancaire Standard,45.0,10.0,35.0
CLI_0632,Crédit Immobilier,3041.26,342.74,2698.52
CLI_0632,Assurance Habitation,310.16,88.65,221.51
CLI_0632,Assurance Auto,455.24,95.28,359.96
CLI_0633,Compte Courant,36.88,21.45,15.43
CLI_0633,Carte Bancaire Standard,45.0,10.0,35.0
CLI_0633,Compte Épargne,83.49,38.39,45.09
CLI_0633,Assurance Vie,592.23,77.82,514.41
CLI_0633,Crédit Consommation,725.63,181.59,544.04
CLI_0633,Assurance Auto,334.19,91.53,242.66
CLI_0634,Compte Courant,50.39,22.55,27.84
CLI_0634,Carte Bancaire Standard,45.0,10.0,35.0
CLI_0634,Compte Épargne,67.39,31.3,36.09
CLI_0634,Crédit Consommation,1120.98,196.2,924.78
CLI_0634,Assurance Auto,462.46,119.02,343.44
CLI_0635,Compte Courant,47.12,19.43,27.7
CLI_0635,Carte Bancaire Standard,45.0,10.0,35.0
CLI_0635,Compte Épargne,105.16,22.31,82.84
CLI_0635,Livret A,44.1,5.0,39.1
CLI_0635,Assurance Auto,383.36,110.92,272.44
CLI_0636,Compte Courant,52.76,21.01,31.75
CLI_0636,Carte Bancaire Standard,45.0,10.0,35.0
CLI_0637,Compte Courant,40.42,16.87,23.55
CLI_0637,Carte Bancaire Standard,45.0,10.0,35.0
CLI_0637,Carte Bancaire Premium,120.0,20.0,100.0
CLI_0637,Crédit Consommation,612.99,161.58,451.41
CLI_0637,Assurance Auto,305.22,85.61,219.6
CLI_0638,Compte Courant,41.6,22.66,18.95
CLI_0638,Livret A,73.03,5.0,68.03
CLI_0638,Crédit Immobilier,3947.8,402.48,3545.32
CLI_0638,Assurance Auto,373.27,68.6,304.67
CLI_0639,Compte Courant,35.04,16.64,18.4
CLI_0639,Livret A,27.84,5.0,22.84
CLI_0639,Assurance Vie,307.75,70.27,237.48
CLI_0640,Compte Courant,33.36,21.4,11.95
CLI_0640,Carte Bancaire Standard,45.0,10.0,35.0
CLI_0640,Compte Épargne,149.04,37.58,111.46
CLI_0641,Compte Courant,31.37,19.23,12.14
CLI_0641,Carte Bancaire Standard,45.0,10.0,35.0
CLI_0641,Compte Épargne,135.93,22.69,113.24
CLI_0641,Livret A,70.86,5.0,65.86
CLI_0641,Assurance Vie,555.62,143.13,412.49
CLI_0641,Assurance Habitation,369.01,83.85,285.16
CLI_0642,Compte Courant,49.73,17.13,32.6
CLI_0642,Carte Bancaire Standard,45.0,10.0,35.0
CLI_0642,Carte Bancaire Premium,120.0,20.0,100.0
CLI_0642,Compte Épargne,61.68,28.31,33.37
CLI_0643,Compte Courant,35.6,16.02,19.57
CLI_0643,Carte Bancaire Standard,45.0,10.0,35.0
CLI_0643,Carte Bancaire Premium,120.0,20.0,100.0
CLI_0643,Livret A,38.14,5.0,33.14
CLI_0644,Compte Courant,55.81,15.17,40.64
CLI_0644,Carte Bancaire Standard,45.0,10.0,35.0
CLI_0644,Compte Épargne,79.26,28.48,50.78
CLI_0644,Assurance Vie,506.34,68.16,438.18
CLI_0645,Compte Courant,58.93,20.79,38.14
CLI_0645,Carte Bancaire Standard,45.0,10.0,35.0
CLI_0645,Carte Bancaire Premium,120.0,20.0,100.0
CLI_0645,Assurance Vie,513.27,50.88,462.38
CLI_0645,Assurance Habitation,271.43,91.88,179.55
CLI_0646,Compte Courant,36.59,18.51,18.08
CLI_0646,Carte Bancaire Standard,45.0,10.0,35.0
CLI_0646,Assurance Vie,212.34,147.69,64.65
CLI_0646,Assurance Auto,226.66,113.89,112.77
CLI_0647,Compte Courant,39.39,20.88,18.51
CLI_0647,Livret A,60.76,5.0,55.76
CLI_0647,Crédit Immobilier,1992.9,433.13,1559.77
CLI_0647,Assurance Auto,330.19,63.4,266.79
CLI_0648,Compte Courant,55.0,15.45,39.54
CLI_0648,Carte Bancaire Standard,45.0,10.0,35.0
CLI_0648,Carte Bancaire Premium,120.0,20.0,100.0
CLI_0648,Compte Épargne,115.33,26.28,89.04
CLI_0648,Livret A,31.53,5.0,26.53
CLI_0648,Assurance Habitation,316.77,78.73,238.04
CLI_0648,Assurance Auto,326.1,90.78,235.32
CLI_0649,Compte Courant,37.39,23.64,13.75
CLI_0649,Carte Bancaire Standard,45.0,10.0,35.0
CLI_0649,Compte Épargne,81.38,24.9,56.48
CLI_0649,Livret A,65.11,5.0,60.11
CLI_0649,Assurance Auto,207.04,76.08,130.96
CLI_0650,Compte Courant,41.26,23.82,17.44
CLI_0650,Carte Bancaire Standard,45.0,10.0,35.0
CLI_0650,Compte Épargne,145.04,34.33,110.71
CLI_0650,Assurance Vie,495.52,114.06,381.46
CLI_0650,Assurance Auto,365.6,77.93,287.67
CLI_0651,Compte Courant,58.52,16.15,42.37
CLI_0651,Carte Bancaire Standard,45.0,10.0,35.0
CLI_0651,Carte Bancaire Premium,120.0,20.0,100.0
CLI_0651,Compte Épargne,84.64,37.98,46.66
CLI_0651,Livret A,63.39,5.0,58.39
CLI_0651,Assurance Vie,217.46,52.31,165.15
CLI_0651,Crédit Consommation,764.86,138.11,626.75
CLI_0651,Assurance Habitation,260.75,65.12,195.63
CLI_0652,Compte Courant,59.6,17.72,41.88
CLI_0652,Carte Bancaire Standard,45.0,10.0,35.0
CLI_0652,Carte Bancaire Premium,120.0,20.0,100.0
CLI_0653,Compte Courant,44.7,19.05,25.65
CLI_0653,Carte Bancaire Standard,45.0,10.0,35.0
CLI_0653,Livret A,30.21,5.0,25.21
CLI_0653,Assurance Auto,281.05,115.1,165.95
CLI_0654,Compte Courant,55.75,16.99,38.76
CLI_0654,Carte Bancaire Standard,45.0,10.0,35.0
CLI_0654,Assurance Habitation,368.92,60.46,308.46
CLI_0655,Compte Courant,48.8,15.81,32.98
CLI_0655,Carte Bancaire Standard,45.0,10.0,35.0
CLI_0655,Assurance Vie,728.22,55.15,673.07
CLI_0656,Compte Courant,46.65,22.8,23.85
CLI_0656,Carte Bancaire Standard,45.0,10.0,35.0
CLI_0656,Compte Épargne,61.68,28.09,33.59
CLI_0656,Livret A,22.52,5.0,17.52
CLI_0656,Crédit Immobilier,3889.63,392.23,3497.4
CLI_0657,Compte Courant,46.78,24.33,22.45
CLI_0657,Carte Bancaire Standard,45.0,10.0,35.0
CLI_0657,Compte Épargne,80.59,20.97,59.61
CLI_0657,Assurance Vie,605.38,128.68,476.69
CLI_0658,Compte Courant,58.74,16.58,42.16
CLI_0658,Carte Bancaire Standard,45.0,10.0,35.0
CLI_0658,Livret A,43.53,5.0,38.53
CLI_0659,Compte Courant,55.32,23.07,32.26
CLI_0659,Carte Bancaire Standard,45.0,10.0,35.0
CLI_0659,Compte Épargne,112.48,25.39,87.09
CLI_0659,Livret A,37.04,5.0,32.04
CLI_0659,Assurance Habitation,181.0,96.09,84.91
CLI_0660,Compte Courant,35.19,20.73,14.46
CLI_0660,Carte Bancaire Standard,45.0,10.0,35.0
CLI_0660,Compte Épargne,108.44,27.39,81.04
CLI_0660,Crédit Immobilier,2733.81,500.58,2233.24
CLI_0660,Assurance Auto,355.32,75.31,280.01
CLI_0661,Compte Courant,41.97,23.08,18.9
CLI_0662,Compte Courant,58.99,21.36,37.63
CLI_0662,Carte Bancaire Standard,45.0,10.0,35.0
CLI_0662,Carte Bancaire Premium,120.0,20.0,100.0
CLI_0662,Compte Épargne,128.21,30.66,97.55
CLI_0662,Livret A,57.49,5.0,52.49
CLI_0662,Crédit Consommation,1189.28,132.61,1056.67
CLI_0663,Compte Courant,31.99,24.57,7.42
CLI_0663,Carte Bancaire Standard,45.0,10.0,35.0
CLI_0663,Compte Épargne,129.31,27.97,101.34
CLI_0663,Assurance Vie,789.44,84.55,704.88
CLI_0663,Assurance Auto,348.85,96.58,252.26
CLI_0664,Compte Courant,38.23,21.99,16.24
CLI_0664,Carte Bancaire Standard,45.0,10.0,35.0
CLI_0664,Assurance Vie,291.71,60.8,230.91
CLI_0664,Assurance Habitation,283.72,77.77,205.94
CLI_0665,Compte Courant,33.2,24.64,8.56
CLI_0665,Compte Épargne,107.33,23.02,84.31
CLI_0665,Livret A,38.69,5.0,33.69
CLI_0665,Assurance Auto,520.09,91.39,428.7
CLI_0666,Compte Courant,35.64,16.03,19.62
CLI_0666,Carte Bancaire Standard,45.0,10.0,35.0
CLI_0666,Crédit Consommation,687.7,120.49,567.21
CLI_0666,Assurance Auto,462.37,115.51,346.85
CLI_0667,Compte Courant,37.43,23.55,13.88
CLI_0667,Carte Bancaire Standard,45.0,10.0,35.0
CLI_0667,Compte Épargne,142.05,38.04,104.01
CLI_0667,Livret A,77.12,5.0,72.12
CLI_0667,Assurance Vie,705.27,109.35,595.92
CLI_0667,Assurance Habitation,252.46,74.58,177.88
CLI_0667,Assurance Auto,549.04,78.08,470.96
CLI_0668,Compte Courant,34.78,16.41,18.37
CLI_0668,Carte Bancaire Standard,45.0,10.0,35.0
CLI_0668,Compte Épargne,132.7,35.23,97.47
CLI_0669,Compte Courant,44.93,17.75,27.18
CLI_0669,Carte Bancaire Standard,45.0,10.0,35.0
CLI_0669,Livret A,60.66,5.0,55.66
CLI_0669,Crédit Immobilier,1634.52,470.47,1164.05
CLI_0670,Compte Courant,41.95,24.78,17.17
CLI_0670,Compte Épargne,100.76,31.05,69.71
CLI_0670,Livret A,62.74,5.0,57.74
CLI_0670,Assurance Habitation,271.13,61.23,209.91
CLI_0671,Compte Courant,46.12,24.44,21.68
CLI_0671,Carte Bancaire Standard,45.0,10.0,35.0
CLI_0671,Compte Épargne,90.99,33.59,57.4
CLI_0671,Crédit Immobilier,4923.12,548.98,4374.14
CLI_0672,Compte Courant,49.77,22.36,27.41
CLI_0672,Carte Bancaire Standard,45.0,10.0,35.0
CLI_0672,Compte Épargne,143.65,39.2,104.45
CLI_0672,Crédit Consommation,1172.07,155.08,1016.99
CLI_0672,Assurance Habitation,246.18,56.66,189.52
CLI_0673,Compte Courant,41.57,24.43,17.14
CLI_0673,Carte Bancaire Standard,45.0,10.0,35.0
CLI_0673,Compte Épargne,138.98,30.47,108.51
CLI_0673,Livret A,52.22,5.0,47.22
CLI_0673,Assurance Vie,385.35,95.45,289.9
CLI_0673,Assurance Habitation,328.61,70.12,258.49
CLI_0674,Compte Courant,35.64,20.41,15.23
CLI_0674,Carte Bancaire Standard,45.0,10.0,35.0
CLI_0674,Compte Épargne,72.53,39.49,33.05
CLI_0674,Assurance Auto,356.14,114.58,241.56
CLI_0675,Compte Courant,36.77,16.89,19.87
CLI_0675,Crédit Consommation,855.21,173.53,681.69
CLI_0676,Compte Courant,47.0,17.3,29.7
CLI_0676,Carte Bancaire Standard,45.0,10.0,35.0
CLI_0676,Compte Épargne,53.79,32.37,21.42
CLI_0676,Crédit Consommation,417.93,121.18,296.75
CLI_0677,Compte Courant,50.27,15.98,34.29
CLI_0677,Carte Bancaire Standard,45.0,10.0,35.0
CLI_0677,Compte Épargne,62.73,21.23,41.49
CLI_0677,Livret A,79.76,5.0,74.76
CLI_0677,Crédit Immobilier,2854.77,571.74,2283.03
CLI_0678,Compte Courant,38.81,22.53,16.28
CLI_0678,Carte Bancaire Standard,45.0,10.0,35.0
CLI_0678,Assurance Auto,287.63,89.9,197.73
CLI_0679,Compte Courant,54.74,23.16,31.58
CLI_0679,Carte Bancaire Premium,120.0,20.0,100.0
CLI_0679,Compte Épargne,129.43,36.47,92.95
CLI_0679,Assurance Vie,326.88,98.22,228.66
CLI_0679,Assurance Habitation,271.22,94.53,176.69
CLI_0679,Assurance Auto,318.76,115.89,202.87
CLI_0680,Compte Courant,43.52,21.7,21.83
CLI_0680,Carte Bancaire Standard,45.0,10.0,35.0
CLI_0680,Compte Épargne,76.89,28.21,48.68
CLI_0680,Livret A,62.59,5.0,57.59
CLI_0680,Assurance Vie,507.65,143.07,364.58
CLI_0680,Assurance Auto,494.85,93.86,400.99
CLI_0681,Compte Courant,56.6,21.66,34.94
CLI_0681,Carte Bancaire Standard,45.0,10.0,35.0
CLI_0681,Compte Épargne,114.73,24.93,89.8
CLI_0681,Livret A,43.69,5.0,38.69
CLI_0681,Crédit Immobilier,3891.56,567.54,3324.03
CLI_0681,Assurance Habitation,228.89,60.77,168.11
CLI_0681,Assurance Auto,437.48,64.03,373.45
CLI_0682,Compte Courant,51.44,22.03,29.4
CLI_0682,Carte Bancaire Standard,45.0,10.0,35.0
CLI_0682,Carte Bancaire Premium,120.0,20.0,100.0
CLI_0682,Compte Épargne,85.5,37.85,47.64
CLI_0682,Livret A,50.13,5.0,45.13
CLI_0682,Assurance Auto,458.31,72.57,385.73
CLI_0683,Compte Courant,42.52,23.62,18.9
CLI_0683,Carte Bancaire Standard,45.0,10.0,35.0
CLI_0683,Carte Bancaire Premium,120.0,20.0,100.0
CLI_0683,Compte Épargne,71.29,27.81,43.48
CLI_0683,Assurance Habitation,229.52,57.56,171.96
CLI_0684,Compte Courant,38.69,17.33,21.36
CLI_0684,Carte Bancaire Standard,45.0,10.0,35.0
CLI_0684,Compte Épargne,142.36,34.82,107.54
CLI_0685,Compte Courant,39.48,22.63,16.85
CLI_0685,Carte Bancaire Standard,45.0,10.0,35.0
CLI_0685,Compte Épargne,52.21,30.53,21.68
CLI_0685,Assurance Vie,350.2,61.43,288.77
CLI_0685,Crédit Consommation,1095.38,103.92,991.46
CLI_0685,Assurance Auto,528.96,84.79,444.16
CLI_0686,Compte Courant,30.43,22.33,8.1
CLI_0686,Carte Bancaire Standard,45.0,10.0,35.0
CLI_0686,Compte Épargne,109.64,26.88,82.75
CLI_0687,Compte Courant,38.45,15.74,22.71
CLI_0687,Carte Bancaire Standard,45.0,10.0,35.0
CLI_0687,Compte Épargne,144.14,29.88,114.26
CLI_0688,Compte Courant,32.57,23.69,8.88
CLI_0688,Carte Bancaire Standard,45.0,10.0,35.0
CLI_0688,Livret A,36.73,5.0,31.73
CLI_0688,Crédit Consommation,483.24,113.71,369.53
CLI_0689,Compte Courant,46.94,15.74,31.2
CLI_0689,Carte Bancaire Standard,45.0,10.0,35.0
CLI_0689,Compte Épargne,98.18,37.91,60.26
CLI_0690,Compte Courant,35.65,18.31,17.33
CLI_0690,Carte Bancaire Standard,45.0,10.0,35.0
CLI_0690,Compte Épargne,89.61,31.72,57.89
CLI_0691,Compte Courant,57.58,18.95,38.63
CLI_0691,Carte Bancaire Standard,45.0,10.0,35.0
CLI_0691,Carte Bancaire Premium,120.0,20.0,100.0
CLI_0691,Compte Épargne,56.92,26.96,29.96
CLI_0691,Crédit Immobilier,2165.3,495.53,1669.77
CLI_0691,Crédit Consommation,326.34,115.03,211.3
CLI_0691,Assurance Habitation,286.29,63.87,222.43
CLI_0691,Assurance Auto,420.4,66.88,353.52
CLI_0692,Compte Courant,58.28,17.91,40.38
CLI_0692,Carte Bancaire Standard,45.0,10.0,35.0
CLI_0692,Compte Épargne,142.3,26.52,115.78
CLI_0692,Assurance Vie,669.1,74.62,594.49
CLI_0692,Crédit Immobilier,3844.19,397.11,3447.08
CLI_0692,Assurance Auto,403.66,100.43,303.23
CLI_0693,Compte Courant,47.67,20.76,26.9
CLI_0693,Carte Bancaire Standard,45.0,10.0,35.0
CLI_0693,Compte Épargne,56.57,24.98,31.59
CLI_0693,Livret A,54.31,5.0,49.31
CLI_0693,Crédit Consommation,316.49,110.08,206.41
CLI_0693,Assurance Auto,291.67,74.99,216.68
CLI_0694,Compte Courant,46.07,20.82,25.25
CLI_0694,Compte Épargne,140.9,27.72,113.18
CLI_0695,Compte Courant,57.8,21.52,36.28
CLI_0695,Carte Bancaire Standard,45.0,10.0,35.0
CLI_0695,Compte Épargne,141.27,36.67,104.6
CLI_0695,Livret A,61.25,5.0,56.25
CLI_0695,Assurance Auto,342.44,74.47,267.98
CLI_0696,Compte Courant,36.67,24.52,12.15
CLI_0696,Carte Bancaire Standard,45.0,10.0,35.0
CLI_0696,Carte Bancaire Premium,120.0,20.0,100.0
CLI_0696,Assurance Habitation,389.64,86.24,303.4
CLI_0696,Assurance Auto,553.52,115.14,438.38
CLI_0697,Compte Courant,45.35,21.29,24.06
CLI_0697,Carte Bancaire Standard,45.0,10.0,35.0
CLI_0697,Assurance Vie,451.25,91.85,359.4
CLI_0697,Crédit Immobilier,1634.5,430.15,1204.35
CLI_0697,Assurance Habitation,318.37,71.1,247.27
CLI_0697,Assurance Auto,548.96,79.95,469.01
CLI_0698,Compte Courant,33.98,23.12,10.86
CLI_0698,Compte Épargne,117.39,24.84,92.56
CLI_0698,Livret A,52.19,5.0,47.19
CLI_0698,Assurance Vie,441.11,143.89,297.23
CLI_0698,Assurance Auto,442.93,69.5,373.43
CLI_0699,Compte Courant,45.06,23.63,21.44
CLI_0699,Carte Bancaire Standard,45.0,10.0,35.0
CLI_0699,Assurance Vie,602.9,134.25,468.65
CLI_0699,Crédit Consommation,525.36,186.6,338.76
CLI_0699,Assurance Habitation,338.9,86.45,252.46
CLI_0699,Assurance Auto,338.62,113.26,225.36
CLI_0700,Compte Courant,49.14,23.52,25.62
CLI_0700,Carte Bancaire Standard,45.0,10.0,35.0
CLI_0700,Compte Épargne,86.1,22.91,63.18
CLI_0700,Assurance Vie,399.4,95.53,303.88
CLI_0700,Crédit Immobilier,3366.93,453.24,2913.68
CLI_0700,Crédit Consommation,791.45,181.0,610.44
CLI_0700,Assurance Habitation,192.53,65.8,126.72
CLI_0700,Assurance Auto,555.44,93.63,461.82
CLI_0701,Compte Courant,47.5,19.78,27.72
CLI_0701,Carte Bancaire Standard,45.0,10.0,35.0
CLI_0701,Compte Épargne,104.9,23.96,80.94
CLI_0701,Crédit Immobilier,3414.03,599.15,2814.88
CLI_0701,Assurance Auto,426.42,62.66,363.75
CLI_0702,Compte Courant,53.89,18.96,34.93
CLI_0702,Carte Bancaire Standard,45.0,10.0,35.0
CLI_0702,Compte Épargne,65.37,37.25,28.12
CLI_0702,Livret A,31.88,5.0,26.88
CLI_0703,Compte Courant,57.62,19.42,38.21
CLI_0703,Assurance Vie,645.67,104.7,540.97
CLI_0703,Assurance Habitation,214.16,83.55,130.6
CLI_0704,Compte Courant,58.74,22.7,36.04
CLI_0704,Carte Bancaire Standard,45.0,10.0,35.0
CLI_0704,Assurance Vie,562.41,149.06,413.35
CLI_0704,Assurance Habitation,216.33,53.12,163.21
CLI_0704,Assurance Auto,212.85,102.64,110.21
CLI_0705,Compte Courant,54.91,21.35,33.56
CLI_0705,Carte Bancaire Standard,45.0,10.0,35.0
CLI_0705,Compte Épargne,140.5,33.96,106.54
CLI_0705,Livret A,42.26,5.0,37.26
CLI_0705,Assurance Vie,308.75,142.46,166.29
CLI_0705,Assurance Habitation,175.9,77.15,98.75
CLI_0705,Assurance Auto,325.6,76.28,249.32
CLI_0706,Compte Courant,49.38,17.31,32.06
CLI_0706,Carte Bancaire Standard,45.0,10.0,35.0
CLI_0706,Carte Bancaire Premium,120.0,20.0,100.0
CLI_0706,Livret A,74.98,5.0,69.98
CLI_0706,Assurance Habitation,251.51,83.87,167.64
CLI_0707,Compte Courant,51.83,21.83,30.0
CLI_0707,Carte Bancaire Standard,45.0,10.0,35.0
CLI_0707,Carte Bancaire Premium,120.0,20.0,100.0
CLI_0707,Assurance Vie,742.04,73.11,668.93
CLI_0707,Assurance Habitation,171.51,52.77,118.74
CLI_0707,Assurance Auto,551.14,118.4,432.74
CLI_0708,Compte Courant,39.08,21.94,17.14
CLI_0708,Carte Bancaire Standard,45.0,10.0,35.0
CLI_0708,Compte Épargne,50.89,23.77,27.12
CLI_0708,Livret A,61.36,5.0,56.36
CLI_0708,Assurance Auto,226.35,88.11,138.24
CLI_0709,Compte Courant,49.88,22.66,27.22
CLI_0709,Livret A,47.23,5.0,42.23
CLI_0709,Assurance Habitation,307.57,76.98,230.59
CLI_0709,Assurance Auto,220.92,104.57,116.35
CLI_0710,Compte Courant,35.17,15.32,19.85
CLI_0710,Carte Bancaire Standard,45.0,10.0,35.0
CLI_0710,Carte Bancaire Premium,120.0,20.0,100.0
CLI_0710,Compte Épargne,95.12,37.31,57.8
CLI_0710,Livret A,29.05,5.0,24.05
CLI_0710,Assurance Auto,205.14,66.6,138.54
CLI_0711,Compte Courant,40.91,20.8,20.11
CLI_0711,Carte Bancaire Standard,45.0,10.0,35.0
CLI_0712,Compte Courant,35.79,23.02,12.77
CLI_0712,Carte Bancaire Standard,45.0,10.0,35.0
CLI_0712,Carte Bancaire Premium,120.0,20.0,100.0
CLI_0712,Compte Épargne,125.33,33.92,91.41
CLI_0712,Livret A,49.25,5.0,44.25
CLI_0712,Assurance Vie,419.13,87.56,331.57
CLI_0712,Assurance Auto,401.23,64.64,336.59
CLI_0713,Compte Courant,50.47,18.52,31.95
CLI_0713,Carte Bancaire Standard,45.0,10.0,35.0
CLI_0713,Livret A,33.49,5.0,28.49
CLI_0713,Assurance Vie,367.0,68.03,298.97
CLI_0713,Assurance Auto,560.63,70.14,490.48
CLI_0714,Compte Courant,56.49,20.72,35.77
CLI_0714,Carte Bancaire Standard,45.0,10.0,35.0
CLI_0714,Compte Épargne,136.75,29.48,107.26
CLI_0714,Livret A,75.66,5.0,70.66
CLI_0714,Assurance Habitation,202.87,77.73,125.14
CLI_0715,Compte Courant,33.78,19.47,14.3
CLI_0715,Carte Bancaire Standard,45.0,10.0,35.0
CLI_0715,Carte Bancaire Premium,120.0,20.0,100.0
CLI_0715,Compte Épargne,106.99,32.11,74.88
CLI_0715,Livret A,41.93,5.0,36.93
CLI_0715,Assurance Habitation,169.08,82.77,86.32
CLI_0715,Assurance Auto,395.37,68.21,327.16
CLI_0716,Compte Courant,58.08,24.56,33.52
CLI_0716,Carte Bancaire Standard,45.0,10.0,35.0
CLI_0716,Compte Épargne,135.66,36.88,98.78
CLI_0716,Assurance Auto,239.47,119.61,119.86
CLI_0717,Compte Courant,42.01,16.63,25.38
CLI_0717,Carte Bancaire Standard,45.0,10.0,35.0
CLI_0717,Assurance Vie,687.26,72.57,614.69
CLI_0717,Crédit Immobilier,3341.61,338.4,3003.21
CLI_0717,Assurance Habitation,268.66,77.91,190.75
CLI_0717,Assurance Auto,378.37,64.17,314.2
CLI_0718,Compte Courant,44.55,19.69,24.86
CLI_0718,Carte Bancaire Standard,45.0,10.0,35.0
CLI_0718,Carte Bancaire Premium,120.0,20.0,100.0
CLI_0718,Livret A,35.7,5.0,30.7
CLI_0718,Assurance Auto,568.64,85.07,483.57
CLI_0719,Compte Courant,55.92,16.1,39.83
CLI_0719,Carte Bancaire Standard,45.0,10.0,35.0
CLI_0719,Compte Épargne,81.89,23.53,58.36
CLI_0719,Livret A,44.5,5.0,39.5
CLI_0719,Assurance Auto,244.65,86.46,158.19
CLI_0720,Compte Courant,40.62,17.23,23.38
CLI_0720,Carte Bancaire Standard,45.0,10.0,35.0
CLI_0720,Carte Bancaire Premium,120.0,20.0,100.0
CLI_0720,Compte Épargne,114.22,39.02,75.2
CLI_0721,Compte Courant,36.21,22.12,14.1
CLI_0721,Carte Bancaire Standard,45.0,10.0,35.0
CLI_0721,Compte Épargne,124.24,29.96,94.28
CLI_0721,Assurance Vie,738.6,146.64,591.96
CLI_0722,Compte Courant,40.87,21.51,19.36
CLI_0722,Carte Bancaire Standard,45.0,10.0,35.0
CLI_0722,Compte Épargne,116.22,28.07,88.15
CLI_0722,Livret A,39.01,5.0,34.01
CLI_0722,Assurance Vie,760.25,129.0,631.25
CLI_0722,Crédit Immobilier,1900.63,335.97,1564.66
CLI_0723,Compte Courant,57.68,15.81,41.86
CLI_0723,Carte Bancaire Standard,45.0,10.0,35.0
CLI_0723,Compte Épargne,118.84,24.54,94.31
CLI_0723,Livret A,22.11,5.0,17.11
CLI_0723,Assurance Vie,235.78,87.35,148.43
CLI_0724,Compte Courant,32.33,20.97,11.36
CLI_0724,Carte Bancaire Standard,45.0,10.0,35.0
CLI_0724,Crédit Immobilier,3765.39,412.04,3353.35
CLI_0724,Assurance Auto,497.15,89.4,407.75
CLI_0725,Compte Courant,42.91,19.07,23.84
CLI_0725,Carte Bancaire Standard,45.0,10.0,35.0
CLI_0725,Compte Épargne,93.11,39.36,53.75
CLI_0725,Assurance Auto,472.56,78.91,393.65
CLI_0726,Compte Courant,52.02,18.3,33.71
CLI_0726,Carte Bancaire Premium,120.0,20.0,100.0
CLI_0726,Livret A,27.54,5.0,22.54
CLI_0726,Assurance Vie,485.22,125.1,360.11
CLI_0726,Assurance Habitation,244.41,93.46,150.96
CLI_0727,Compte Courant,41.61,18.5,23.11
CLI_0727,Carte Bancaire Standard,45.0,10.0,35.0
CLI_0727,Compte Épargne,149.82,29.65,120.17
CLI_0727,Livret A,68.31,5.0,63.31
CLI_0727,Crédit Immobilier,4317.46,577.91,3739.55
CLI_0727,Assurance Habitation,171.22,63.56,107.66
CLI_0727,Assurance Auto,507.1,93.76,413.34
CLI_0728,Compte Courant,46.79,16.66,30.13
CLI_0728,Carte Bancaire Standard,45.0,10.0,35.0
CLI_0729,Compte Courant,38.43,20.21,18.22
CLI_0729,Carte Bancaire Standard,45.0,10.0,35.0
CLI_0729,Livret A,36.63,5.0,31.63
CLI_0729,Assurance Habitation,202.57,54.39,148.18
CLI_0729,Assurance Auto,262.29,106.13,156.16
CLI_0730,Compte Courant,51.56,15.46,36.11
CLI_0730,Carte Bancaire Standard,45.0,10.0,35.0
CLI_0730,Compte Épargne,70.33,31.21,39.12
CLI_0730,Livret A,39.36,5.0,34.36
CLI_0730,Assurance Vie,693.95,128.5,565.45
CLI_0730,Assurance Habitation,372.9,78.15,294.75
CLI_0731,Compte Courant,40.56,21.06,19.5
CLI_0731,Carte Bancaire Standard,45.0,10.0,35.0
CLI_0732,Compte Courant,32.67,15.1,17.58
CLI_0732,Carte Bancaire Premium,120.0,20.0,100.0
CLI_0732,Compte Épargne,51.71,28.15,23.56
CLI_0732,Livret A,33.68,5.0,28.68
CLI_0732,Assurance Vie,294.4,111.53,182.87
CLI_0733,Compte Courant,59.85,16.78,43.08
CLI_0733,Compte Épargne,104.64,22.39,82.25
CLI_0733,Assurance Auto,573.69,77.51,496.19
CLI_0734,Compte Courant,56.35,17.83,38.52
CLI_0734,Carte Bancaire Standard,45.0,10.0,35.0
CLI_0734,Livret A,68.36,5.0,63.36
CLI_0735,Compte Courant,36.28,17.93,18.35
CLI_0735,Carte Bancaire Standard,45.0,10.0,35.0
CLI_0735,Livret A,31.55,5.0,26.55
CLI_0735,Assurance Vie,358.56,133.49,225.07
CLI_0735,Crédit Immobilier,3736.61,421.76,3314.85
CLI_0735,Assurance Habitation,392.88,73.24,319.64
CLI_0736,Compte Courant,59.09,16.97,42.13
CLI_0736,Carte Bancaire Standard,45.0,10.0,35.0
CLI_0736,Carte Bancaire Premium,120.0,20.0,100.0
CLI_0736,Compte Épargne,140.46,20.28,120.19
CLI_0736,Livret A,52.72,5.0,47.72
CLI_0736,Crédit Immobilier,2980.68,457.53,2523.16
CLI_0736,Crédit Consommation,798.1,126.68,671.42
CLI_0737,Compte Courant,59.95,24.77,35.18
CLI_0737,Carte Bancaire Standard,45.0,10.0,35.0
CLI_0737,Compte Épargne,146.17,39.58,106.59
CLI_0737,Assurance Vie,675.81,148.86,526.95
CLI_0738,Compte Courant,56.77,19.16,37.61
CLI_0738,Carte Bancaire Standard,45.0,10.0,35.0
CLI_0738,Carte Bancaire Premium,120.0,20.0,100.0
CLI_0738,Compte Épargne,128.48,38.24,90.24
CLI_0738,Livret A,62.76,5.0,57.76
CLI_0738,Assurance Auto,369.11,63.95,305.17
CLI_0739,Compte Courant,54.29,24.53,29.76
CLI_0739,Carte Bancaire Standard,45.0,10.0,35.0
CLI_0739,Livret A,41.75,5.0,36.75
CLI_0739,Assurance Auto,260.76,79.59,181.17
CLI_0740,Compte Courant,47.48,18.17,29.31
CLI_0740,Carte Bancaire Standard,45.0,10.0,35.0
CLI_0740,Compte Épargne,111.06,39.34,71.72
CLI_0740,Crédit Consommation,903.66,123.52,780.14
CLI_0741,Compte Courant,58.07,20.66,37.42
CLI_0741,Carte Bancaire Standard,45.0,10.0,35.0
CLI_0741,Livret A,27.7,5.0,22.7
CLI_0741,Assurance Vie,499.39,115.36,384.02
CLI_0741,Assurance Habitation,359.56,96.82,262.74
CLI_0741,Assurance Auto,326.97,69.33,257.64
CLI_0742,Compte Courant,32.21,22.38,9.83
CLI_0742,Carte Bancaire Standard,45.0,10.0,35.0
CLI_0742,Carte Bancaire Premium,120.0,20.0,100.0
CLI_0742,Compte Épargne,129.52,28.19,101.33
CLI_0742,Livret A,43.76,5.0,38.76
CLI_0742,Assurance Vie,772.54,141.67,630.87
CLI_0743,Compte Courant,37.0,22.81,14.19
CLI_0743,Carte Bancaire Standard,45.0,10.0,35.0
CLI_0743,Compte Épargne,112.27,23.08,89.19
CLI_0744,Compte Courant,40.7,16.77,23.93
CLI_0744,Compte Épargne,79.52,32.31,47.21
CLI_0744,Assurance Auto,350.11,83.64,266.46
CLI_0745,Compte Courant,46.19,15.87,30.32
CLI_0745,Carte Bancaire Standard,45.0,10.0,35.0
CLI_0745,Compte Épargne,123.88,28.03,95.85
CLI_0745,Assurance Habitation,270.1,98.71,171.38
CLI_0746,Compte Courant,40.33,21.48,18.85
CLI_0746,Carte Bancaire Standard,45.0,10.0,35.0
CLI_0746,Assurance Vie,435.5,139.43,296.07
CLI_0746,Assurance Auto,538.7,74.5,464.21
CLI_0747,Compte Courant,50.75,15.65,35.1
CLI_0747,Carte Bancaire Standard,45.0,10.0,35.0
CLI_0747,Carte Bancaire Premium,120.0,20.0,100.0
CLI_0747,Compte Épargne,146.32,26.98,119.34
CLI_0747,Livret A,69.91,5.0,64.91
CLI_0747,Assurance Vie,391.06,113.28,277.78
CLI_0747,Crédit Consommation,1185.23,185.21,1000.02
CLI_0747,Assurance Habitation,190.09,77.37,112.72
CLI_0748,Compte Courant,40.46,19.34,21.11
CLI_0748,Carte Bancaire Standard,45.0,10.0,35.0
CLI_0748,Compte Épargne,83.52,26.72,56.8
CLI_0748,Livret A,52.55,5.0,47.55
CLI_0748,Crédit Immobilier,2171.87,461.22,1710.66
CLI_0748,Crédit Consommation,551.07,114.68,436.39
CLI_0748,Assurance Habitation,334.69,51.48,283.21
CLI_0748,Assurance Auto,352.38,84.45,267.93
CLI_0749,Compte Courant,44.55,21.69,22.86
CLI_0749,Carte Bancaire Standard,45.0,10.0,35.0
CLI_0749,Carte Bancaire Premium,120.0,20.0,100.0
CLI_0749,Assurance Habitation,242.42,60.66,181.76
CLI_0749,Assurance Auto,553.95,118.86,435.09
CLI_0750,Compte Courant,30.6,20.46,10.14
CLI_0750,Carte Bancaire Standard,45.0,10.0,35.0
CLI_0750,Carte Bancaire Premium,120.0,20.0,100.0
CLI_0750,Compte Épargne,84.17,25.54,58.63
CLI_0750,Assurance Auto,334.28,98.33,235.95
CLI_0751,Compte Courant,35.72,24.13,11.59
CLI_0751,Carte Bancaire Standard,45.0,10.0,35.0
CLI_0751,Carte Bancaire Premium,120.0,20.0,100.0
CLI_0752,Compte Courant,43.98,18.26,25.73
CLI_0752,Carte Bancaire Standard,45.0,10.0,35.0
CLI_0752,Livret A,65.93,5.0,60.93
CLI_0753,Compte Courant,30.49,19.32,11.17
CLI_0753,Carte Bancaire Standard,45.0,10.0,35.0
CLI_0753,Compte Épargne,85.53,26.76,58.77
CLI_0753,Livret A,40.22,5.0,35.22
CLI_0753,Crédit Immobilier,1609.45,345.63,1263.81
CLI_0753,Assurance Habitation,185.47,99.43,86.04
CLI_0754,Compte Courant,30.66,16.67,13.99
CLI_0754,Carte Bancaire Standard,45.0,10.0,35.0
CLI_0754,Carte Bancaire Premium,120.0,20.0,100.0
CLI_0754,Assurance Auto,589.67,97.7,491.97
CLI_0755,Compte Courant,43.52,15.79,27.73
CLI_0755,Carte Bancaire Standard,45.0,10.0,35.0
CLI_0755,Compte Épargne,116.97,22.76,94.21
CLI_0755,Assurance Habitation,317.8,98.96,218.84
CLI_0755,Assurance Auto,412.79,72.85,339.94
CLI_0756,Compte Courant,48.76,20.13,28.63
CLI_0756,Carte Bancaire Standard,45.0,10.0,35.0
CLI_0756,Compte Épargne,103.31,29.56,73.75
CLI_0756,Livret A,60.42,5.0,55.42
CLI_0756,Crédit Immobilier,3501.81,596.1,2905.71
CLI_0756,Assurance Habitation,356.47,63.23,293.23
CLI_0757,Compte Courant,51.77,17.14,34.63
CLI_0757,Carte Bancaire Standard,45.0,10.0,35.0
CLI_0757,Compte Épargne,128.23,22.95,105.28
CLI_0757,Assurance Vie,484.13,129.06,355.07
CLI_0757,Assurance Habitation,220.03,91.86,128.17
CLI_0758,Compte Courant,49.32,18.98,30.35
CLI_0758,Carte Bancaire Standard,45.0,10.0,35.0
CLI_0758,Compte Épargne,92.34,38.52,53.82
CLI_0758,Assurance Vie,330.67,119.34,211.34
CLI_0758,Assurance Habitation,326.82,96.12,230.7
CLI_0759,Compte Courant,51.39,20.84,30.55
CLI_0759,Carte Bancaire Standard,45.0,10.0,35.0
CLI_0759,Livret A,74.15,5.0,69.15
CLI_0759,Assurance Habitation,357.28,85.84,271.44
CLI_0759,Assurance Auto,213.03,82.41,130.62
CLI_0760,Compte Courant,48.96,20.22,28.73
CLI_0760,Carte Bancaire Standard,45.0,10.0,35.0
CLI_0760,Compte Épargne,81.93,22.89,59.04
CLI_0760,Livret A,53.18,5.0,48.18
CLI_0761,Compte Courant,38.58,17.33,21.25
CLI_0761,Carte Bancaire Standard,45.0,10.0,35.0
CLI_0761,Livret A,43.94,5.0,38.94
CLI_0761,Assurance Habitation,346.37,74.39,271.98
CLI_0761,Assurance Auto,286.6,67.01,219.58
CLI_0762,Compte Courant,44.97,22.94,22.03
CLI_0762,Carte Bancaire Standard,45.0,10.0,35.0
CLI_0762,Compte Épargne,115.28,24.64,90.64
CLI_0762,Livret A,46.2,5.0,41.2
CLI_0763,Compte Courant,55.66,16.78,38.88
CLI_0763,Carte Bancaire Standard,45.0,10.0,35.0
CLI_0763,Assurance Vie,519.25,85.62,433.63
CLI_0763,Crédit Immobilier,1934.63,314.97,1619.66
CLI_0763,Crédit Consommation,800.28,82.49,717.79
CLI_0763,Assurance Auto,241.38,80.85,160.52
CLI_0764,Compte Courant,31.31,19.0,12.3
CLI_0764,Crédit Consommation,417.33,121.98,295.34
CLI_0765,Compte Courant,53.73,21.26,32.47
CLI_0765,Carte Bancaire Standard,45.0,10.0,35.0
CLI_0765,Compte Épargne,94.54,21.84,72.7
CLI_0765,Crédit Immobilier,3667.02,349.11,3317.91
CLI_0765,Assurance Habitation,169.15,83.2,85.95
CLI_0766,Compte Courant,57.36,19.61,37.76
CLI_0766,Carte Bancaire Standard,45.0,10.0,35.0
CLI_0766,Compte Épargne,54.1,37.61,16.49
CLI_0766,Assurance Habitation,166.74,93.38,73.37
CLI_0766,Assurance Auto,356.73,81.92,274.8
CLI_0767,Compte Courant,46.28,24.57,21.71
CLI_0767,Carte Bancaire Standard,45.0,10.0,35.0
CLI_0767,Livret A,73.92,5.0,68.92
CLI_0767,Assurance Vie,482.2,119.58,362.62
CLI_0767,Assurance Auto,432.17,101.61,330.56
CLI_0768,Compte Courant,54.88,15.34,39.53
CLI_0768,Carte Bancaire Standard,45.0,10.0,35.0
CLI_0768,Livret A,39.55,5.0,34.55
CLI_0768,Assurance Habitation,389.83,97.47,292.37
CLI_0768,Assurance Auto,204.49,72.09,132.4
CLI_0769,Compte Courant,59.81,19.93,39.88
CLI_0769,Carte Bancaire Standard,45.0,10.0,35.0
CLI_0769,Compte Épargne,107.29,23.33,83.96
CLI_0770,Compte Courant,56.83,17.31,39.52
CLI_0770,Carte Bancaire Standard,45.0,10.0,35.0
CLI_0770,Compte Épargne,68.96,24.56,44.4
CLI_0770,Livret A,75.18,5.0,70.18
CLI_0770,Crédit Consommation,932.56,172.23,760.33
CLI_0770,Assurance Habitation,244.26,95.46,148.8
CLI_0771,Compte Courant,53.68,22.51,31.18
CLI_0771,Livret A,78.26,5.0,73.26
CLI_0772,Compte Courant,40.99,21.11,19.88
CLI_0772,Carte Bancaire Standard,45.0,10.0,35.0
CLI_0772,Carte Bancaire Premium,120.0,20.0,100.0
CLI_0772,Compte Épargne,140.99,35.82,105.18
CLI_0773,Compte Courant,46.9,15.76,31.14
CLI_0773,Carte Bancaire Standard,45.0,10.0,35.0
CLI_0773,Compte Épargne,115.27,30.53,84.74
CLI_0773,Livret A,31.05,5.0,26.05
CLI_0773,Assurance Vie,729.35,84.32,645.03
CLI_0773,Crédit Immobilier,2856.18,501.72,2354.46
CLI_0774,Compte Courant,44.66,15.89,28.77
CLI_0774,Carte Bancaire Standard,45.0,10.0,35.0
CLI_0774,Compte Épargne,88.74,21.89,66.85
CLI_0774,Livret A,31.45,5.0,26.45
CLI_0774,Assurance Vie,204.3,68.13,136.17
CLI_0774,Assurance Habitation,232.61,76.91,155.7
CLI_0775,Compte Courant,57.58,20.4,37.18
CLI_0775,Carte Bancaire Standard,45.0,10.0,35.0
CLI_0775,Compte Épargne,120.56,27.15,93.41
CLI_0775,Livret A,65.1,5.0,60.1
CLI_0775,Assurance Auto,448.19,87.59,360.6
CLI_0776,Compte Courant,35.81,18.04,17.78
CLI_0776,Assurance Habitation,305.24,71.3,233.93
CLI_0777,Compte Courant,56.68,17.35,39.33
CLI_0777,Carte Bancaire Standard,45.0,10.0,35.0
CLI_0777,Carte Bancaire Premium,120.0,20.0,100.0
CLI_0777,Compte Épargne,57.31,31.79,25.52
CLI_0777,Assurance Auto,554.42,81.88,472.54
CLI_0778,Compte Courant,49.43,17.31,32.12
CLI_0778,Carte Bancaire Standard,45.0,10.0,35.0
CLI_0778,Carte Bancaire Premium,120.0,20.0,100.0
CLI_0778,Livret A,53.51,5.0,48.51
CLI_0778,Crédit Consommation,1008.11,184.04,824.07
CLI_0779,Compte Courant,33.15,18.56,14.59
CLI_0779,Carte Bancaire Standard,45.0,10.0,35.0
CLI_0779,Compte Épargne,113.96,20.69,93.27
CLI_0779,Livret A,61.44,5.0,56.44
CLI_0780,Compte Courant,45.84,17.89,27.96
CLI_0780,Carte Bancaire Standard,45.0,10.0,35.0
CLI_0780,Compte Épargne,131.47,25.8,105.66
CLI_0780,Assurance Vie,794.85,131.64,663.21
CLI_0780,Assurance Habitation,327.0,53.07,273.93
CLI_0781,Compte Courant,57.13,22.9,34.23
CLI_0781,Carte Bancaire Standard,45.0,10.0,35.0
CLI_0781,Compte Épargne,72.9,27.84,45.06
CLI_0781,Livret A,36.12,5.0,31.12
CLI_0781,Assurance Vie,790.65,135.42,655.23
CLI_0781,Crédit Immobilier,4755.79,536.63,4219.16
CLI_0781,Assurance Habitation,264.09,60.27,203.82
CLI_0781,Assurance Auto,283.23,69.1,214.13
CLI_0782,Compte Courant,46.4,24.2,22.2
CLI_0782,Carte Bancaire Standard,45.0,10.0,35.0
CLI_0782,Compte Épargne,149.18,25.75,123.43
CLI_0782,Livret A,61.84,5.0,56.84
CLI_0783,Compte Courant,47.91,19.89,28.02
CLI_0783,Carte Bancaire Standard,45.0,10.0,35.0
CLI_0783,Compte Épargne,116.58,27.43,89.15
CLI_0783,Assurance Habitation,386.12,85.27,300.85
CLI_0784,Compte Courant,52.63,17.42,35.2
CLI_0784,Carte Bancaire Standard,45.0,10.0,35.0
CLI_0784,Compte Épargne,66.86,27.89,38.97
CLI_0784,Assurance Vie,660.0,143.88,516.12
CLI_0784,Assurance Habitation,256.83,88.71,168.12
CLI_0784,Assurance Auto,388.16,77.71,310.45
CLI_0785,Compte Courant,52.18,22.98,29.2
CLI_0785,Carte Bancaire Standard,45.0,10.0,35.0
CLI_0785,Carte Bancaire Premium,120.0,20.0,100.0
CLI_0785,Livret A,32.17,5.0,27.17
CLI_0785,Assurance Habitation,226.29,74.74,151.55
CLI_0786,Compte Courant,35.6,24.29,11.31
CLI_0786,Carte Bancaire Standard,45.0,10.0,35.0
CLI_0786,Compte Épargne,109.13,22.42,86.71
CLI_0786,Crédit Consommation,465.63,194.52,271.1
CLI_0786,Assurance Habitation,334.54,86.72,247.82
CLI_0786,Assurance Auto,229.0,113.72,115.28
CLI_0787,Compte Courant,43.31,21.6,21.71
CLI_0787,Carte Bancaire Standard,45.0,10.0,35.0
CLI_0787,Livret A,77.58,5.0,72.58
CLI_0787,Assurance Vie,260.01,98.23,161.78
CLI_0787,Assurance Auto,219.85,89.97,129.87
CLI_0788,Compte Courant,37.57,24.11,13.46
CLI_0788,Carte Bancaire Standard,45.0,10.0,35.0
CLI_0788,Compte Épargne,89.85,32.68,57.17
CLI_0788,Crédit Consommation,1074.26,198.04,876.22
CLI_0788,Assurance Habitation,275.95,72.79,203.17
CLI_0789,Compte Courant,32.27,15.13,17.14
CLI_0789,Carte Bancaire Standard,45.0,10.0,35.0
CLI_0789,Compte Épargne,110.88,21.31,89.57
CLI_0789,Livret A,42.82,5.0,37.82
CLI_0789,Crédit Immobilier,1512.62,484.57,1028.05
CLI_0789,Assurance Auto,370.17,67.62,302.54
CLI_0790,Compte Courant,38.89,20.7,18.19
CLI_0790,Carte Bancaire Standard,45.0,10.0,35.0
CLI_0790,Assurance Vie,594.03,96.23,497.79
CLI_0790,Crédit Immobilier,4313.86,333.73,3980.12
CLI_0790,Crédit Consommation,376.09,85.31,290.78
CLI_0790,Assurance Auto,414.33,102.37,311.96
CLI_0791,Compte Courant,33.92,21.39,12.53
CLI_0791,Carte Bancaire Standard,45.0,10.0,35.0
CLI_0791,Compte Épargne,97.69,39.75,57.95
CLI_0791,Livret A,63.05,5.0,58.05
CLI_0791,Assurance Habitation,314.37,78.52,235.85
CLI_0791,Assurance Auto,598.95,118.83,480.12
CLI_0792,Compte Courant,46.14,19.55,26.59
CLI_0792,Compte Épargne,96.21,28.57,67.64
CLI_0792,Crédit Immobilier,3359.89,382.08,2977.82
CLI_0793,Compte Courant,57.8,19.9,37.9
CLI_0793,Carte Bancaire Standard,45.0,10.0,35.0
CLI_0793,Carte Bancaire Premium,120.0,20.0,100.0
CLI_0793,Compte Épargne,134.2,29.51,104.69
CLI_0793,Crédit Immobilier,4014.02,401.06,3612.95
CLI_0793,Assurance Habitation,306.2,74.92,231.28
CLI_0793,Assurance Auto,346.85,112.89,233.95
CLI_0794,Compte Courant,33.38,19.87,13.51
CLI_0794,Carte Bancaire Standard,45.0,10.0,35.0
CLI_0794,Carte Bancaire Premium,120.0,20.0,100.0
CLI_0794,Compte Épargne,69.44,37.22,32.22
CLI_0795,Compte Courant,37.6,21.33,16.27
CLI_0795,Carte Bancaire Standard,45.0,10.0,35.0
CLI_0795,Livret A,29.93,5.0,24.93
CLI_0795,Crédit Immobilier,2917.2,569.81,2347.39
CLI_0795,Crédit Consommation,449.46,159.58,289.87
CLI_0795,Assurance Auto,281.8,84.94,196.86
CLI_0796,Compte Courant,46.22,20.77,25.45
CLI_0796,Carte Bancaire Standard,45.0,10.0,35.0
CLI_0796,Carte Bancaire Premium,120.0,20.0,100.0
CLI_0796,Livret A,56.15,5.0,51.15
CLI_0796,Assurance Vie,584.08,77.18,506.9
CLI_0796,Crédit Immobilier,2904.79,311.2,2593.59
CLI_0796,Assurance Habitation,342.19,91.85,250.33
CLI_0797,Compte Courant,35.98,17.01,18.96
CLI_0797,Carte Bancaire Standard,45.0,10.0,35.0
CLI_0797,Crédit Consommation,337.83,196.45,141.39
CLI_0798,Compte Courant,54.22,18.61,35.61
CLI_0798,Compte Épargne,98.19,25.84,72.35
CLI_0798,Livret A,55.83,5.0,50.83
CLI_0798,Assurance Vie,630.39,94.74,535.65
CLI_0798,Crédit Immobilier,4557.58,455.11,4102.47
CLI_0798,Assurance Habitation,186.06,81.11,104.95
CLI_0799,Compte Courant,43.87,24.36,19.51
CLI_0799,Carte Bancaire Standard,45.0,10.0,35.0
CLI_0799,Livret A,43.51,5.0,38.51
CLI_0799,Assurance Habitation,250.72,82.54,168.18
CLI_0800,Compte Courant,45.81,18.74,27.07
CLI_0800,Carte Bancaire Standard,45.0,10.0,35.0
CLI_0800,Carte Bancaire Premium,120.0,20.0,100.0
CLI_0800,Crédit Consommation,1190.8,116.26,1074.53
CLI_0800,Assurance Habitation,219.38,93.22,126.16
CLI_0801,Compte Courant,30.1,17.01,13.09
CLI_0801,Carte Bancaire Standard,45.0,10.0,35.0
CLI_0801,Assurance Habitation,297.61,58.12,239.49
CLI_0801,Assurance Auto,594.32,87.85,506.47
CLI_0802,Compte Courant,47.92,16.6,31.32
CLI_0802,Carte Bancaire Standard,45.0,10.0,35.0
CLI_0802,Carte Bancaire Premium,120.0,20.0,100.0
CLI_0802,Compte Épargne,78.94,32.29,46.65
CLI_0802,Assurance Vie,529.73,128.44,401.3
CLI_0802,Crédit Consommation,542.31,158.43,383.88
CLI_0802,Assurance Auto,316.39,95.21,221.19
CLI_0803,Compte Courant,48.15,16.22,31.93
CLI_0803,Carte Bancaire Standard,45.0,10.0,35.0
CLI_0803,Livret A,52.92,5.0,47.92
CLI_0803,Crédit Immobilier,1541.78,450.36,1091.42
CLI_0804,Compte Courant,50.93,15.73,35.2
CLI_0804,Compte Épargne,143.87,29.18,114.7
CLI_0804,Livret A,76.3,5.0,71.3
CLI_0804,Crédit Consommation,396.66,193.99,202.67
CLI_0804,Assurance Habitation,177.3,73.07,104.22
CLI_0805,Compte Courant,58.14,17.33,40.81
CLI_0805,Carte Bancaire Standard,45.0,10.0,35.0
CLI_0805,Compte Épargne,53.48,35.86,17.62
CLI_0805,Livret A,55.75,5.0,50.75
CLI_0805,Assurance Habitation,278.48,51.72,226.76
CLI_0806,Compte Courant,49.6,16.72,32.88
CLI_0806,Carte Bancaire Standard,45.0,10.0,35.0
CLI_0806,Compte Épargne,143.12,33.71,109.41
CLI_0806,Livret A,62.42,5.0,57.42
CLI_0806,Assurance Habitation,208.15,94.04,114.11
CLI_0806,Assurance Auto,415.09,111.43,303.67
CLI_0807,Compte Courant,38.13,22.55,15.57
CLI_0807,Carte Bancaire Standard,45.0,10.0,35.0
CLI_0807,Assurance Vie,544.74,54.84,489.9
CLI_0808,Compte Courant,42.16,16.84,25.32
CLI_0808,Carte Bancaire Standard,45.0,10.0,35.0
CLI_0808,Compte Épargne,85.92,27.67,58.25
CLI_0808,Livret A,48.5,5.0,43.5
CLI_0808,Assurance Vie,560.17,107.1,453.08
CLI_0808,Assurance Habitation,159.75,87.53,72.21
CLI_0809,Compte Courant,58.48,18.49,39.99
CLI_0809,Carte Bancaire Standard,45.0,10.0,35.0
CLI_0809,Compte Épargne,67.97,30.8,37.17
CLI_0809,Livret A,62.29,5.0,57.29
CLI_0809,Assurance Vie,607.34,111.21,496.13
CLI_0809,Crédit Immobilier,2011.81,551.05,1460.77
CLI_0809,Assurance Habitation,256.41,61.07,195.33
CLI_0810,Compte Courant,32.59,19.17,13.42
CLI_0810,Carte Bancaire Standard,45.0,10.0,35.0
CLI_0810,Compte Épargne,111.8,33.31,78.49
CLI_0810,Livret A,77.76,5.0,72.76
CLI_0810,Assurance Habitation,188.29,99.29,89.0
CLI_0811,Compte Courant,49.64,19.54,30.1
CLI_0811,Carte Bancaire Standard,45.0,10.0,35.0
CLI_0811,Carte Bancaire Premium,120.0,20.0,100.0
CLI_0811,Compte Épargne,138.82,33.89,104.93
CLI_0811,Crédit Consommation,613.85,186.09,427.76
CLI_0811,Assurance Habitation,316.65,84.94,231.71
CLI_0812,Compte Courant,56.89,19.48,37.41
CLI_0812,Carte Bancaire Standard,45.0,10.0,35.0
CLI_0812,Crédit Immobilier,3799.16,523.41,3275.76
CLI_0813,Compte Courant,43.62,15.83,27.78
CLI_0813,Compte Épargne,127.14,20.96,106.19
CLI_0813,Livret A,63.07,5.0,58.07
CLI_0813,Assurance Vie,746.53,84.7,661.83
CLI_0813,Assurance Auto,240.82,73.97,166.85
CLI_0814,Compte Courant,46.87,24.43,22.44
CLI_0814,Carte Bancaire Standard,45.0,10.0,35.0
CLI_0814,Carte Bancaire Premium,120.0,20.0,100.0
CLI_0814,Assurance Auto,404.91,66.76,338.15
CLI_0815,Compte Courant,48.83,22.33,26.51
CLI_0815,Carte Bancaire Standard,45.0,10.0,35.0
CLI_0815,Compte Épargne,89.33,34.43,54.9
CLI_0815,Livret A,39.49,5.0,34.49
CLI_0815,Crédit Immobilier,4261.82,402.32,3859.49
CLI_0815,Assurance Habitation,214.03,93.96,120.07
CLI_0816,Compte Courant,46.45,17.85,28.6
CLI_0816,Assurance Habitation,383.77,84.54,299.23
CLI_0817,Compte Courant,36.62,21.15,15.47
CLI_0817,Carte Bancaire Standard,45.0,10.0,35.0
CLI_0817,Compte Épargne,137.04,33.92,103.11
CLI_0817,Livret A,34.69,5.0,29.69
CLI_0817,Assurance Vie,589.31,111.92,477.39
CLI_0817,Assurance Auto,528.34,70.69,457.65
CLI_0818,Compte Courant,50.99,15.27,35.72
CLI_0818,Carte Bancaire Standard,45.0,10.0,35.0
CLI_0818,Compte Épargne,119.62,39.21,80.41
CLI_0818,Livret A,30.46,5.0,25.46
CLI_0818,Crédit Consommation,580.17,149.94,430.23
CLI_0819,Compte Courant,51.97,18.44,33.53
CLI_0819,Carte Bancaire Standard,45.0,10.0,35.0
CLI_0819,Carte Bancaire Premium,120.0,20.0,100.0
CLI_0819,Compte Épargne,116.43,37.99,78.44
CLI_0819,Livret A,63.59,5.0,58.59
CLI_0820,Compte Courant,51.33,18.82,32.51
CLI_0820,Carte Bancaire Standard,45.0,10.0,35.0
CLI_0820,Assurance Vie,746.86,77.73,669.13
CLI_0820,Crédit Consommation,484.75,123.71,361.05
CLI_0820,Assurance Habitation,312.54,93.08,219.46
CLI_0820,Assurance Auto,252.83,108.83,144.0
CLI_0821,Compte Courant,54.38,20.87,33.52
CLI_0821,Carte Bancaire Standard,45.0,10.0,35.0
CLI_0821,Carte Bancaire Premium,120.0,20.0,100.0
CLI_0821,Livret A,65.64,5.0,60.64
CLI_0821,Assurance Vie,309.13,66.96,242.17
CLI_0821,Assurance Habitation,365.7,74.91,290.79
CLI_0822,Compte Courant,37.38,21.89,15.49
CLI_0822,Carte Bancaire Standard,45.0,10.0,35.0
CLI_0822,Carte Bancaire Premium,120.0,20.0,100.0
CLI_0822,Compte Épargne,139.19,32.65,106.54
CLI_0822,Livret A,40.84,5.0,35.84
CLI_0822,Assurance Vie,489.94,125.23,364.72
CLI_0822,Crédit Immobilier,1736.25,365.15,1371.1
CLI_0822,Assurance Habitation,265.65,80.21,185.43
CLI_0823,Compte Courant,40.17,17.98,22.19
CLI_0823,Carte Bancaire Premium,120.0,20.0,100.0
CLI_0823,Compte Épargne,54.14,20.65,33.49
CLI_0823,Livret A,36.72,5.0,31.72
CLI_0823,Crédit Consommation,777.46,146.76,630.69
CLI_0823,Assurance Habitation,273.51,70.49,203.01
CLI_0823,Assurance Auto,300.92,84.04,216.87
CLI_0824,Compte Courant,34.16,16.15,18.01
CLI_0824,Carte Bancaire Standard,45.0,10.0,35.0
CLI_0824,Assurance Auto,319.98,119.72,200.26
CLI_0825,Compte Courant,39.79,24.36,15.43
CLI_0826,Compte Courant,41.77,19.39,22.38
CLI_0826,Carte Bancaire Standard,45.0,10.0,35.0
CLI_0826,Carte Bancaire Premium,120.0,20.0,100.0
CLI_0826,Compte Épargne,129.71,21.87,107.83
CLI_0826,Assurance Vie,309.39,147.38,162.0
CLI_0826,Crédit Immobilier,3270.71,313.29,2957.42
CLI_0827,Compte Courant,31.42,24.07,7.35
CLI_0827,Carte Bancaire Standard,45.0,10.0,35.0
CLI_0827,Carte Bancaire Premium,120.0,20.0,100.0
CLI_0827,Assurance Vie,724.02,95.84,628.18
CLI_0827,Crédit Immobilier,2071.28,549.09,1522.19
CLI_0827,Assurance Auto,329.84,85.14,244.7
CLI_0828,Compte Courant,50.47,18.53,31.94
CLI_0828,Carte Bancaire Standard,45.0,10.0,35.0
CLI_0828,Compte Épargne,112.87,37.71,75.16
CLI_0828,Assurance Auto,518.95,82.9,436.05
CLI_0829,Compte Courant,38.64,17.86,20.78
CLI_0829,Compte Épargne,84.86,29.87,54.99
CLI_0829,Assurance Habitation,254.15,56.65,197.5
CLI_0829,Assurance Auto,265.38,80.58,184.81
CLI_0830,Compte Courant,46.86,20.93,25.94
CLI_0830,Carte Bancaire Standard,45.0,10.0,35.0
CLI_0830,Compte Épargne,98.62,34.78,63.85
CLI_0831,Compte Courant,52.12,19.28,32.84
CLI_0831,Carte Bancaire Standard,45.0,10.0,35.0
CLI_0831,Compte Épargne,62.44,30.6,31.84
CLI_0831,Livret A,42.89,5.0,37.89
CLI_0831,Assurance Habitation,184.48,99.09,85.39
CLI_0832,Compte Courant,41.09,21.26,19.83
CLI_0832,Carte Bancaire Premium,120.0,20.0,100.0
CLI_0832,Compte Épargne,99.01,22.86,76.16
CLI_0832,Livret A,23.33,5.0,18.33
CLI_0832,Assurance Vie,575.46,74.7,500.76
CLI_0832,Assurance Habitation,210.91,97.85,113.06
CLI_0832,Assurance Auto,384.71,61.77,322.94
CLI_0833,Compte Courant,40.2,20.84,19.35
CLI_0833,Carte Bancaire Standard,45.0,10.0,35.0
CLI_0833,Compte Épargne,82.86,20.54,62.32
CLI_0833,Livret A,46.66,5.0,41.66
CLI_0833,Assurance Vie,263.54,111.92,151.63
CLI_0833,Assurance Habitation,304.9,51.89,253.01
CLI_0833,Assurance Auto,316.27,84.82,231.45
CLI_0834,Compte Courant,46.51,17.96,28.55
CLI_0834,Carte Bancaire Standard,45.0,10.0,35.0
CLI_0834,Compte Épargne,78.77,39.66,39.11
CLI_0834,Livret A,22.51,5.0,17.51
CLI_0834,Assurance Vie,793.43,54.78,738.65
CLI_0834,Crédit Consommation,559.51,139.24,420.26
CLI_0834,Assurance Habitation,185.82,56.74,129.08
CLI_0835,Compte Courant,37.69,24.74,12.95
CLI_0835,Carte Bancaire Standard,45.0,10.0,35.0
CLI_0835,Compte Épargne,88.01,31.32,56.69
CLI_0835,Assurance Vie,622.57,124.22,498.35
CLI_0835,Crédit Consommation,919.24,120.43,798.81
CLI_0835,Assurance Habitation,177.93,64.09,113.85
CLI_0836,Compte Courant,36.31,16.36,19.95
CLI_0836,Carte Bancaire Standard,45.0,10.0,35.0
CLI_0836,Compte Épargne,52.45,38.71,13.74
CLI_0836,Assurance Habitation,380.26,52.52,327.74
CLI_0836,Assurance Auto,269.23,68.37,200.86
CLI_0837,Compte Courant,38.44,17.04,21.4
CLI_0837,Carte Bancaire Standard,45.0,10.0,35.0
CLI_0837,Carte Bancaire Premium,120.0,20.0,100.0
CLI_0837,Compte Épargne,144.59,21.68,122.9
CLI_0837,Livret A,32.7,5.0,27.7
CLI_0838,Compte Courant,32.42,24.8,7.62
CLI_0838,Carte Bancaire Standard,45.0,10.0,35.0
CLI_0838,Compte Épargne,141.84,34.33,107.51
CLI_0838,Assurance Habitation,256.49,59.51,196.98
CLI_0839,Compte Courant,36.64,19.43,17.21
CLI_0839,Carte Bancaire Standard,45.0,10.0,35.0
CLI_0839,Compte Épargne,126.82,25.29,101.53
CLI_0840,Compte Courant,39.32,21.0,18.32
CLI_0840,Carte Bancaire Standard,45.0,10.0,35.0
CLI_0840,Compte Épargne,73.77,31.68,42.09
CLI_0840,Crédit Immobilier,2854.96,310.31,2544.65
CLI_0840,Assurance Habitation,250.68,95.98,154.7
CLI_0840,Assurance Auto,317.24,79.37,237.87
CLI_0841,Compte Courant,31.98,21.15,10.83
CLI_0841,Carte Bancaire Standard,45.0,10.0,35.0
CLI_0841,Livret A,70.95,5.0,65.95
CLI_0841,Assurance Vie,411.75,74.02,337.73
CLI_0841,Assurance Habitation,389.15,87.25,301.9
CLI_0842,Compte Courant,47.01,18.06,28.96
CLI_0842,Carte Bancaire Standard,45.0,10.0,35.0
CLI_0843,Compte Courant,36.62,22.16,14.47
CLI_0843,Carte Bancaire Standard,45.0,10.0,35.0
CLI_0843,Compte Épargne,102.18,30.41,71.77
CLI_0843,Livret A,24.42,5.0,19.42
CLI_0843,Crédit Immobilier,3292.68,546.82,2745.86
CLI_0843,Assurance Habitation,386.7,55.33,331.37
CLI_0844,Compte Courant,48.93,20.68,28.25
CLI_0844,Carte Bancaire Standard,45.0,10.0,35.0
CLI_0844,Compte Épargne,139.03,35.02,104.01
CLI_0844,Assurance Vie,779.16,146.0,633.15
CLI_0844,Crédit Immobilier,2289.9,517.61,1772.29
CLI_0844,Assurance Habitation,282.63,60.73,221.9
CLI_0844,Assurance Auto,277.95,64.87,213.08
CLI_0845,Compte Courant,53.87,18.25,35.62
CLI_0845,Carte Bancaire Standard,45.0,10.0,35.0
CLI_0845,Compte Épargne,135.7,32.17,103.53
CLI_0846,Compte Courant,50.21,17.92,32.29
CLI_0846,Carte Bancaire Standard,45.0,10.0,35.0
CLI_0846,Compte Épargne,95.73,28.25,67.48
CLI_0846,Livret A,34.14,5.0,29.14
CLI_0846,Assurance Vie,699.51,112.21,587.3
CLI_0846,Crédit Consommation,333.69,178.39,155.3
CLI_0846,Assurance Auto,242.42,84.22,158.19
CLI_0847,Compte Courant,47.14,15.08,32.06
CLI_0847,Carte Bancaire Standard,45.0,10.0,35.0
CLI_0847,Carte Bancaire Premium,120.0,20.0,100.0
CLI_0847,Compte Épargne,115.29,33.19,82.1
CLI_0847,Livret A,59.15,5.0,54.15
CLI_0847,Assurance Habitation,190.87,62.79,128.08
CLI_0847,Assurance Auto,298.95,117.6,181.35
CLI_0848,Compte Courant,32.03,19.29,12.74
CLI_0848,Carte Bancaire Standard,45.0,10.0,35.0
CLI_0848,Carte Bancaire Premium,120.0,20.0,100.0
CLI_0848,Compte Épargne,137.13,35.39,101.74
CLI_0848,Livret A,69.35,5.0,64.35
CLI_0848,Crédit Consommation,1175.06,126.47,1048.59
CLI_0849,Compte Courant,39.29,15.31,23.98
CLI_0849,Carte Bancaire Standard,45.0,10.0,35.0
CLI_0849,Compte Épargne,65.0,31.24,33.76
CLI_0849,Livret A,29.46,5.0,24.46
CLI_0849,Crédit Immobilier,4077.07,311.17,3765.9
CLI_0849,Crédit Consommation,533.54,163.45,370.08
CLI_0849,Assurance Habitation,213.88,86.44,127.44
CLI_0849,Assurance Auto,598.35,107.83,490.52
CLI_0850,Compte Courant,40.26,24.01,16.25
CLI_0850,Carte Bancaire Standard,45.0,10.0,35.0
CLI_0850,Compte Épargne,55.12,34.5,20.62
CLI_0850,Crédit Consommation,320.99,100.95,220.04
CLI_0850,Assurance Auto,595.03,81.65,513.38
CLI_0851,Compte Courant,54.61,18.76,35.85
CLI_0851,Carte Bancaire Standard,45.0,10.0,35.0
CLI_0851,Compte Épargne,134.0,39.31,94.69
CLI_0851,Livret A,46.13,5.0,41.13
CLI_0851,Crédit Immobilier,3457.72,488.59,2969.13
CLI_0851,Assurance Habitation,383.71,62.84,320.87
CLI_0852,Compte Courant,48.34,18.25,30.09
CLI_0852,Carte Bancaire Standard,45.0,10.0,35.0
CLI_0852,Compte Épargne,71.69,21.7,49.99
CLI_0852,Assurance Habitation,305.18,94.1,211.07
CLI_0853,Compte Courant,40.54,20.53,20.02
CLI_0853,Carte Bancaire Standard,45.0,10.0,35.0
CLI_0853,Carte Bancaire Premium,120.0,20.0,100.0
CLI_0853,Compte Épargne,114.21,28.29,85.92
CLI_0853,Assurance Auto,561.34,81.77,479.57
CLI_0854,Compte Courant,33.75,16.44,17.31
CLI_0854,Carte Bancaire Standard,45.0,10.0,35.0
CLI_0854,Compte Épargne,139.09,39.76,99.33
CLI_0854,Assurance Vie,373.36,64.36,309.0
CLI_0854,Crédit Immobilier,3187.74,512.86,2674.88
CLI_0854,Assurance Habitation,303.1,97.56,205.55
CLI_0855,Compte Courant,54.53,23.69,30.84
CLI_0855,Carte Bancaire Standard,45.0,10.0,35.0
CLI_0855,Carte Bancaire Premium,120.0,20.0,100.0
CLI_0855,Compte Épargne,104.17,26.55,77.62
CLI_0855,Livret A,62.1,5.0,57.1
CLI_0855,Assurance Habitation,259.76,64.39,195.38
CLI_0855,Assurance Auto,260.91,91.67,169.24
CLI_0856,Compte Courant,47.83,20.69,27.14
CLI_0856,Carte Bancaire Standard,45.0,10.0,35.0
CLI_0856,Compte Épargne,61.65,31.4,30.26
CLI_0857,Compte Courant,35.05,21.64,13.42
CLI_0857,Carte Bancaire Standard,45.0,10.0,35.0
CLI_0857,Compte Épargne,92.94,36.98,55.96
CLI_0857,Livret A,66.7,5.0,61.7
CLI_0857,Assurance Habitation,331.1,85.04,246.06
CLI_0858,Compte Courant,46.81,15.61,31.2
CLI_0858,Carte Bancaire Standard,45.0,10.0,35.0
CLI_0858,Compte Épargne,115.55,29.34,86.21
CLI_0858,Crédit Consommation,722.6,125.48,597.12
CLI_0858,Assurance Habitation,382.27,62.47,319.8
CLI_0858,Assurance Auto,326.64,117.78,208.86
CLI_0859,Compte Courant,54.3,15.14,39.16
CLI_0859,Carte Bancaire Standard,45.0,10.0,35.0
CLI_0859,Compte Épargne,140.61,24.53,116.08
CLI_0859,Livret A,62.36,5.0,57.36
CLI_0859,Assurance Vie,531.84,103.68,428.16
CLI_0859,Crédit Immobilier,4012.72,362.15,3650.57
CLI_0859,Assurance Habitation,189.76,82.6,107.16
CLI_0859,Assurance Auto,316.23,118.44,197.79
CLI_0860,Compte Courant,43.55,16.12,27.43
CLI_0860,Carte Bancaire Standard,45.0,10.0,35.0
CLI_0860,Carte Bancaire Premium,120.0,20.0,100.0
CLI_0860,Compte Épargne,118.58,26.12,92.46
CLI_0860,Assurance Vie,289.15,92.28,196.87
CLI_0860,Assurance Habitation,391.06,70.57,320.48
CLI_0860,Assurance Auto,338.93,86.67,252.26
CLI_0861,Compte Courant,30.36,16.33,14.03
CLI_0862,Compte Courant,55.49,24.78,30.71
CLI_0862,Carte Bancaire Standard,45.0,10.0,35.0
CLI_0862,Compte Épargne,65.79,30.71,35.08
CLI_0862,Assurance Vie,779.8,65.66,714.14
CLI_0862,Assurance Habitation,196.58,96.34,100.24
CLI_0862,Assurance Auto,482.28,69.12,413.16
CLI_0863,Compte Courant,41.8,15.56,26.24
CLI_0863,Carte Bancaire Standard,45.0,10.0,35.0
CLI_0863,Crédit Consommation,689.4,173.35,516.06
CLI_0863,Assurance Habitation,288.49,82.37,206.12
CLI_0863,Assurance Auto,330.73,69.68,261.04
CLI_0864,Compte Courant,30.39,23.21,7.18
CLI_0864,Carte Bancaire Standard,45.0,10.0,35.0
CLI_0864,Compte Épargne,113.67,24.59,89.08
CLI_0864,Crédit Immobilier,2964.52,540.43,2424.09
CLI_0864,Crédit Consommation,784.83,116.02,668.81
CLI_0865,Compte Courant,38.02,17.18,20.84
CLI_0865,Carte Bancaire Standard,45.0,10.0,35.0
CLI_0865,Livret A,69.42,5.0,64.42
CLI_0865,Assurance Auto,432.74,102.55,330.19
CLI_0866,Compte Courant,55.8,24.87,30.93
CLI_0866,Carte Bancaire Standard,45.0,10.0,35.0
CLI_0867,Compte Courant,37.48,16.81,20.68
CLI_0867,Carte Bancaire Standard,45.0,10.0,35.0
CLI_0867,Compte Épargne,96.2,20.7,75.5
CLI_0867,Assurance Vie,675.03,138.38,536.65
CLI_0868,Compte Courant,50.58,17.68,32.9
CLI_0868,Carte Bancaire Standard,45.0,10.0,35.0
CLI_0868,Carte Bancaire Premium,120.0,20.0,100.0
CLI_0868,Compte Épargne,62.32,27.64,34.67
CLI_0868,Livret A,70.0,5.0,65.0
CLI_0868,Assurance Vie,408.7,53.43,355.27
CLI_0869,Compte Courant,38.23,24.9,13.33
CLI_0869,Carte Bancaire Premium,120.0,20.0,100.0
CLI_0869,Compte Épargne,117.67,38.02,79.65
CLI_0869,Livret A,66.49,5.0,61.49
CLI_0870,Compte Courant,46.19,16.49,29.7
CLI_0870,Carte Bancaire Standard,45.0,10.0,35.0
CLI_0870,Livret A,40.92,5.0,35.92
CLI_0870,Crédit Consommation,825.37,184.48,640.89
CLI_0870,Assurance Habitation,217.17,56.06,161.11
CLI_0871,Compte Courant,46.76,16.77,30.0
CLI_0871,Carte Bancaire Standard,45.0,10.0,35.0
CLI_0871,Livret A,56.62,5.0,51.62
CLI_0871,Assurance Auto,305.41,73.86,231.55
CLI_0872,Compte Courant,41.98,20.93,21.04
CLI_0872,Compte Épargne,104.53,24.89,79.64
CLI_0872,Livret A,73.47,5.0,68.47
CLI_0872,Crédit Consommation,398.89,84.74,314.16
CLI_0872,Assurance Auto,441.08,67.4,373.68
CLI_0873,Compte Courant,45.15,24.52,20.63
CLI_0873,Carte Bancaire Standard,45.0,10.0,35.0
CLI_0873,Livret A,61.91,5.0,56.91
CLI_0873,Assurance Vie,570.47,107.48,462.99
CLI_0873,Crédit Consommation,461.59,131.92,329.67
CLI_0874,Compte Courant,40.28,24.53,15.74
CLI_0874,Carte Bancaire Standard,45.0,10.0,35.0
CLI_0874,Compte Épargne,74.23,29.43,44.8
CLI_0874,Assurance Vie,762.85,128.92,633.93
CLI_0874,Assurance Habitation,391.13,80.42,310.71
CLI_0874,Assurance Auto,333.51,109.6,223.92
CLI_0875,Compte Courant,38.74,16.65,22.1
CLI_0875,Carte Bancaire Standard,45.0,10.0,35.0
CLI_0875,Compte Épargne,120.63,32.78,87.85
CLI_0876,Compte Courant,56.37,24.62,31.75
CLI_0876,Carte Bancaire Standard,45.0,10.0,35.0
CLI_0876,Carte Bancaire Premium,120.0,20.0,100.0
CLI_0876,Compte Épargne,135.72,21.2,114.52
CLI_0876,Crédit Immobilier,3825.8,535.42,3290.38
CLI_0877,Compte Courant,59.46,18.75,40.71
CLI_0877,Carte Bancaire Standard,45.0,10.0,35.0
CLI_0877,Compte Épargne,66.99,37.06,29.93
CLI_0877,Assurance Vie,390.48,109.82,280.66
CLI_0877,Crédit Consommation,650.91,128.28,522.63
CLI_0877,Assurance Auto,492.99,81.69,411.3
CLI_0878,Compte Courant,50.79,15.14,35.65
CLI_0878,Carte Bancaire Standard,45.0,10.0,35.0
CLI_0878,Carte Bancaire Premium,120.0,20.0,100.0
CLI_0878,Assurance Habitation,231.16,65.95,165.21
CLI_0879,Compte Courant,52.47,18.15,34.32
CLI_0879,Carte Bancaire Standard,45.0,10.0,35.0
CLI_0879,Compte Épargne,113.33,33.77,79.56
CLI_0879,Livret A,59.51,5.0,54.51
CLI_0879,Assurance Vie,561.98,91.36,470.61
CLI_0879,Crédit Consommation,635.97,147.75,488.22
CLI_0879,Assurance Habitation,165.93,93.79,72.13
CLI_0879,Assurance Auto,530.13,80.78,449.34
CLI_0880,Compte Courant,47.0,24.32,22.68
CLI_0880,Carte Bancaire Standard,45.0,10.0,35.0
CLI_0880,Compte Épargne,77.16,34.85,42.31
CLI_0880,Livret A,24.96,5.0,19.96
CLI_0880,Assurance Vie,514.02,138.4,375.63
CLI_0880,Assurance Habitation,287.93,80.81,207.11
CLI_0881,Compte Courant,57.23,22.15,35.08
CLI_0881,Carte Bancaire Standard,45.0,10.0,35.0
CLI_0881,Compte Épargne,119.59,31.73,87.86
CLI_0881,Crédit Consommation,869.69,176.44,693.25
CLI_0881,Assurance Auto,591.69,107.72,483.97
CLI_0882,Compte Courant,51.23,16.36,34.87
CLI_0882,Carte Bancaire Standard,45.0,10.0,35.0
CLI_0882,Assurance Vie,690.25,123.6,566.65
CLI_0882,Assurance Auto,508.17,73.87,434.31
CLI_0883,Compte Courant,57.1,15.97,41.13
CLI_0883,Carte Bancaire Premium,120.0,20.0,100.0
CLI_0883,Livret A,35.22,5.0,30.22
CLI_0883,Assurance Vie,597.81,117.37,480.44
CLI_0883,Crédit Consommation,581.99,164.18,417.81
CLI_0884,Compte Courant,41.64,15.0,26.64
CLI_0884,Carte Bancaire Standard,45.0,10.0,35.0
CLI_0884,Compte Épargne,66.26,37.65,28.61
CLI_0884,Livret A,33.36,5.0,28.36
CLI_0884,Assurance Vie,267.75,118.22,149.53
CLI_0885,Compte Courant,43.22,22.97,20.26
CLI_0885,Carte Bancaire Standard,45.0,10.0,35.0
CLI_0885,Carte Bancaire Premium,120.0,20.0,100.0
CLI_0885,Compte Épargne,136.14,36.92,99.22
CLI_0885,Livret A,38.78,5.0,33.78
CLI_0885,Assurance Vie,503.33,115.01,388.31
CLI_0885,Assurance Habitation,230.5,52.05,178.44
CLI_0885,Assurance Auto,398.27,60.77,337.5
CLI_0886,Compte Courant,58.52,22.97,35.55
CLI_0886,Carte Bancaire Standard,45.0,10.0,35.0
CLI_0886,Assurance Vie,315.21,78.76,236.45
CLI_0886,Crédit Consommation,1184.55,124.83,1059.73
CLI_0886,Assurance Auto,513.49,86.81,426.68
CLI_0887,Compte Courant,55.92,22.04,33.89
CLI_0887,Carte Bancaire Standard,45.0,10.0,35.0
CLI_0887,Carte Bancaire Premium,120.0,20.0,100.0
CLI_0887,Compte Épargne,52.29,25.89,26.4
CLI_0888,Compte Courant,46.74,24.26,22.48
CLI_0888,Carte Bancaire Standard,45.0,10.0,35.0
CLI_0888,Carte Bancaire Premium,120.0,20.0,100.0
CLI_0888,Assurance Habitation,175.51,80.06,95.45
CLI_0889,Compte Courant,39.07,23.89,15.17
CLI_0889,Carte Bancaire Standard,45.0,10.0,35.0
CLI_0889,Livret A,65.91,5.0,60.91
CLI_0889,Assurance Vie,421.82,66.71,355.11
CLI_0889,Assurance Auto,204.6,97.27,107.33
CLI_0890,Compte Courant,42.18,18.15,24.04
CLI_0891,Compte Courant,59.57,19.66,39.9
CLI_0891,Carte Bancaire Standard,45.0,10.0,35.0
CLI_0891,Carte Bancaire Premium,120.0,20.0,100.0
CLI_0891,Assurance Vie,649.9,67.74,582.16
CLI_0891,Assurance Habitation,153.36,70.88,82.49
CLI_0892,Compte Courant,49.97,20.07,29.9
CLI_0893,Compte Courant,56.71,19.34,37.37
CLI_0893,Carte Bancaire Standard,45.0,10.0,35.0
CLI_0893,Compte Épargne,81.1,38.32,42.78
CLI_0893,Crédit Immobilier,2923.81,380.89,2542.91
CLI_0893,Assurance Auto,239.06,107.6,131.47
CLI_0894,Compte Courant,54.75,15.33,39.42
CLI_0894,Livret A,41.52,5.0,36.52
CLI_0894,Assurance Vie,649.93,144.64,505.29
CLI_0894,Assurance Habitation,244.45,93.6,150.85
CLI_0894,Assurance Auto,357.49,70.77,286.72
CLI_0895,Compte Courant,30.1,18.3,11.8
CLI_0895,Carte Bancaire Standard,45.0,10.0,35.0
CLI_0895,Carte Bancaire Premium,120.0,20.0,100.0
CLI_0895,Compte Épargne,87.85,38.9,48.95
CLI_0895,Assurance Vie,323.64,88.22,235.42
CLI_0895,Crédit Consommation,322.64,171.62,151.01
CLI_0896,Compte Courant,57.45,17.38,40.08
CLI_0896,Carte Bancaire Standard,45.0,10.0,35.0
CLI_0896,Carte Bancaire Premium,120.0,20.0,100.0
CLI_0896,Assurance Auto,371.6,67.33,304.27
CLI_0897,Compte Courant,43.71,16.33,27.37
CLI_0897,Compte Épargne,102.33,34.69,67.64
CLI_0897,Livret A,53.2,5.0,48.2
CLI_0897,Crédit Immobilier,2358.27,406.14,1952.13
CLI_0897,Assurance Auto,455.43,95.39,360.04
CLI_0898,Compte Courant,34.1,23.45,10.65
CLI_0898,Carte Bancaire Standard,45.0,10.0,35.0
CLI_0898,Carte Bancaire Premium,120.0,20.0,100.0
CLI_0898,Compte Épargne,97.52,23.25,74.27
CLI_0898,Assurance Vie,273.7,146.56,127.14
CLI_0898,Crédit Immobilier,2485.37,572.58,1912.79
CLI_0898,Assurance Auto,364.23,83.16,281.08
CLI_0899,Compte Courant,51.03,15.1,35.93
CLI_0899,Carte Bancaire Standard,45.0,10.0,35.0
CLI_0899,Compte Épargne,83.81,26.05,57.76
CLI_0899,Assurance Vie,720.86,102.91,617.95
CLI_0900,Compte Courant,40.94,17.66,23.28
CLI_0900,Compte Épargne,109.05,23.03,86.02
CLI_0900,Livret A,34.77,5.0,29.77
CLI_0900,Assurance Habitation,223.4,80.4,143.01
CLI_0900,Assurance Auto,349.3,90.35,258.95
CLI_0901,Compte Courant,49.51,24.56,24.95
CLI_0901,Carte Bancaire Standard,45.0,10.0,35.0
CLI_0901,Carte Bancaire Premium,120.0,20.0,100.0
CLI_0901,Assurance Vie,658.9,90.53,568.38
CLI_0901,Assurance Habitation,337.07,97.48,239.58
CLI_0902,Compte Courant,44.98,19.1,25.88
CLI_0902,Compte Épargne,57.8,37.85,19.95
CLI_0902,Livret A,34.79,5.0,29.79
CLI_0902,Assurance Vie,238.37,103.72,134.65
CLI_0903,Compte Courant,55.38,19.07,36.31
CLI_0903,Carte Bancaire Standard,45.0,10.0,35.0
CLI_0903,Compte Épargne,128.31,36.73,91.58
CLI_0903,Livret A,47.26,5.0,42.26
CLI_0903,Crédit Consommation,831.86,144.07,687.79
CLI_0904,Compte Courant,58.18,22.26,35.92
CLI_0904,Carte Bancaire Standard,45.0,10.0,35.0
CLI_0904,Compte Épargne,142.53,24.4,118.13
CLI_0904,Livret A,38.61,5.0,33.61
CLI_0904,Assurance Vie,242.55,99.99,142.56
CLI_0904,Crédit Immobilier,4558.73,398.05,4160.68
CLI_0904,Assurance Auto,251.31,64.11,187.21
CLI_0905,Compte Courant,43.43,16.64,26.78
CLI_0905,Carte Bancaire Premium,120.0,20.0,100.0
CLI_0905,Compte Épargne,84.61,36.4,48.21
CLI_0905,Assurance Vie,430.43,110.99,319.44
CLI_0905,Crédit Consommation,751.94,166.22,585.72
CLI_0906,Compte Courant,34.68,24.2,10.48
CLI_0906,Carte Bancaire Standard,45.0,10.0,35.0
CLI_0906,Compte Épargne,114.36,25.42,88.94
CLI_0906,Livret A,27.4,5.0,22.4
CLI_0906,Assurance Auto,259.89,106.96,152.93
CLI_0907,Compte Courant,47.64,18.81,28.84
CLI_0907,Carte Bancaire Standard,45.0,10.0,35.0
CLI_0907,Livret A,39.97,5.0,34.97
CLI_0907,Crédit Immobilier,4495.15,562.43,3932.72
CLI_0907,Assurance Habitation,295.32,76.23,219.09
CLI_0908,Compte Courant,54.49,22.49,32.0
CLI_0908,Carte Bancaire Standard,45.0,10.0,35.0
CLI_0908,Assurance Habitation,250.08,54.14,195.94
CLI_0909,Compte Courant,53.06,16.69,36.37
CLI_0909,Carte Bancaire Standard,45.0,10.0,35.0
CLI_0909,Compte Épargne,51.64,36.87,14.77
CLI_0909,Livret A,54.7,5.0,49.7
CLI_0909,Assurance Habitation,372.92,74.23,298.69
CLI_0909,Assurance Auto,570.59,81.24,489.35
CLI_0910,Compte Courant,51.74,18.01,33.73
CLI_0910,Carte Bancaire Standard,45.0,10.0,35.0
CLI_0910,Compte Épargne,50.12,27.59,22.52
CLI_0910,Livret A,64.27,5.0,59.27
CLI_0911,Compte Courant,34.5,20.05,14.45
CLI_0911,Carte Bancaire Standard,45.0,10.0,35.0
CLI_0911,Compte Épargne,71.23,21.49,49.74
CLI_0911,Assurance Habitation,304.36,97.6,206.76
CLI_0911,Assurance Auto,324.28,94.84,229.44
CLI_0912,Compte Courant,58.61,21.5,37.1
CLI_0912,Compte Épargne,117.31,23.58,93.73
CLI_0912,Livret A,49.56,5.0,44.56
CLI_0912,Assurance Vie,420.25,97.1,323.15
CLI_0912,Assurance Habitation,350.21,73.03,277.17
CLI_0913,Compte Courant,31.89,24.06,7.83
CLI_0913,Carte Bancaire Standard,45.0,10.0,35.0
CLI_0914,Compte Courant,46.34,24.24,22.1
CLI_0914,Carte Bancaire Standard,45.0,10.0,35.0
CLI_0914,Assurance Vie,543.41,56.96,486.45
CLI_0914,Crédit Immobilier,3435.04,472.72,2962.32
CLI_0915,Compte Courant,36.43,19.71,16.72
CLI_0915,Assurance Habitation,264.86,81.14,183.72
CLI_0915,Assurance Auto,303.85,94.9,208.94
CLI_0916,Compte Courant,37.23,19.46,17.76
CLI_0916,Carte Bancaire Standard,45.0,10.0,35.0
CLI_0916,Compte Épargne,62.27,20.75,41.52
CLI_0916,Livret A,39.24,5.0,34.24
CLI_0916,Crédit Immobilier,2461.0,422.08,2038.92
CLI_0916,Assurance Habitation,390.5,76.11,314.38
CLI_0916,Assurance Auto,421.27,116.5,304.77
CLI_0917,Compte Courant,57.63,23.84,33.79
CLI_0917,Carte Bancaire Standard,45.0,10.0,35.0
CLI_0917,Assurance Auto,239.2,98.06,141.14
CLI_0918,Compte Courant,54.24,23.36,30.89
CLI_0918,Carte Bancaire Standard,45.0,10.0,35.0
CLI_0918,Carte Bancaire Premium,120.0,20.0,100.0
CLI_0918,Compte Épargne,107.79,20.35,87.44
CLI_0918,Livret A,78.42,5.0,73.42
CLI_0918,Crédit Immobilier,3152.69,418.08,2734.61
CLI_0919,Compte Courant,41.85,19.24,22.61
CLI_0919,Carte Bancaire Standard,45.0,10.0,35.0
CLI_0919,Compte Épargne,74.22,26.55,47.67
CLI_0919,Livret A,79.12,5.0,74.12
CLI_0920,Compte Courant,41.05,20.27,20.78
CLI_0920,Carte Bancaire Standard,45.0,10.0,35.0
CLI_0921,Compte Courant,55.45,20.27,35.17
CLI_0921,Carte Bancaire Premium,120.0,20.0,100.0
CLI_0921,Compte Épargne,82.45,30.48,51.97
CLI_0921,Livret A,26.85,5.0,21.85
CLI_0921,Assurance Vie,278.0,119.41,158.59
CLI_0921,Assurance Habitation,379.37,86.28,293.08
CLI_0921,Assurance Auto,229.85,84.17,145.67
CLI_0922,Compte Courant,30.08,20.11,9.96
CLI_0922,Carte Bancaire Standard,45.0,10.0,35.0
CLI_0922,Compte Épargne,69.32,37.36,31.96
CLI_0922,Livret A,26.26,5.0,21.26
CLI_0922,Crédit Immobilier,1505.02,435.34,1069.67
CLI_0922,Assurance Habitation,188.86,86.9,101.96
CLI_0923,Compte Courant,57.6,15.42,42.18
CLI_0923,Carte Bancaire Standard,45.0,10.0,35.0
CLI_0923,Carte Bancaire Premium,120.0,20.0,100.0
CLI_0923,Compte Épargne,89.56,39.94,49.62
CLI_0923,Assurance Vie,639.6,145.32,494.28
CLI_0924,Compte Courant,34.92,17.21,17.71
CLI_0924,Carte Bancaire Standard,45.0,10.0,35.0
CLI_0924,Assurance Vie,292.89,80.24,212.65
CLI_0925,Compte Courant,51.73,16.65,35.08
CLI_0925,Carte Bancaire Standard,45.0,10.0,35.0
CLI_0925,Assurance Vie,514.54,76.92,437.62
CLI_0925,Crédit Consommation,1046.28,80.79,965.49
CLI_0925,Assurance Auto,289.25,96.31,192.93
CLI_0926,Compte Courant,32.9,19.66,13.24
CLI_0926,Carte Bancaire Standard,45.0,10.0,35.0
CLI_0926,Livret A,46.17,5.0,41.17
CLI_0926,Crédit Immobilier,4483.83,487.62,3996.21
CLI_0927,Compte Courant,49.19,24.52,24.67
CLI_0927,Carte Bancaire Standard,45.0,10.0,35.0
CLI_0927,Livret A,78.94,5.0,73.94
CLI_0927,Assurance Vie,592.04,102.2,489.84
CLI_0927,Crédit Immobilier,3627.72,414.73,3212.99
CLI_0928,Compte Courant,59.62,22.05,37.57
CLI_0928,Carte Bancaire Standard,45.0,10.0,35.0
CLI_0928,Crédit Immobilier,2518.52,317.33,2201.19
CLI_0928,Crédit Consommation,340.25,104.59,235.66
CLI_0929,Compte Courant,36.99,19.15,17.84
CLI_0929,Carte Bancaire Premium,120.0,20.0,100.0
CLI_0929,Compte Épargne,71.48,32.62,38.87
CLI_0929,Livret A,32.68,5.0,27.68
CLI_0929,Assurance Vie,312.73,97.12,215.6
CLI_0929,Crédit Immobilier,4610.34,440.49,4169.85
CLI_0929,Assurance Auto,365.54,94.69,270.85
CLI_0930,Compte Courant,37.72,18.53,19.18
CLI_0930,Carte Bancaire Premium,120.0,20.0,100.0
CLI_0930,Livret A,32.83,5.0,27.83
CLI_0930,Assurance Habitation,292.95,84.87,208.08
CLI_0931,Compte Courant,50.21,17.55,32.66
CLI_0931,Carte Bancaire Standard,45.0,10.0,35.0
CLI_0931,Carte Bancaire Premium,120.0,20.0,100.0
CLI_0931,Compte Épargne,127.96,25.12,102.85
CLI_0931,Assurance Vie,290.19,84.98,205.21
CLI_0932,Compte Courant,47.93,16.42,31.51
CLI_0932,Carte Bancaire Standard,45.0,10.0,35.0
CLI_0932,Assurance Vie,588.85,136.31,452.55
CLI_0933,Compte Courant,38.79,19.5,19.29
CLI_0933,Carte Bancaire Standard,45.0,10.0,35.0
CLI_0933,Compte Épargne,72.83,27.23,45.61
CLI_0933,Assurance Vie,213.18,145.38,67.81
CLI_0933,Assurance Habitation,253.97,89.44,164.53
CLI_0934,Compte Courant,34.28,23.12,11.16
CLI_0934,Carte Bancaire Standard,45.0,10.0,35.0
CLI_0934,Livret A,71.61,5.0,66.61
CLI_0934,Assurance Habitation,328.87,95.16,233.71
CLI_0935,Compte Courant,35.02,19.76,15.25
CLI_0935,Carte Bancaire Standard,45.0,10.0,35.0
CLI_0935,Compte Épargne,112.01,31.92,80.09
CLI_0935,Livret A,71.66,5.0,66.66
CLI_0935,Assurance Auto,286.28,70.54,215.74
CLI_0936,Compte Courant,37.6,23.92,13.69
CLI_0936,Carte Bancaire Standard,45.0,10.0,35.0
CLI_0936,Livret A,76.46,5.0,71.46
CLI_0936,Assurance Auto,427.85,90.08,337.77
CLI_0937,Compte Courant,48.16,21.16,27.0
CLI_0937,Carte Bancaire Standard,45.0,10.0,35.0
CLI_0937,Compte Épargne,67.03,33.73,33.3
CLI_0937,Livret A,47.14,5.0,42.14
CLI_0937,Assurance Habitation,279.35,51.52,227.83
CLI_0938,Compte Courant,52.94,23.35,29.58
CLI_0938,Crédit Immobilier,3667.98,524.62,3143.36
CLI_0938,Crédit Consommation,770.44,154.2,616.23
CLI_0938,Assurance Habitation,248.64,89.59,159.05
CLI_0938,Assurance Auto,387.31,100.81,286.5
CLI_0939,Compte Courant,48.64,22.02,26.62
CLI_0939,Carte Bancaire Standard,45.0,10.0,35.0
CLI_0939,Compte Épargne,128.52,30.25,98.27
CLI_0939,Livret A,68.78,5.0,63.78
CLI_0939,Assurance Auto,398.9,117.4,281.5
CLI_0940,Compte Courant,52.58,16.71,35.87
CLI_0940,Carte Bancaire Premium,120.0,20.0,100.0
CLI_0940,Assurance Vie,697.75,105.16,592.59
CLI_0941,Compte Courant,59.53,22.19,37.35
CLI_0941,Carte Bancaire Standard,45.0,10.0,35.0
CLI_0941,Carte Bancaire Premium,120.0,20.0,100.0
CLI_0941,Compte Épargne,58.44,27.9,30.54
CLI_0941,Livret A,51.04,5.0,46.04
CLI_0941,Assurance Vie,703.41,122.93,580.47
CLI_0941,Assurance Habitation,242.34,82.67,159.67
CLI_0941,Assurance Auto,430.76,67.56,363.2
CLI_0942,Compte Courant,37.05,18.41,18.63
CLI_0942,Livret A,31.73,5.0,26.73
CLI_0942,Crédit Consommation,435.12,86.98,348.14
CLI_0942,Assurance Auto,549.24,77.34,471.9
CLI_0943,Compte Courant,38.71,17.06,21.65
CLI_0943,Carte Bancaire Standard,45.0,10.0,35.0
CLI_0943,Livret A,48.52,5.0,43.52
CLI_0944,Compte Courant,45.43,17.08,28.34
CLI_0944,Carte Bancaire Standard,45.0,10.0,35.0
CLI_0944,Livret A,56.51,5.0,51.51
CLI_0944,Assurance Vie,633.8,87.38,546.42
CLI_0944,Crédit Consommation,826.91,140.28,686.63
CLI_0945,Compte Courant,35.87,22.3,13.57
CLI_0945,Carte Bancaire Standard,45.0,10.0,35.0
CLI_0945,Compte Épargne,130.15,32.98,97.17
CLI_0945,Livret A,39.43,5.0,34.43
CLI_0945,Assurance Vie,756.08,95.54,660.54
CLI_0945,Assurance Habitation,216.47,70.41,146.06
CLI_0946,Compte Courant,50.76,23.46,27.3
CLI_0946,Carte Bancaire Standard,45.0,10.0,35.0
CLI_0946,Compte Épargne,85.66,24.65,61.01
CLI_0946,Livret A,57.59,5.0,52.59
CLI_0946,Assurance Habitation,380.3,59.16,321.14
CLI_0947,Compte Courant,54.09,19.77,34.32
CLI_0947,Compte Épargne,129.95,30.11,99.84
CLI_0947,Livret A,42.64,5.0,37.64
CLI_0947,Assurance Vie,618.04,140.06,477.98
CLI_0947,Assurance Auto,328.1,87.64,240.46
CLI_0948,Compte Courant,36.88,16.83,20.05
CLI_0948,Carte Bancaire Standard,45.0,10.0,35.0
CLI_0948,Carte Bancaire Premium,120.0,20.0,100.0
CLI_0948,Livret A,66.67,5.0,61.67
CLI_0948,Assurance Vie,320.4,129.33,191.07
CLI_0948,Crédit Consommation,686.3,199.41,486.89
CLI_0949,Compte Courant,35.92,15.93,19.99
CLI_0949,Carte Bancaire Standard,45.0,10.0,35.0
CLI_0949,Compte Épargne,57.54,36.71,20.83
CLI_0949,Assurance Habitation,259.44,50.16,209.29
CLI_0949,Assurance Auto,549.91,112.62,437.29
CLI_0950,Compte Courant,54.19,17.48,36.71
CLI_0950,Carte Bancaire Standard,45.0,10.0,35.0
CLI_0950,Compte Épargne,87.28,34.9,52.38
CLI_0951,Compte Courant,44.68,16.54,28.14
CLI_0951,Carte Bancaire Premium,120.0,20.0,100.0
CLI_0951,Compte Épargne,74.28,39.45,34.83
CLI_0951,Livret A,29.06,5.0,24.06
CLI_0951,Assurance Auto,490.43,88.68,401.75
CLI_0952,Compte Courant,52.46,21.61,30.85
CLI_0952,Carte Bancaire Standard,45.0,10.0,35.0
CLI_0952,Livret A,46.35,5.0,41.35
CLI_0952,Assurance Auto,341.56,105.26,236.3
CLI_0953,Compte Courant,39.69,22.88,16.82
CLI_0953,Carte Bancaire Standard,45.0,10.0,35.0
CLI_0953,Compte Épargne,117.98,31.55,86.43
CLI_0953,Crédit Immobilier,2790.8,361.52,2429.28
CLI_0954,Compte Courant,51.31,15.91,35.4
CLI_0954,Carte Bancaire Standard,45.0,10.0,35.0
CLI_0954,Compte Épargne,147.05,39.57,107.48
CLI_0954,Crédit Consommation,417.2,92.47,324.73
CLI_0954,Assurance Auto,365.09,117.82,247.27
CLI_0955,Compte Courant,42.01,18.64,23.37
CLI_0955,Carte Bancaire Standard,45.0,10.0,35.0
CLI_0955,Carte Bancaire Premium,120.0,20.0,100.0
CLI_0955,Compte Épargne,120.36,23.57,96.78
CLI_0955,Livret A,41.8,5.0,36.8
CLI_0955,Assurance Vie,374.78,110.15,264.63
CLI_0955,Crédit Consommation,446.48,145.84,300.63
CLI_0955,Assurance Auto,543.02,90.85,452.17
CLI_0956,Compte Courant,50.5,15.75,34.75
CLI_0957,Compte Courant,43.47,15.95,27.52
CLI_0957,Carte Bancaire Premium,120.0,20.0,100.0
CLI_0957,Livret A,55.97,5.0,50.97
CLI_0957,Assurance Vie,368.63,78.73,289.91
CLI_0957,Crédit Immobilier,1768.68,393.07,1375.61
CLI_0957,Assurance Habitation,276.67,79.23,197.44
CLI_0958,Compte Courant,32.0,21.51,10.49
CLI_0958,Carte Bancaire Standard,45.0,10.0,35.0
CLI_0958,Compte Épargne,98.89,30.74,68.15
CLI_0958,Livret A,69.97,5.0,64.97
CLI_0958,Crédit Immobilier,2697.79,352.22,2345.58
CLI_0959,Compte Courant,46.55,24.45,22.1
CLI_0959,Carte Bancaire Standard,45.0,10.0,35.0
CLI_0959,Assurance Habitation,279.47,91.6,187.87
CLI_0960,Compte Courant,52.71,20.18,32.53
CLI_0960,Carte Bancaire Standard,45.0,10.0,35.0
CLI_0960,Crédit Consommation,882.8,128.8,754.0
CLI_0960,Assurance Habitation,282.66,75.36,207.29
CLI_0961,Compte Courant,51.27,19.1,32.17
CLI_0961,Carte Bancaire Standard,45.0,10.0,35.0
CLI_0961,Carte Bancaire Premium,120.0,20.0,100.0
CLI_0961,Livret A,25.99,5.0,20.99
CLI_0961,Assurance Vie,673.23,118.49,554.74
CLI_0961,Crédit Consommation,1155.11,131.45,1023.67
CLI_0961,Assurance Habitation,169.55,56.08,113.47
CLI_0961,Assurance Auto,509.33,64.07,445.26
CLI_0962,Compte Courant,57.23,17.82,39.42
CLI_0962,Carte Bancaire Standard,45.0,10.0,35.0
CLI_0962,Compte Épargne,139.89,35.47,104.42
CLI_0962,Livret A,72.27,5.0,67.27
CLI_0962,Crédit Immobilier,2249.14,478.71,1770.43
CLI_0962,Assurance Habitation,173.4,60.11,113.28
CLI_0962,Assurance Auto,323.96,104.45,219.51
CLI_0963,Compte Courant,30.74,24.03,6.71
CLI_0963,Carte Bancaire Standard,45.0,10.0,35.0
CLI_0963,Assurance Auto,228.32,82.59,145.73
CLI_0964,Compte Courant,32.43,22.69,9.74
CLI_0964,Carte Bancaire Standard,45.0,10.0,35.0
CLI_0964,Carte Bancaire Premium,120.0,20.0,100.0
CLI_0964,Compte Épargne,64.13,37.7,26.44
CLI_0965,Compte Courant,45.91,24.48,21.42
CLI_0965,Carte Bancaire Standard,45.0,10.0,35.0
CLI_0965,Assurance Habitation,222.59,72.72,149.87
CLI_0966,Compte Courant,50.83,23.32,27.51
CLI_0966,Carte Bancaire Standard,45.0,10.0,35.0
CLI_0966,Carte Bancaire Premium,120.0,20.0,100.0
CLI_0966,Assurance Auto,368.54,113.55,255.0
CLI_0967,Compte Courant,33.54,22.09,11.45
CLI_0967,Carte Bancaire Standard,45.0,10.0,35.0
CLI_0967,Livret A,40.89,5.0,35.89
CLI_0967,Assurance Auto,240.53,83.2,157.33
CLI_0968,Compte Courant,56.41,24.81,31.6
CLI_0968,Carte Bancaire Standard,45.0,10.0,35.0
CLI_0968,Carte Bancaire Premium,120.0,20.0,100.0
CLI_0968,Compte Épargne,89.28,37.73,51.55
CLI_0968,Crédit Consommation,758.69,166.04,592.65
CLI_0969,Compte Courant,31.36,20.57,10.79
CLI_0969,Carte Bancaire Standard,45.0,10.0,35.0
CLI_0969,Assurance Vie,242.1,76.86,165.24
CLI_0969,Assurance Habitation,291.7,90.36,201.35
CLI_0970,Compte Courant,46.83,24.36,22.46
CLI_0970,Carte Bancaire Standard,45.0,10.0,35.0
CLI_0970,Compte Épargne,131.03,23.12,107.91
CLI_0970,Livret A,43.34,5.0,38.34
CLI_0970,Crédit Consommation,901.64,192.61,709.03
CLI_0970,Assurance Auto,595.09,105.79,489.3
CLI_0971,Compte Courant,47.21,22.57,24.65
CLI_0971,Carte Bancaire Standard,45.0,10.0,35.0
CLI_0971,Carte Bancaire Premium,120.0,20.0,100.0
CLI_0971,Compte Épargne,77.32,25.67,51.65
CLI_0971,Livret A,59.26,5.0,54.26
CLI_0971,Assurance Vie,723.1,146.98,576.12
CLI_0971,Crédit Consommation,607.2,175.59,431.61
CLI_0971,Assurance Auto,540.61,97.39,443.22
CLI_0972,Compte Courant,40.43,21.19,19.24
CLI_0972,Carte Bancaire Standard,45.0,10.0,35.0
CLI_0972,Compte Épargne,108.44,32.13,76.31
CLI_0972,Assurance Vie,571.56,134.71,436.85
CLI_0972,Assurance Auto,268.03,82.04,185.99
CLI_0973,Compte Courant,47.58,17.83,29.75
CLI_0973,Carte Bancaire Standard,45.0,10.0,35.0
CLI_0973,Compte Épargne,147.82,25.26,122.55
CLI_0973,Livret A,48.18,5.0,43.18
CLI_0973,Assurance Vie,726.42,58.01,668.41
CLI_0973,Assurance Habitation,355.17,78.55,276.62
CLI_0973,Assurance Auto,212.72,114.17,98.55
CLI_0974,Compte Courant,31.18,20.15,11.02
CLI_0974,Carte Bancaire Standard,45.0,10.0,35.0
CLI_0974,Carte Bancaire Premium,120.0,20.0,100.0
CLI_0974,Livret A,22.94,5.0,17.94
CLI_0974,Assurance Vie,242.72,138.72,104.0
CLI_0974,Assurance Auto,506.33,71.82,434.51
CLI_0975,Compte Courant,48.61,22.95,25.67
CLI_0975,Carte Bancaire Standard,45.0,10.0,35.0
CLI_0975,Livret A,73.38,5.0,68.38
CLI_0976,Compte Courant,44.05,23.97,20.07
CLI_0976,Carte Bancaire Standard,45.0,10.0,35.0
CLI_0976,Assurance Habitation,276.96,84.41,192.55
CLI_0977,Compte Courant,59.37,17.36,42.01
CLI_0977,Carte Bancaire Standard,45.0,10.0,35.0
CLI_0977,Compte Épargne,66.85,26.84,40.01
CLI_0977,Livret A,29.86,5.0,24.86
CLI_0977,Assurance Vie,370.5,124.3,246.2
CLI_0978,Compte Courant,44.33,18.75,25.58
CLI_0978,Carte Bancaire Standard,45.0,10.0,35.0
CLI_0978,Compte Épargne,86.87,23.89,62.98
CLI_0978,Assurance Auto,378.96,97.48,281.49
CLI_0979,Compte Courant,34.17,24.73,9.45
CLI_0979,Carte Bancaire Standard,45.0,10.0,35.0
CLI_0979,Compte Épargne,94.33,38.96,55.37
CLI_0979,Livret A,28.08,5.0,23.08
CLI_0980,Compte Courant,53.02,21.18,31.84
CLI_0980,Carte Bancaire Standard,45.0,10.0,35.0
CLI_0980,Livret A,69.2,5.0,64.2
CLI_0980,Assurance Vie,560.41,146.28,414.12
CLI_0980,Assurance Habitation,306.73,89.23,217.5
CLI_0981,Compte Courant,56.33,22.15,34.18
CLI_0981,Carte Bancaire Standard,45.0,10.0,35.0
CLI_0981,Carte Bancaire Premium,120.0,20.0,100.0
CLI_0981,Compte Épargne,102.42,25.46,76.97
CLI_0981,Livret A,71.27,5.0,66.27
CLI_0981,Assurance Vie,488.35,112.07,376.28
CLI_0981,Crédit Consommation,371.3,139.68,231.62
CLI_0982,Compte Courant,50.94,20.84,30.1
CLI_0982,Carte Bancaire Standard,45.0,10.0,35.0
CLI_0982,Carte Bancaire Premium,120.0,20.0,100.0
CLI_0982,Compte Épargne,94.86,24.47,70.39
CLI_0982,Assurance Vie,385.8,120.06,265.74
CLI_0983,Compte Courant,36.73,21.22,15.51
CLI_0983,Carte Bancaire Standard,45.0,10.0,35.0
CLI_0983,Livret A,55.38,5.0,50.38
CLI_0983,Assurance Vie,782.25,56.08,726.17
CLI_0983,Assurance Auto,243.25,90.37,152.88
CLI_0984,Compte Courant,45.81,15.4,30.41
CLI_0984,Carte Bancaire Standard,45.0,10.0,35.0
CLI_0984,Livret A,69.55,5.0,64.55
CLI_0984,Assurance Auto,397.89,80.8,317.09
CLI_0985,Compte Courant,39.57,23.61,15.95
CLI_0985,Carte Bancaire Standard,45.0,10.0,35.0
CLI_0985,Carte Bancaire Premium,120.0,20.0,100.0
CLI_0985,Compte Épargne,69.67,23.21,46.46
CLI_0985,Assurance Vie,327.91,112.5,215.4
CLI_0986,Compte Courant,54.33,18.31,36.02
CLI_0986,Carte Bancaire Standard,45.0,10.0,35.0
CLI_0986,Carte Bancaire Premium,120.0,20.0,100.0
CLI_0986,Compte Épargne,67.35,24.18,43.16
CLI_0986,Assurance Vie,571.51,74.6,496.91
CLI_0986,Crédit Immobilier,4570.48,331.17,4239.31
CLI_0987,Compte Courant,30.97,15.88,15.09
CLI_0987,Carte Bancaire Standard,45.0,10.0,35.0
CLI_0987,Compte Épargne,134.56,33.02,101.54
CLI_0987,Assurance Vie,774.65,83.63,691.02
CLI_0987,Assurance Habitation,203.17,78.1,125.07
CLI_0988,Compte Courant,46.13,20.91,25.22
CLI_0988,Carte Bancaire Standard,45.0,10.0,35.0
CLI_0988,Carte Bancaire Premium,120.0,20.0,100.0
CLI_0988,Compte Épargne,84.75,20.12,64.64
CLI_0988,Assurance Auto,214.01,99.83,114.18
CLI_0989,Compte Courant,45.7,23.21,22.49
CLI_0989,Carte Bancaire Standard,45.0,10.0,35.0
CLI_0989,Livret A,38.02,5.0,33.02
CLI_0989,Assurance Auto,526.19,85.53,440.66
CLI_0990,Compte Courant,32.9,24.78,8.12
CLI_0990,Carte Bancaire Standard,45.0,10.0,35.0
CLI_0990,Compte Épargne,101.19,32.59,68.6
CLI_0990,Assurance Vie,602.48,86.24,516.24
CLI_0990,Assurance Auto,499.01,112.22,386.8
CLI_0991,Compte Courant,41.62,21.57,20.05
CLI_0991,Carte Bancaire Standard,45.0,10.0,35.0
CLI_0991,Compte Épargne,125.71,23.8,101.91
CLI_0991,Assurance Auto,333.04,66.53,266.51
CLI_0992,Compte Courant,48.07,23.01,25.06
CLI_0992,Carte Bancaire Standard,45.0,10.0,35.0
CLI_0992,Compte Épargne,111.08,23.6,87.49
CLI_0992,Livret A,52.78,5.0,47.78
CLI_0992,Assurance Auto,533.97,78.16,455.81
CLI_0993,Compte Courant,54.98,22.85,32.13
CLI_0993,Carte Bancaire Standard,45.0,10.0,35.0
CLI_0993,Compte Épargne,52.17,24.79,27.38
CLI_0993,Assurance Vie,525.77,121.76,404.0
CLI_0993,Assurance Auto,552.21,98.46,453.75
CLI_0994,Compte Courant,41.41,16.85,24.56
CLI_0994,Carte Bancaire Standard,45.0,10.0,35.0
CLI_0994,Crédit Immobilier,4160.13,362.03,3798.09
CLI_0995,Compte Courant,50.86,16.81,34.05
CLI_0995,Carte Bancaire Standard,45.0,10.0,35.0
CLI_0995,Assurance Vie,254.63,75.11,179.52
CLI_0995,Assurance Auto,313.97,98.83,215.14
CLI_0996,Compte Courant,34.83,24.3,10.52
CLI_0996,Carte Bancaire Standard,45.0,10.0,35.0
CLI_0996,Livret A,53.26,5.0,48.26
CLI_0996,Assurance Vie,494.56,93.47,401.09
CLI_0996,Crédit Immobilier,3483.1,306.73,3176.37
CLI_0996,Crédit Consommation,1191.08,146.9,1044.17
CLI_0996,Assurance Habitation,158.8,79.5,79.3
CLI_0996,Assurance Auto,374.83,61.44,313.39
CLI_0997,Compte Courant,57.73,15.11,42.63
CLI_0997,Carte Bancaire Standard,45.0,10.0,35.0
CLI_0997,Compte Épargne,107.79,39.24,68.55
CLI_0997,Livret A,34.26,5.0,29.26
CLI_0997,Assurance Auto,301.67,60.03,241.65
CLI_0998,Compte Courant,31.99,15.45,16.54
CLI_0998,Carte Bancaire Standard,45.0,10.0,35.0
CLI_0998,Assurance Vie,693.59,133.67,559.92
CLI_0998,Assurance Habitation,331.68,67.64,264.04
CLI_0998,Assurance Auto,528.5,92.39,436.12
CLI_0999,Compte Courant,39.13,19.37,19.76
CLI_0999,Carte Bancaire Standard,45.0,10.0,35.0
CLI_0999,Compte Épargne,56.58,38.9,17.68
CLI_0999,Assurance Vie,571.47,123.12,448.35
CLI_0999,Assurance Auto,470.63,100.06,370.57
CLI_1000,Compte Courant,30.52,20.25,10.26
CLI_1000,Carte Bancaire Standard,45.0,10.0,35.0
CLI_1000,Carte Bancaire Premium,120.0,20.0,100.0
CLI_1000,Assurance Auto,528.68,62.67,466.01
