transaction_id,client_id,date_transaction,type_transaction,montant,frais_generes
TRX_000001,CLI_0001,2025-04-28,Retrait DAB,78.4,1.5
TRX_000002,CLI_0001,2021-02-03,Dépôt,627.96,0.0
TRX_000003,CLI_0001,2024-08-20,Chèque,919.72,0.3
TRX_000004,CLI_0001,2021-08-23,Virement,2782.33,1.0
TRX_000005,CLI_0001,2022-01-29,Paiement carte,369.61,0.74
TRX_000006,CLI_0001,2024-05-08,Dépôt,725.79,0.0
TRX_000007,CLI_0001,2023-12-15,Virement,2097.81,1.0
TRX_000008,CLI_0001,2025-06-22,Virement,715.27,0.5
TRX_000009,CLI_0001,2021-08-18,Chèque,254.17,0.3
TRX_000010,CLI_0001,2024-11-04,Dépôt,1663.35,0.0
TRX_000011,CLI_0001,2024-08-20,Virement reçu,2965.71,0.0
TRX_000012,CLI_0002,2024-06-10,Paiement carte,351.61,0.7
TRX_000013,CLI_0002,2024-05-24,Chèque,274.09,0.3
TRX_000014,CLI_0002,2025-02-02,Retrait DAB,199.62,1.5
TRX_000015,CLI_0002,2023-04-24,Prélèvement,296.84,0.0
TRX_000016,CLI_0003,2026-02-16,Prélèvement,900.91,0.0
TRX_000017,CLI_0003,2025-07-31,Virement,1556.71,1.0
TRX_000018,CLI_0003,2025-08-05,Chèque,306.99,0.3
TRX_000019,CLI_0003,2024-11-04,Prélèvement,440.74,0.0
TRX_000020,CLI_0004,2025-11-22,Dépôt,1756.48,0.0
TRX_000021,CLI_0004,2025-11-30,Prélèvement,800.99,0.0
TRX_000022,CLI_0004,2025-01-20,Prélèvement,184.05,0.0
TRX_000023,CLI_0004,2025-06-28,Retrait DAB,172.76,1.5
TRX_000024,CLI_0004,2026-02-12,Retrait DAB,49.57,1.5
TRX_000025,CLI_0004,2025-01-03,Paiement carte,32.19,0.06
TRX_000026,CLI_0004,2025-06-09,Virement reçu,3316.29,0.0
TRX_000027,CLI_0005,2023-03-05,Retrait DAB,42.97,1.5
TRX_000028,CLI_0005,2022-08-17,Retrait DAB,29.78,1.5
TRX_000029,CLI_0005,2024-01-14,Paiement carte,494.98,0.99
TRX_000030,CLI_0005,2023-10-10,Virement,247.1,0.5
TRX_000031,CLI_0005,2025-08-30,Virement reçu,2278.19,0.0
TRX_000032,CLI_0005,2023-10-17,Chèque,554.16,0.3
TRX_000033,CLI_0006,2025-11-29,Prélèvement,978.42,0.0
TRX_000034,CLI_0006,2025-12-12,Retrait DAB,242.27,1.5
TRX_000035,CLI_0006,2025-12-23,Virement,3331.17,1.0
TRX_000036,CLI_0006,2026-01-31,Chèque,620.03,0.3
TRX_000037,CLI_0006,2025-11-04,Virement reçu,4343.9,0.0
TRX_000038,CLI_0007,2023-03-15,Virement,4927.36,1.0
TRX_000039,CLI_0007,2023-11-06,Dépôt,1547.61,0.0
TRX_000040,CLI_0007,2025-08-29,Dépôt,897.0,0.0
TRX_000041,CLI_0007,2024-09-22,Retrait DAB,145.0,1.5
TRX_000042,CLI_0008,2022-08-03,Prélèvement,363.77,0.0
TRX_000043,CLI_0008,2023-08-01,Prélèvement,586.02,0.0
TRX_000044,CLI_0009,2025-12-09,Dépôt,1872.14,0.0
TRX_000045,CLI_0009,2025-10-01,Paiement carte,347.65,0.7
TRX_000046,CLI_0009,2025-11-17,Retrait DAB,250.52,1.5
TRX_000047,CLI_0009,2026-02-03,Virement reçu,2825.33,0.0
TRX_000048,CLI_0009,2026-02-04,Paiement carte,391.96,0.78
TRX_000049,CLI_0009,2025-08-23,Virement reçu,179.38,0.0
TRX_000050,CLI_0009,2025-11-25,Prélèvement,827.46,0.0
TRX_000051,CLI_0009,2025-08-08,Virement reçu,296.68,0.0
TRX_000052,CLI_0010,2025-07-30,Paiement carte,251.19,0.5
TRX_000053,CLI_0011,2022-03-30,Dépôt,1321.58,0.0
TRX_000054,CLI_0012,2025-09-22,Virement,3850.28,1.0
TRX_000055,CLI_0012,2025-05-24,Virement,1339.83,1.0
TRX_000056,CLI_0012,2024-02-19,Chèque,879.01,0.3
TRX_000057,CLI_0012,2025-10-19,Virement,603.93,0.5
TRX_000058,CLI_0012,2026-01-25,Virement,717.18,0.5
TRX_000059,CLI_0013,2025-04-11,Prélèvement,690.15,0.0
TRX_000060,CLI_0013,2025-11-20,Prélèvement,854.54,0.0
TRX_000061,CLI_0014,2021-09-01,Virement reçu,3414.77,0.0
TRX_000062,CLI_0014,2022-02-18,Virement,3011.78,1.0
TRX_000063,CLI_0014,2022-07-06,Dépôt,1226.14,0.0
TRX_000064,CLI_0014,2023-11-04,Retrait DAB,211.11,1.5
TRX_000065,CLI_0015,2023-06-18,Dépôt,886.67,0.0
TRX_000066,CLI_0015,2025-10-31,Virement reçu,1452.02,0.0
TRX_000067,CLI_0015,2025-11-10,Virement,3866.05,1.0
TRX_000068,CLI_0015,2023-02-28,Dépôt,491.23,0.0
TRX_000069,CLI_0015,2025-06-06,Virement,3492.54,1.0
TRX_000070,CLI_0015,2023-03-21,Dépôt,505.0,0.0
TRX_000071,CLI_0015,2024-08-30,Dépôt,1269.39,0.0
TRX_000072,CLI_0016,2024-02-22,Virement,3295.95,1.0
TRX_000073,CLI_0017,2025-07-07,Chèque,685.38,0.3
TRX_000074,CLI_0017,2025-10-15,Virement reçu,1140.44,0.0
TRX_000075,CLI_0017,2025-05-31,Chèque,209.81,0.3
TRX_000076,CLI_0017,2026-02-16,Prélèvement,716.31,0.0
TRX_000077,CLI_0017,2024-12-16,Virement,655.86,0.5
TRX_000078,CLI_0017,2025-07-18,Prélèvement,997.06,0.0
TRX_000079,CLI_0018,2022-12-30,Prélèvement,614.43,0.0
TRX_000080,CLI_0018,2023-02-14,Chèque,470.24,0.3
TRX_000081,CLI_0018,2024-04-07,Retrait DAB,55.39,1.5
TRX_000082,CLI_0018,2024-09-28,Virement,236.44,0.5
TRX_000083,CLI_0018,2024-06-23,Paiement carte,315.14,0.63
TRX_000084,CLI_0018,2025-06-10,Dépôt,1623.18,0.0
TRX_000085,CLI_0018,2023-01-08,Virement reçu,4225.88,0.0
TRX_000086,CLI_0018,2022-10-29,Retrait DAB,155.16,1.5
TRX_000087,CLI_0018,2021-03-13,Virement reçu,3909.53,0.0
TRX_000088,CLI_0018,2020-08-24,Virement,3396.95,1.0
TRX_000089,CLI_0018,2024-11-02,Paiement carte,364.88,0.73
TRX_000090,CLI_0019,2025-02-10,Dépôt,1285.15,0.0
TRX_000091,CLI_0019,2025-08-31,Virement,4047.08,1.0
TRX_000092,CLI_0019,2023-01-19,Virement reçu,2049.63,0.0
TRX_000093,CLI_0020,2022-03-30,Virement,2926.72,1.0
TRX_000094,CLI_0020,2025-12-05,Chèque,607.53,0.3
TRX_000095,CLI_0020,2025-03-10,Virement reçu,2551.36,0.0
TRX_000096,CLI_0020,2024-01-14,Dépôt,185.32,0.0
TRX_000097,CLI_0020,2021-05-23,Dépôt,225.26,0.0
TRX_000098,CLI_0020,2020-10-19,Prélèvement,620.87,0.0
TRX_000099,CLI_0021,2023-03-16,Chèque,925.54,0.3
TRX_000100,CLI_0021,2025-11-25,Dépôt,842.85,0.0
TRX_000101,CLI_0021,2024-09-07,Retrait DAB,60.12,1.5
TRX_000102,CLI_0022,2023-04-29,Virement,4958.12,1.0
TRX_000103,CLI_0022,2024-08-20,Dépôt,1467.34,0.0
TRX_000104,CLI_0022,2023-04-01,Prélèvement,795.53,0.0
TRX_000105,CLI_0022,2024-10-29,Virement,4972.63,1.0
TRX_000106,CLI_0023,2026-02-27,Prélèvement,802.58,0.0
TRX_000107,CLI_0023,2025-02-09,Prélèvement,692.54,0.0
TRX_000108,CLI_0023,2025-07-28,Chèque,711.67,0.3
TRX_000109,CLI_0023,2025-06-17,Chèque,951.33,0.3
TRX_000110,CLI_0023,2024-07-30,Virement,1549.54,1.0
TRX_000111,CLI_0023,2024-04-20,Prélèvement,51.06,0.0
TRX_000112,CLI_0023,2025-01-16,Prélèvement,308.36,0.0
TRX_000113,CLI_0023,2025-01-19,Chèque,296.1,0.3
TRX_000114,CLI_0023,2025-11-04,Paiement carte,334.3,0.67
TRX_000115,CLI_0024,2025-09-15,Dépôt,1207.25,0.0
TRX_000116,CLI_0024,2024-09-26,Paiement carte,17.96,0.04
TRX_000117,CLI_0024,2025-12-04,Virement reçu,3671.01,0.0
TRX_000118,CLI_0025,2024-04-29,Chèque,698.55,0.3
TRX_000119,CLI_0026,2020-12-12,Dépôt,718.33,0.0
TRX_000120,CLI_0026,2023-12-12,Virement,759.42,0.5
TRX_000121,CLI_0026,2021-03-01,Paiement carte,56.27,0.11
TRX_000122,CLI_0026,2022-09-02,Chèque,848.37,0.3
TRX_000123,CLI_0026,2020-12-02,Retrait DAB,277.15,1.5
TRX_000124,CLI_0027,2025-06-05,Chèque,386.44,0.3
TRX_000125,CLI_0027,2025-06-23,Dépôt,1793.82,0.0
TRX_000126,CLI_0027,2024-04-04,Chèque,680.41,0.3
TRX_000127,CLI_0028,2023-06-08,Virement,166.81,0.5
TRX_000128,CLI_0028,2025-02-27,Retrait DAB,110.36,1.5
TRX_000129,CLI_0029,2025-10-03,Paiement carte,82.63,0.17
TRX_000130,CLI_0029,2025-02-17,Retrait DAB,45.79,1.5
TRX_000131,CLI_0029,2026-01-16,Paiement carte,409.49,0.82
TRX_000132,CLI_0029,2025-09-14,Prélèvement,899.68,0.0
TRX_000133,CLI_0030,2024-08-04,Dépôt,1153.2,0.0
TRX_000134,CLI_0030,2024-06-26,Paiement carte,262.09,0.52
TRX_000135,CLI_0030,2021-04-05,Chèque,176.55,0.3
TRX_000136,CLI_0030,2024-03-31,Retrait DAB,173.68,1.5
TRX_000137,CLI_0030,2025-04-03,Prélèvement,410.98,0.0
TRX_000138,CLI_0031,2025-08-03,Virement,2004.76,1.0
TRX_000139,CLI_0031,2022-01-19,Retrait DAB,87.28,1.5
TRX_000140,CLI_0031,2022-06-15,Paiement carte,56.53,0.11
TRX_000141,CLI_0031,2025-07-31,Chèque,383.43,0.3
TRX_000142,CLI_0031,2025-02-22,Prélèvement,141.81,0.0
TRX_000143,CLI_0031,2025-09-26,Paiement carte,96.68,0.19
TRX_000144,CLI_0032,2023-11-23,Retrait DAB,144.35,1.5
TRX_000145,CLI_0032,2021-07-15,Virement,2706.17,1.0
TRX_000146,CLI_0032,2020-05-26,Retrait DAB,264.61,1.5
TRX_000147,CLI_0032,2025-04-30,Retrait DAB,298.76,1.5
TRX_000148,CLI_0032,2023-05-14,Virement,2955.3,1.0
TRX_000149,CLI_0032,2021-10-29,Virement,4081.12,1.0
TRX_000150,CLI_0032,2022-06-11,Paiement carte,170.2,0.34
TRX_000151,CLI_0033,2023-07-18,Dépôt,835.27,0.0
TRX_000152,CLI_0033,2024-02-20,Dépôt,1361.39,0.0
TRX_000153,CLI_0034,2026-02-02,Virement,3503.8,1.0
TRX_000154,CLI_0034,2025-12-15,Virement,1886.89,1.0
TRX_000155,CLI_0034,2026-01-26,Dépôt,1490.09,0.0
TRX_000156,CLI_0034,2025-12-23,Dépôt,1349.9,0.0
TRX_000157,CLI_0034,2026-02-26,Chèque,207.61,0.3
TRX_000158,CLI_0035,2024-03-25,Chèque,730.55,0.3
TRX_000159,CLI_0035,2024-07-27,Virement,3792.01,1.0
TRX_000160,CLI_0035,2024-01-18,Paiement carte,437.7,0.88
TRX_000161,CLI_0035,2024-08-02,Chèque,549.96,0.3
TRX_000162,CLI_0035,2022-11-20,Virement reçu,3678.22,0.0
TRX_000163,CLI_0036,2025-10-13,Prélèvement,320.31,0.0
TRX_000164,CLI_0036,2025-10-26,Dépôt,913.92,0.0
TRX_000165,CLI_0036,2024-09-09,Virement reçu,3123.82,0.0
TRX_000166,CLI_0036,2025-04-13,Prélèvement,857.46,0.0
TRX_000167,CLI_0036,2024-08-09,Retrait DAB,74.95,1.5
TRX_000168,CLI_0036,2025-01-22,Retrait DAB,55.15,1.5
TRX_000169,CLI_0036,2025-08-06,Prélèvement,965.31,0.0
TRX_000170,CLI_0036,2024-05-23,Prélèvement,152.64,0.0
TRX_000171,CLI_0036,2025-06-08,Retrait DAB,153.98,1.5
TRX_000172,CLI_0036,2025-05-25,Retrait DAB,183.96,1.5
TRX_000173,CLI_0037,2026-01-23,Chèque,794.36,0.3
TRX_000174,CLI_0037,2024-12-02,Retrait DAB,202.53,1.5
TRX_000175,CLI_0037,2025-05-30,Prélèvement,840.8,0.0
TRX_000176,CLI_0037,2026-02-04,Dépôt,1952.17,0.0
TRX_000177,CLI_0038,2025-12-13,Prélèvement,272.05,0.0
TRX_000178,CLI_0038,2025-09-23,Virement,3225.09,1.0
TRX_000179,CLI_0038,2025-04-11,Retrait DAB,249.62,1.5
TRX_000180,CLI_0038,2025-02-04,Paiement carte,30.37,0.06
TRX_000181,CLI_0038,2025-07-21,Chèque,548.32,0.3
TRX_000182,CLI_0038,2025-12-15,Paiement carte,347.76,0.7
TRX_000183,CLI_0038,2025-07-19,Paiement carte,133.63,0.27
TRX_000184,CLI_0038,2025-07-22,Paiement carte,160.81,0.32
TRX_000185,CLI_0039,2026-02-09,Chèque,238.53,0.3
TRX_000186,CLI_0039,2025-08-24,Dépôt,1955.21,0.0
TRX_000187,CLI_0040,2022-07-11,Retrait DAB,57.99,1.5
TRX_000188,CLI_0040,2023-07-24,Dépôt,1792.59,0.0
TRX_000189,CLI_0040,2025-08-29,Prélèvement,120.91,0.0
TRX_000190,CLI_0041,2025-06-28,Retrait DAB,150.53,1.5
TRX_000191,CLI_0041,2024-08-23,Paiement carte,103.07,0.21
TRX_000192,CLI_0041,2025-01-15,Retrait DAB,216.49,1.5
TRX_000193,CLI_0041,2026-02-04,Virement reçu,2826.68,0.0
TRX_000194,CLI_0041,2025-07-10,Dépôt,749.31,0.0
TRX_000195,CLI_0041,2024-10-29,Retrait DAB,275.17,1.5
TRX_000196,CLI_0041,2025-03-15,Retrait DAB,25.86,1.5
TRX_000197,CLI_0041,2025-04-01,Retrait DAB,108.42,1.5
TRX_000198,CLI_0042,2023-10-24,Dépôt,1951.6,0.0
TRX_000199,CLI_0043,2024-03-12,Dépôt,1419.11,0.0
TRX_000200,CLI_0043,2025-03-01,Prélèvement,364.78,0.0
TRX_000201,CLI_0043,2025-07-19,Chèque,708.1,0.3
TRX_000202,CLI_0043,2025-03-06,Virement,2040.09,1.0
TRX_000203,CLI_0043,2025-09-03,Paiement carte,380.56,0.76
TRX_000204,CLI_0044,2024-12-02,Prélèvement,441.67,0.0
TRX_000205,CLI_0044,2023-05-29,Chèque,941.26,0.3
TRX_000206,CLI_0044,2022-08-01,Chèque,325.79,0.3
TRX_000207,CLI_0044,2024-10-31,Virement,690.19,0.5
TRX_000208,CLI_0044,2025-07-17,Chèque,626.09,0.3
TRX_000209,CLI_0044,2025-05-30,Chèque,972.39,0.3
TRX_000210,CLI_0044,2023-03-30,Virement reçu,1951.41,0.0
TRX_000211,CLI_0044,2023-10-01,Prélèvement,108.93,0.0
TRX_000212,CLI_0044,2024-07-02,Retrait DAB,115.01,1.5
TRX_000213,CLI_0044,2022-04-22,Retrait DAB,161.66,1.5
TRX_000214,CLI_0044,2024-08-22,Prélèvement,203.83,0.0
TRX_000215,CLI_0045,2024-08-06,Paiement carte,62.11,0.12
TRX_000216,CLI_0045,2025-01-05,Paiement carte,65.93,0.13
TRX_000217,CLI_0046,2022-02-27,Paiement carte,206.35,0.41
TRX_000218,CLI_0046,2025-02-04,Paiement carte,66.42,0.13
TRX_000219,CLI_0046,2025-01-03,Paiement carte,442.8,0.89
TRX_000220,CLI_0046,2024-09-27,Dépôt,858.91,0.0
TRX_000221,CLI_0046,2025-08-15,Paiement carte,199.76,0.4
TRX_000222,CLI_0047,2024-10-23,Virement,2265.96,1.0
TRX_000223,CLI_0047,2023-10-12,Virement reçu,3276.34,0.0
TRX_000224,CLI_0047,2024-10-09,Dépôt,169.82,0.0
TRX_000225,CLI_0047,2025-05-04,Virement,4087.24,1.0
TRX_000226,CLI_0047,2022-05-17,Chèque,946.45,0.3
TRX_000227,CLI_0048,2023-05-04,Virement reçu,763.24,0.0
TRX_000228,CLI_0048,2024-07-15,Prélèvement,237.76,0.0
TRX_000229,CLI_0048,2021-01-19,Dépôt,402.01,0.0
TRX_000230,CLI_0048,2025-01-13,Chèque,336.22,0.3
TRX_000231,CLI_0048,2024-04-10,Chèque,572.73,0.3
TRX_000232,CLI_0048,2025-05-20,Virement,644.92,0.5
TRX_000233,CLI_0048,2020-09-03,Virement,4354.03,1.0
TRX_000234,CLI_0049,2022-05-13,Prélèvement,170.48,0.0
TRX_000235,CLI_0049,2023-10-11,Virement reçu,2019.54,0.0
TRX_000236,CLI_0050,2025-12-16,Dépôt,124.27,0.0
TRX_000237,CLI_0050,2024-04-15,Paiement carte,313.78,0.63
TRX_000238,CLI_0050,2025-02-23,Paiement carte,352.12,0.7
TRX_000239,CLI_0051,2025-08-13,Chèque,597.13,0.3
TRX_000240,CLI_0051,2025-12-01,Dépôt,1210.7,0.0
TRX_000241,CLI_0051,2025-12-07,Dépôt,1750.23,0.0
TRX_000242,CLI_0051,2025-03-06,Retrait DAB,181.55,1.5
TRX_000243,CLI_0052,2024-10-27,Paiement carte,403.48,0.81
TRX_000244,CLI_0052,2025-01-17,Retrait DAB,171.28,1.5
TRX_000245,CLI_0052,2025-12-01,Virement,488.47,0.5
TRX_000246,CLI_0052,2025-01-28,Chèque,609.27,0.3
TRX_000247,CLI_0052,2025-02-24,Retrait DAB,274.25,1.5
TRX_000248,CLI_0052,2025-08-17,Retrait DAB,130.97,1.5
TRX_000249,CLI_0052,2026-01-11,Chèque,366.69,0.3
TRX_000250,CLI_0052,2025-05-01,Dépôt,329.77,0.0
TRX_000251,CLI_0052,2026-02-08,Retrait DAB,62.4,1.5
TRX_000252,CLI_0053,2026-02-10,Virement,1920.58,1.0
TRX_000253,CLI_0053,2026-01-22,Virement reçu,3110.56,0.0
TRX_000254,CLI_0053,2026-01-29,Retrait DAB,166.63,1.5
TRX_000255,CLI_0054,2025-01-18,Retrait DAB,151.58,1.5
TRX_000256,CLI_0054,2025-01-06,Chèque,552.24,0.3
TRX_000257,CLI_0055,2024-12-18,Virement,3977.91,1.0
TRX_000258,CLI_0055,2025-08-09,Virement reçu,4587.36,0.0
TRX_000259,CLI_0055,2024-12-12,Virement reçu,1862.99,0.0
TRX_000260,CLI_0056,2023-12-25,Virement reçu,1457.64,0.0
TRX_000261,CLI_0056,2024-06-05,Dépôt,1884.72,0.0
TRX_000262,CLI_0056,2024-01-15,Dépôt,292.47,0.0
TRX_000263,CLI_0056,2023-12-16,Retrait DAB,265.04,1.5
TRX_000264,CLI_0056,2025-06-14,Paiement carte,485.76,0.97
TRX_000265,CLI_0056,2024-05-11,Chèque,259.44,0.3
TRX_000266,CLI_0056,2025-05-01,Virement reçu,3638.12,0.0
TRX_000267,CLI_0056,2024-02-04,Prélèvement,88.27,0.0
TRX_000268,CLI_0056,2025-06-26,Paiement carte,208.66,0.42
TRX_000269,CLI_0056,2023-03-23,Virement reçu,2629.79,0.0
TRX_000270,CLI_0056,2024-03-02,Paiement carte,294.52,0.59
TRX_000271,CLI_0057,2025-09-25,Paiement carte,15.14,0.03
TRX_000272,CLI_0057,2024-08-05,Virement,4485.82,1.0
TRX_000273,CLI_0057,2023-08-14,Prélèvement,191.68,0.0
TRX_000274,CLI_0057,2023-12-23,Chèque,807.33,0.3
TRX_000275,CLI_0057,2022-10-07,Dépôt,1254.97,0.0
TRX_000276,CLI_0058,2025-10-25,Chèque,886.49,0.3
TRX_000277,CLI_0059,2024-04-14,Prélèvement,823.67,0.0
TRX_000278,CLI_0059,2023-04-30,Retrait DAB,98.49,1.5
TRX_000279,CLI_0059,2022-05-19,Paiement carte,74.77,0.15
TRX_000280,CLI_0059,2021-11-30,Retrait DAB,143.16,1.5
TRX_000281,CLI_0060,2025-09-30,Chèque,121.7,0.3
TRX_000282,CLI_0060,2025-03-29,Dépôt,277.09,0.0
TRX_000283,CLI_0060,2025-08-29,Retrait DAB,55.59,1.5
TRX_000284,CLI_0060,2025-07-17,Paiement carte,102.75,0.21
TRX_000285,CLI_0060,2025-07-31,Paiement carte,235.07,0.47
TRX_000286,CLI_0061,2025-08-22,Virement,4537.14,1.0
TRX_000287,CLI_0061,2025-04-22,Retrait DAB,253.9,1.5
TRX_000288,CLI_0061,2026-01-01,Paiement carte,106.48,0.21
TRX_000289,CLI_0061,2025-09-07,Prélèvement,469.09,0.0
TRX_000290,CLI_0061,2025-12-16,Virement reçu,1077.12,0.0
TRX_000291,CLI_0062,2025-03-14,Chèque,417.79,0.3
TRX_000292,CLI_0062,2022-11-29,Dépôt,1609.58,0.0
TRX_000293,CLI_0062,2024-07-20,Virement,2817.97,1.0
TRX_000294,CLI_0062,2025-01-04,Prélèvement,834.64,0.0
TRX_000295,CLI_0063,2024-12-06,Virement,3943.59,1.0
TRX_000296,CLI_0063,2024-07-06,Retrait DAB,187.6,1.5
TRX_000297,CLI_0064,2025-08-14,Prélèvement,285.03,0.0
TRX_000298,CLI_0064,2025-12-24,Virement reçu,4344.83,0.0
TRX_000299,CLI_0064,2025-08-27,Dépôt,371.03,0.0
TRX_000300,CLI_0064,2025-12-31,Paiement carte,213.41,0.43
TRX_000301,CLI_0064,2025-08-25,Dépôt,77.95,0.0
TRX_000302,CLI_0064,2025-12-29,Paiement carte,244.38,0.49
TRX_000303,CLI_0064,2025-09-19,Paiement carte,20.3,0.04
TRX_000304,CLI_0064,2025-09-12,Dépôt,1648.24,0.0
TRX_000305,CLI_0065,2025-12-19,Paiement carte,306.14,0.61
TRX_000306,CLI_0065,2026-01-03,Prélèvement,775.51,0.0
TRX_000307,CLI_0065,2025-12-21,Retrait DAB,166.55,1.5
TRX_000308,CLI_0065,2026-01-24,Dépôt,492.21,0.0
TRX_000309,CLI_0065,2025-12-04,Chèque,699.87,0.3
TRX_000310,CLI_0065,2026-01-12,Virement,492.52,0.5
TRX_000311,CLI_0066,2024-10-25,Prélèvement,225.24,0.0
TRX_000312,CLI_0066,2024-01-02,Chèque,282.06,0.3
TRX_000313,CLI_0066,2024-07-14,Dépôt,804.08,0.0
TRX_000314,CLI_0066,2024-11-15,Virement reçu,350.64,0.0
TRX_000315,CLI_0067,2026-01-22,Paiement carte,476.68,0.95
TRX_000316,CLI_0067,2026-01-09,Paiement carte,442.95,0.89
TRX_000317,CLI_0067,2025-06-27,Paiement carte,142.6,0.29
TRX_000318,CLI_0067,2022-05-21,Virement,1051.4,1.0
TRX_000319,CLI_0067,2020-11-08,Chèque,526.99,0.3
TRX_000320,CLI_0068,2023-09-16,Retrait DAB,37.37,1.5
TRX_000321,CLI_0068,2022-08-27,Retrait DAB,39.92,1.5
TRX_000322,CLI_0068,2023-09-25,Dépôt,1169.04,0.0
TRX_000323,CLI_0068,2024-02-03,Prélèvement,587.72,0.0
TRX_000324,CLI_0069,2025-09-17,Dépôt,1137.85,0.0
TRX_000325,CLI_0070,2024-10-10,Chèque,143.83,0.3
TRX_000326,CLI_0070,2024-11-27,Paiement carte,58.02,0.12
TRX_000327,CLI_0070,2023-09-11,Dépôt,135.93,0.0
TRX_000328,CLI_0070,2021-03-31,Dépôt,411.29,0.0
TRX_000329,CLI_0070,2021-04-02,Retrait DAB,171.56,1.5
TRX_000330,CLI_0070,2024-12-16,Dépôt,1308.87,0.0
TRX_000331,CLI_0071,2024-03-13,Dépôt,694.26,0.0
TRX_000332,CLI_0071,2020-07-20,Chèque,630.29,0.3
TRX_000333,CLI_0072,2024-10-06,Dépôt,200.52,0.0
TRX_000334,CLI_0073,2023-12-28,Paiement carte,72.2,0.14
TRX_000335,CLI_0073,2023-08-31,Virement reçu,704.09,0.0
TRX_000336,CLI_0073,2025-09-14,Virement reçu,2640.95,0.0
TRX_000337,CLI_0073,2025-06-26,Prélèvement,283.56,0.0
TRX_000338,CLI_0073,2024-03-18,Chèque,422.33,0.3
TRX_000339,CLI_0073,2023-06-21,Paiement carte,494.86,0.99
TRX_000340,CLI_0073,2024-02-12,Retrait DAB,211.61,1.5
TRX_000341,CLI_0073,2025-10-17,Chèque,954.08,0.3
TRX_000342,CLI_0073,2023-08-16,Paiement carte,79.85,0.16
TRX_000343,CLI_0073,2025-10-21,Virement,1972.48,1.0
TRX_000344,CLI_0074,2023-09-12,Prélèvement,688.77,0.0
TRX_000345,CLI_0074,2025-08-31,Virement reçu,932.38,0.0
TRX_000346,CLI_0074,2024-05-02,Chèque,149.87,0.3
TRX_000347,CLI_0075,2025-07-10,Dépôt,1543.64,0.0
TRX_000348,CLI_0075,2025-01-31,Paiement carte,212.7,0.43
TRX_000349,CLI_0075,2022-06-20,Dépôt,1323.3,0.0
TRX_000350,CLI_0076,2023-08-24,Chèque,120.0,0.3
TRX_000351,CLI_0076,2024-01-09,Chèque,989.69,0.3
TRX_000352,CLI_0077,2024-05-27,Chèque,971.02,0.3
TRX_000353,CLI_0077,2023-07-30,Dépôt,1122.24,0.0
TRX_000354,CLI_0077,2025-03-18,Dépôt,1928.16,0.0
TRX_000355,CLI_0077,2024-10-26,Dépôt,273.77,0.0
TRX_000356,CLI_0078,2025-03-09,Prélèvement,142.12,0.0
TRX_000357,CLI_0078,2024-08-01,Virement reçu,977.26,0.0
TRX_000358,CLI_0078,2024-06-30,Retrait DAB,243.3,1.5
TRX_000359,CLI_0078,2025-04-13,Retrait DAB,209.71,1.5
TRX_000360,CLI_0078,2026-01-30,Dépôt,1116.51,0.0
TRX_000361,CLI_0078,2025-07-31,Chèque,527.58,0.3
TRX_000362,CLI_0079,2021-11-17,Prélèvement,119.1,0.0
TRX_000363,CLI_0079,2025-07-20,Chèque,352.54,0.3
TRX_000364,CLI_0079,2023-08-26,Virement,1814.7,1.0
TRX_000365,CLI_0079,2022-11-24,Chèque,804.18,0.3
TRX_000366,CLI_0080,2021-07-04,Virement reçu,1692.12,0.0
TRX_000367,CLI_0080,2021-07-28,Prélèvement,702.93,0.0
TRX_000368,CLI_0080,2021-09-22,Virement reçu,4811.92,0.0
TRX_000369,CLI_0080,2023-09-12,Chèque,757.22,0.3
TRX_000370,CLI_0081,2025-10-01,Chèque,667.65,0.3
TRX_000371,CLI_0082,2026-01-03,Virement reçu,3100.15,0.0
TRX_000372,CLI_0082,2025-05-18,Paiement carte,18.17,0.04
TRX_000373,CLI_0082,2025-01-09,Dépôt,429.81,0.0
TRX_000374,CLI_0082,2025-09-17,Retrait DAB,246.93,1.5
TRX_000375,CLI_0082,2025-09-15,Paiement carte,143.6,0.29
TRX_000376,CLI_0082,2025-05-09,Paiement carte,368.47,0.74
TRX_000377,CLI_0082,2024-12-06,Virement reçu,1923.39,0.0
TRX_000378,CLI_0082,2025-12-09,Chèque,569.7,0.3
TRX_000379,CLI_0083,2022-06-28,Paiement carte,434.55,0.87
TRX_000380,CLI_0083,2024-11-09,Virement reçu,392.12,0.0
TRX_000381,CLI_0083,2023-07-12,Virement reçu,3491.05,0.0
TRX_000382,CLI_0083,2024-01-14,Paiement carte,78.59,0.16
TRX_000383,CLI_0084,2024-03-08,Retrait DAB,148.7,1.5
TRX_000384,CLI_0084,2024-09-16,Virement,3411.23,1.0
TRX_000385,CLI_0084,2025-10-15,Chèque,656.75,0.3
TRX_000386,CLI_0084,2025-07-22,Virement,2885.91,1.0
TRX_000387,CLI_0085,2025-07-19,Virement reçu,762.56,0.0
TRX_000388,CLI_0085,2026-02-15,Virement reçu,3409.73,0.0
TRX_000389,CLI_0085,2025-04-07,Chèque,456.4,0.3
TRX_000390,CLI_0085,2024-06-09,Chèque,219.71,0.3
TRX_000391,CLI_0085,2025-10-05,Paiement carte,87.78,0.18
TRX_000392,CLI_0085,2024-11-15,Paiement carte,475.14,0.95
TRX_000393,CLI_0085,2024-11-08,Paiement carte,441.0,0.88
TRX_000394,CLI_0086,2026-01-24,Retrait DAB,55.72,1.5
TRX_000395,CLI_0086,2026-01-26,Retrait DAB,134.54,1.5
TRX_000396,CLI_0086,2026-01-06,Dépôt,741.04,0.0
TRX_000397,CLI_0086,2026-02-21,Chèque,372.55,0.3
TRX_000398,CLI_0086,2026-02-02,Virement reçu,3681.31,0.0
TRX_000399,CLI_0086,2025-12-27,Virement,3533.56,1.0
TRX_000400,CLI_0086,2026-01-02,Virement reçu,2986.2,0.0
TRX_000401,CLI_0086,2026-02-17,Virement,4699.46,1.0
TRX_000402,CLI_0086,2026-01-05,Chèque,414.87,0.3
TRX_000403,CLI_0087,2023-06-19,Paiement carte,331.39,0.66
TRX_000404,CLI_0087,2025-02-19,Virement,1074.19,1.0
TRX_000405,CLI_0088,2025-11-28,Prélèvement,591.77,0.0
TRX_000406,CLI_0088,2026-02-03,Prélèvement,249.6,0.0
TRX_000407,CLI_0088,2026-01-24,Retrait DAB,227.84,1.5
TRX_000408,CLI_0089,2024-05-31,Chèque,419.35,0.3
TRX_000409,CLI_0089,2024-09-26,Virement,3923.04,1.0
TRX_000410,CLI_0089,2025-10-21,Retrait DAB,177.89,1.5
TRX_000411,CLI_0090,2022-03-18,Virement,3505.27,1.0
TRX_000412,CLI_0090,2022-11-22,Virement reçu,2880.22,0.0
TRX_000413,CLI_0090,2025-11-15,Virement reçu,4001.59,0.0
TRX_000414,CLI_0091,2024-11-30,Virement,2614.56,1.0
TRX_000415,CLI_0091,2025-07-24,Virement reçu,739.47,0.0
TRX_000416,CLI_0091,2025-04-22,Virement reçu,2258.64,0.0
TRX_000417,CLI_0091,2025-02-08,Paiement carte,165.48,0.33
TRX_000418,CLI_0091,2024-09-15,Virement reçu,4568.6,0.0
TRX_000419,CLI_0091,2024-09-19,Virement,398.55,0.5
TRX_000420,CLI_0091,2025-01-18,Paiement carte,350.07,0.7
TRX_000421,CLI_0091,2024-09-01,Prélèvement,223.61,0.0
TRX_000422,CLI_0091,2026-02-11,Prélèvement,353.09,0.0
TRX_000423,CLI_0091,2025-11-27,Virement reçu,2136.02,0.0
TRX_000424,CLI_0091,2025-09-12,Virement,4549.27,1.0
TRX_000425,CLI_0092,2020-07-25,Virement reçu,547.41,0.0
TRX_000426,CLI_0092,2024-04-29,Chèque,386.82,0.3
TRX_000427,CLI_0092,2021-10-28,Chèque,194.21,0.3
TRX_000428,CLI_0092,2025-03-17,Virement reçu,730.12,0.0
TRX_000429,CLI_0092,2021-12-15,Paiement carte,291.19,0.58
TRX_000430,CLI_0092,2021-04-08,Prélèvement,107.86,0.0
TRX_000431,CLI_0092,2024-10-08,Virement,251.56,0.5
TRX_000432,CLI_0093,2025-11-30,Chèque,425.48,0.3
TRX_000433,CLI_0093,2025-01-12,Virement,714.34,0.5
TRX_000434,CLI_0094,2023-09-21,Retrait DAB,271.04,1.5
TRX_000435,CLI_0094,2023-07-25,Prélèvement,236.48,0.0
TRX_000436,CLI_0094,2024-07-01,Chèque,120.31,0.3
TRX_000437,CLI_0094,2021-09-13,Virement reçu,4322.16,0.0
TRX_000438,CLI_0095,2026-02-07,Prélèvement,608.69,0.0
TRX_000439,CLI_0095,2025-04-02,Dépôt,666.35,0.0
TRX_000440,CLI_0095,2025-12-11,Virement,3172.15,1.0
TRX_000441,CLI_0096,2024-04-16,Virement reçu,2205.4,0.0
TRX_000442,CLI_0096,2021-10-16,Paiement carte,377.43,0.75
TRX_000443,CLI_0096,2022-11-03,Virement reçu,4573.9,0.0
TRX_000444,CLI_0096,2022-01-24,Virement reçu,2903.4,0.0
TRX_000445,CLI_0096,2025-01-24,Prélèvement,221.75,0.0
TRX_000446,CLI_0096,2026-01-10,Paiement carte,141.71,0.28
TRX_000447,CLI_0096,2024-04-28,Virement reçu,1073.36,0.0
TRX_000448,CLI_0096,2023-05-09,Chèque,322.17,0.3
TRX_000449,CLI_0097,2024-02-13,Virement,2236.38,1.0
TRX_000450,CLI_0097,2026-01-09,Virement,3010.84,1.0
TRX_000451,CLI_0097,2023-11-26,Chèque,630.69,0.3
TRX_000452,CLI_0098,2024-12-26,Dépôt,209.07,0.0
TRX_000453,CLI_0099,2025-08-11,Retrait DAB,236.35,1.5
TRX_000454,CLI_0099,2025-09-26,Retrait DAB,220.17,1.5
TRX_000455,CLI_0100,2025-01-27,Prélèvement,319.12,0.0
TRX_000456,CLI_0100,2025-06-16,Virement reçu,2061.53,0.0
TRX_000457,CLI_0101,2023-09-19,Prélèvement,624.6,0.0
TRX_000458,CLI_0102,2024-05-23,Dépôt,1316.29,0.0
TRX_000459,CLI_0102,2024-08-26,Virement reçu,3377.5,0.0
TRX_000460,CLI_0102,2024-09-11,Retrait DAB,243.62,1.5
TRX_000461,CLI_0102,2025-08-28,Virement reçu,4670.49,0.0
TRX_000462,CLI_0102,2021-06-09,Chèque,118.12,0.3
TRX_000463,CLI_0103,2025-05-21,Prélèvement,579.53,0.0
TRX_000464,CLI_0103,2025-12-29,Dépôt,1428.68,0.0
TRX_000465,CLI_0103,2025-12-20,Prélèvement,679.44,0.0
TRX_000466,CLI_0103,2025-08-22,Retrait DAB,246.16,1.5
TRX_000467,CLI_0104,2020-11-04,Chèque,834.47,0.3
TRX_000468,CLI_0104,2022-12-01,Paiement carte,19.28,0.04
TRX_000469,CLI_0104,2024-07-23,Virement,3706.0,1.0
TRX_000470,CLI_0105,2024-04-25,Paiement carte,150.74,0.3
TRX_000471,CLI_0105,2025-06-06,Dépôt,1765.52,0.0
TRX_000472,CLI_0105,2023-11-03,Dépôt,145.98,0.0
TRX_000473,CLI_0105,2026-02-18,Virement,1232.3,1.0
TRX_000474,CLI_0105,2024-08-26,Retrait DAB,271.27,1.5
TRX_000475,CLI_0106,2022-08-31,Paiement carte,10.46,0.02
TRX_000476,CLI_0106,2025-02-10,Paiement carte,452.58,0.91
TRX_000477,CLI_0106,2023-12-22,Dépôt,98.01,0.0
TRX_000478,CLI_0106,2025-10-02,Prélèvement,248.98,0.0
TRX_000479,CLI_0106,2024-07-25,Chèque,474.64,0.3
TRX_000480,CLI_0106,2022-05-02,Virement,1847.2,1.0
TRX_000481,CLI_0107,2025-12-24,Virement,297.42,0.5
TRX_000482,CLI_0107,2025-03-06,Retrait DAB,163.42,1.5
TRX_000483,CLI_0107,2025-06-17,Virement,3434.35,1.0
TRX_000484,CLI_0107,2025-03-29,Chèque,938.53,0.3
TRX_000485,CLI_0107,2025-09-18,Dépôt,1259.72,0.0
TRX_000486,CLI_0107,2025-07-23,Virement reçu,4038.4,0.0
TRX_000487,CLI_0107,2026-02-26,Dépôt,213.26,0.0
TRX_000488,CLI_0107,2025-09-27,Paiement carte,199.11,0.4
TRX_000489,CLI_0107,2026-02-21,Paiement carte,193.23,0.39
TRX_000490,CLI_0108,2024-04-15,Virement reçu,3852.71,0.0
TRX_000491,CLI_0108,2025-07-24,Dépôt,1398.73,0.0
TRX_000492,CLI_0108,2025-10-13,Prélèvement,967.36,0.0
TRX_000493,CLI_0108,2024-11-01,Virement,2028.42,1.0
TRX_000494,CLI_0108,2024-12-04,Virement,740.51,0.5
TRX_000495,CLI_0109,2023-11-08,Prélèvement,966.95,0.0
TRX_000496,CLI_0109,2025-07-07,Prélèvement,456.77,0.0
TRX_000497,CLI_0109,2023-12-29,Retrait DAB,196.97,1.5
TRX_000498,CLI_0110,2025-06-11,Dépôt,1033.69,0.0
TRX_000499,CLI_0110,2025-10-13,Chèque,380.97,0.3
TRX_000500,CLI_0110,2026-01-24,Virement reçu,2194.59,0.0
TRX_000501,CLI_0110,2025-11-06,Virement reçu,3261.57,0.0
TRX_000502,CLI_0110,2024-12-26,Retrait DAB,228.66,1.5
TRX_000503,CLI_0110,2025-11-15,Paiement carte,123.79,0.25
TRX_000504,CLI_0110,2025-12-01,Chèque,464.79,0.3
TRX_000505,CLI_0110,2025-03-25,Virement,1418.89,1.0
TRX_000506,CLI_0111,2022-07-22,Virement,4143.54,1.0
TRX_000507,CLI_0111,2023-08-15,Virement,3995.78,1.0
TRX_000508,CLI_0111,2023-09-23,Dépôt,681.28,0.0
TRX_000509,CLI_0111,2024-08-06,Virement,3849.45,1.0
TRX_000510,CLI_0111,2022-12-02,Virement reçu,801.49,0.0
TRX_000511,CLI_0111,2025-05-05,Virement reçu,3322.81,0.0
TRX_000512,CLI_0111,2025-05-03,Prélèvement,659.49,0.0
TRX_000513,CLI_0111,2021-11-08,Virement,225.29,0.5
TRX_000514,CLI_0111,2025-02-25,Prélèvement,798.57,0.0
TRX_000515,CLI_0112,2022-10-16,Prélèvement,286.11,0.0
TRX_000516,CLI_0112,2025-07-05,Retrait DAB,108.74,1.5
TRX_000517,CLI_0112,2025-08-29,Dépôt,1627.21,0.0
TRX_000518,CLI_0113,2025-12-24,Chèque,591.33,0.3
TRX_000519,CLI_0113,2025-11-23,Retrait DAB,279.34,1.5
TRX_000520,CLI_0113,2025-02-12,Retrait DAB,263.97,1.5
TRX_000521,CLI_0113,2025-01-22,Virement reçu,3946.91,0.0
TRX_000522,CLI_0113,2025-12-23,Chèque,346.33,0.3
TRX_000523,CLI_0113,2025-04-05,Virement reçu,4567.91,0.0
TRX_000524,CLI_0113,2026-02-15,Virement,577.79,0.5
TRX_000525,CLI_0113,2025-12-18,Virement,4281.31,1.0
TRX_000526,CLI_0113,2025-05-09,Chèque,395.34,0.3
TRX_000527,CLI_0113,2025-06-26,Retrait DAB,35.06,1.5
TRX_000528,CLI_0113,2025-08-14,Virement,3379.85,1.0
TRX_000529,CLI_0114,2025-03-24,Virement reçu,1293.5,0.0
TRX_000530,CLI_0114,2026-02-08,Virement reçu,1599.63,0.0
TRX_000531,CLI_0114,2024-09-14,Paiement carte,41.21,0.08
TRX_000532,CLI_0114,2025-10-07,Dépôt,395.4,0.0
TRX_000533,CLI_0114,2025-07-01,Virement,125.18,0.5
TRX_000534,CLI_0114,2025-11-21,Chèque,500.87,0.3
TRX_000535,CLI_0114,2026-01-29,Prélèvement,130.04,0.0
TRX_000536,CLI_0114,2025-07-09,Prélèvement,698.52,0.0
TRX_000537,CLI_0114,2025-03-16,Chèque,312.06,0.3
TRX_000538,CLI_0114,2024-10-11,Dépôt,1889.97,0.0
TRX_000539,CLI_0114,2024-10-24,Prélèvement,877.69,0.0
TRX_000540,CLI_0115,2026-02-18,Dépôt,1724.09,0.0
TRX_000541,CLI_0115,2025-11-16,Virement,745.27,0.5
TRX_000542,CLI_0115,2025-11-17,Prélèvement,719.79,0.0
TRX_000543,CLI_0115,2025-11-21,Paiement carte,373.57,0.75
TRX_000544,CLI_0115,2026-01-01,Paiement carte,342.08,0.68
TRX_000545,CLI_0115,2025-12-05,Prélèvement,289.7,0.0
TRX_000546,CLI_0115,2025-11-20,Dépôt,1752.43,0.0
TRX_000547,CLI_0116,2025-05-20,Virement reçu,1605.01,0.0
TRX_000548,CLI_0116,2025-01-12,Virement reçu,4312.43,0.0
TRX_000549,CLI_0116,2023-03-26,Prélèvement,961.5,0.0
TRX_000550,CLI_0116,2022-09-08,Prélèvement,256.83,0.0
TRX_000551,CLI_0116,2023-03-20,Virement reçu,531.95,0.0
TRX_000552,CLI_0116,2022-09-04,Retrait DAB,74.47,1.5
TRX_000553,CLI_0116,2025-07-06,Virement,4120.71,1.0
TRX_000554,CLI_0117,2026-01-15,Retrait DAB,173.69,1.5
TRX_000555,CLI_0117,2024-10-09,Dépôt,418.93,0.0
TRX_000556,CLI_0117,2024-08-01,Prélèvement,734.36,0.0
TRX_000557,CLI_0117,2025-01-23,Chèque,560.0,0.3
TRX_000558,CLI_0117,2025-11-19,Virement,3061.13,1.0
TRX_000559,CLI_0117,2025-07-24,Virement,2358.4,1.0
TRX_000560,CLI_0117,2025-09-28,Chèque,845.84,0.3
TRX_000561,CLI_0117,2025-03-25,Chèque,846.61,0.3
TRX_000562,CLI_0117,2025-04-23,Retrait DAB,218.63,1.5
TRX_000563,CLI_0117,2024-09-05,Dépôt,255.53,0.0
TRX_000564,CLI_0117,2025-09-19,Virement,4210.38,1.0
TRX_000565,CLI_0118,2024-07-05,Prélèvement,926.08,0.0
TRX_000566,CLI_0118,2024-04-17,Dépôt,326.89,0.0
TRX_000567,CLI_0118,2025-09-04,Retrait DAB,105.19,1.5
TRX_000568,CLI_0118,2025-07-20,Dépôt,321.53,0.0
TRX_000569,CLI_0118,2024-02-27,Paiement carte,309.88,0.62
TRX_000570,CLI_0119,2024-11-02,Dépôt,142.03,0.0
TRX_000571,CLI_0119,2025-03-10,Chèque,965.27,0.3
TRX_000572,CLI_0120,2023-07-31,Virement reçu,3193.74,0.0
TRX_000573,CLI_0120,2025-07-19,Chèque,343.5,0.3
TRX_000574,CLI_0120,2023-11-10,Prélèvement,286.35,0.0
TRX_000575,CLI_0121,2023-10-02,Paiement carte,156.15,0.31
TRX_000576,CLI_0121,2023-10-20,Prélèvement,786.73,0.0
TRX_000577,CLI_0121,2025-04-02,Retrait DAB,130.07,1.5
TRX_000578,CLI_0121,2025-07-08,Chèque,225.33,0.3
TRX_000579,CLI_0121,2025-09-05,Virement,152.5,0.5
TRX_000580,CLI_0122,2023-10-06,Virement,1185.43,1.0
TRX_000581,CLI_0123,2025-02-09,Virement reçu,1908.77,0.0
TRX_000582,CLI_0123,2022-12-18,Chèque,421.47,0.3
TRX_000583,CLI_0124,2025-12-08,Virement,940.82,0.5
TRX_000584,CLI_0124,2025-11-12,Dépôt,376.55,0.0
TRX_000585,CLI_0124,2025-11-20,Paiement carte,236.67,0.47
TRX_000586,CLI_0124,2026-01-24,Virement,263.01,0.5
TRX_000587,CLI_0124,2025-10-27,Virement reçu,697.25,0.0
TRX_000588,CLI_0124,2025-12-01,Virement,2137.72,1.0
TRX_000589,CLI_0124,2025-10-02,Prélèvement,109.97,0.0
TRX_000590,CLI_0124,2026-02-01,Paiement carte,204.41,0.41
TRX_000591,CLI_0124,2025-12-25,Paiement carte,242.26,0.48
TRX_000592,CLI_0124,2025-10-12,Dépôt,929.97,0.0
TRX_000593,CLI_0125,2021-10-24,Dépôt,1210.96,0.0
TRX_000594,CLI_0125,2022-01-10,Virement reçu,2134.21,0.0
TRX_000595,CLI_0125,2025-11-16,Paiement carte,216.87,0.43
TRX_000596,CLI_0125,2021-09-12,Dépôt,1580.87,0.0
TRX_000597,CLI_0125,2024-06-17,Virement,1058.99,1.0
TRX_000598,CLI_0125,2023-09-19,Virement reçu,4119.24,0.0
TRX_000599,CLI_0125,2022-01-04,Prélèvement,666.31,0.0
TRX_000600,CLI_0125,2022-11-30,Retrait DAB,137.31,1.5
TRX_000601,CLI_0125,2026-01-18,Retrait DAB,148.25,1.5
TRX_000602,CLI_0125,2025-10-08,Paiement carte,135.76,0.27
TRX_000603,CLI_0126,2026-01-23,Retrait DAB,280.63,1.5
TRX_000604,CLI_0126,2026-02-08,Retrait DAB,205.02,1.5
TRX_000605,CLI_0126,2026-01-11,Virement,3757.18,1.0
TRX_000606,CLI_0127,2025-11-09,Prélèvement,995.95,0.0
TRX_000607,CLI_0127,2026-02-15,Virement,2232.79,1.0
TRX_000608,CLI_0128,2023-01-17,Virement,108.05,0.5
TRX_000609,CLI_0128,2023-02-04,Paiement carte,194.44,0.39
TRX_000610,CLI_0128,2024-10-14,Retrait DAB,179.81,1.5
TRX_000611,CLI_0128,2024-06-14,Virement,2445.65,1.0
TRX_000612,CLI_0129,2025-06-02,Retrait DAB,81.5,1.5
TRX_000613,CLI_0129,2026-01-28,Prélèvement,50.22,0.0
TRX_000614,CLI_0129,2025-03-08,Retrait DAB,276.2,1.5
TRX_000615,CLI_0129,2025-03-20,Retrait DAB,256.29,1.5
TRX_000616,CLI_0129,2024-04-02,Virement,3737.23,1.0
TRX_000617,CLI_0129,2024-05-11,Chèque,251.03,0.3
TRX_000618,CLI_0129,2025-11-03,Retrait DAB,53.7,1.5
TRX_000619,CLI_0129,2025-11-22,Virement reçu,431.26,0.0
TRX_000620,CLI_0129,2025-08-10,Virement,3647.74,1.0
TRX_000621,CLI_0129,2024-07-09,Chèque,935.93,0.3
TRX_000622,CLI_0129,2024-11-01,Prélèvement,459.01,0.0
TRX_000623,CLI_0130,2024-03-11,Virement reçu,1607.74,0.0
TRX_000624,CLI_0130,2024-08-19,Retrait DAB,87.81,1.5
TRX_000625,CLI_0130,2025-01-17,Dépôt,192.36,0.0
TRX_000626,CLI_0130,2024-01-28,Virement reçu,3745.74,0.0
TRX_000627,CLI_0130,2024-10-10,Retrait DAB,219.08,1.5
TRX_000628,CLI_0130,2024-06-04,Virement,1249.05,1.0
TRX_000629,CLI_0130,2025-01-26,Chèque,774.44,0.3
TRX_000630,CLI_0130,2025-03-16,Dépôt,1839.79,0.0
TRX_000631,CLI_0130,2026-01-13,Dépôt,260.66,0.0
TRX_000632,CLI_0131,2023-01-20,Virement,363.77,0.5
TRX_000633,CLI_0131,2024-03-30,Virement,1030.39,1.0
TRX_000634,CLI_0131,2026-02-28,Chèque,135.06,0.3
TRX_000635,CLI_0132,2023-06-07,Virement,4031.77,1.0
TRX_000636,CLI_0132,2022-09-18,Virement,1772.1,1.0
TRX_000637,CLI_0132,2023-11-23,Prélèvement,471.97,0.0
TRX_000638,CLI_0132,2023-10-04,Chèque,708.03,0.3
TRX_000639,CLI_0132,2024-11-22,Retrait DAB,162.49,1.5
TRX_000640,CLI_0132,2023-02-13,Dépôt,1729.82,0.0
TRX_000641,CLI_0132,2025-12-07,Retrait DAB,262.49,1.5
TRX_000642,CLI_0132,2023-01-25,Virement,148.56,0.5
TRX_000643,CLI_0132,2023-01-04,Prélèvement,789.14,0.0
TRX_000644,CLI_0133,2024-10-09,Paiement carte,28.47,0.06
TRX_000645,CLI_0133,2025-09-09,Prélèvement,817.66,0.0
TRX_000646,CLI_0133,2021-09-01,Chèque,388.65,0.3
TRX_000647,CLI_0133,2025-10-20,Chèque,606.19,0.3
TRX_000648,CLI_0133,2023-01-05,Virement,1469.28,1.0
TRX_000649,CLI_0133,2021-05-23,Paiement carte,393.43,0.79
TRX_000650,CLI_0133,2021-06-08,Prélèvement,892.18,0.0
TRX_000651,CLI_0133,2024-05-15,Paiement carte,205.33,0.41
TRX_000652,CLI_0133,2025-10-04,Virement reçu,4328.32,0.0
TRX_000653,CLI_0133,2023-05-14,Paiement carte,140.87,0.28
TRX_000654,CLI_0133,2021-04-26,Paiement carte,271.98,0.54
TRX_000655,CLI_0134,2025-06-21,Paiement carte,13.42,0.03
TRX_000656,CLI_0135,2023-11-02,Retrait DAB,85.73,1.5
TRX_000657,CLI_0135,2024-01-27,Prélèvement,827.93,0.0
TRX_000658,CLI_0135,2024-05-30,Retrait DAB,114.45,1.5
TRX_000659,CLI_0135,2025-05-15,Prélèvement,836.15,0.0
TRX_000660,CLI_0135,2023-01-23,Dépôt,51.17,0.0
TRX_000661,CLI_0135,2024-03-31,Virement reçu,1608.31,0.0
TRX_000662,CLI_0135,2024-07-10,Paiement carte,128.17,0.26
TRX_000663,CLI_0135,2025-03-06,Dépôt,505.46,0.0
TRX_000664,CLI_0135,2025-07-22,Virement,434.11,0.5
TRX_000665,CLI_0135,2023-05-12,Retrait DAB,72.39,1.5
TRX_000666,CLI_0135,2025-01-06,Prélèvement,577.77,0.0
TRX_000667,CLI_0136,2024-07-24,Prélèvement,262.73,0.0
TRX_000668,CLI_0136,2025-10-25,Chèque,426.95,0.3
TRX_000669,CLI_0136,2025-02-27,Prélèvement,466.72,0.0
TRX_000670,CLI_0136,2025-09-30,Chèque,979.75,0.3
TRX_000671,CLI_0136,2025-04-05,Chèque,827.08,0.3
TRX_000672,CLI_0136,2022-04-27,Paiement carte,371.33,0.74
TRX_000673,CLI_0136,2024-03-23,Paiement carte,273.15,0.55
TRX_000674,CLI_0136,2025-04-07,Chèque,856.0,0.3
TRX_000675,CLI_0137,2024-08-29,Retrait DAB,103.34,1.5
TRX_000676,CLI_0137,2025-02-11,Dépôt,631.23,0.0
TRX_000677,CLI_0137,2023-09-30,Paiement carte,167.0,0.33
TRX_000678,CLI_0138,2023-03-25,Prélèvement,852.1,0.0
TRX_000679,CLI_0138,2021-11-10,Retrait DAB,276.43,1.5
TRX_000680,CLI_0138,2025-01-22,Prélèvement,732.04,0.0
TRX_000681,CLI_0138,2021-11-17,Chèque,355.25,0.3
TRX_000682,CLI_0138,2026-01-29,Retrait DAB,111.36,1.5
TRX_000683,CLI_0138,2022-01-15,Chèque,118.68,0.3
TRX_000684,CLI_0138,2024-05-11,Dépôt,1533.73,0.0
TRX_000685,CLI_0138,2023-09-20,Chèque,138.47,0.3
TRX_000686,CLI_0138,2024-12-27,Prélèvement,871.42,0.0
TRX_000687,CLI_0138,2022-08-10,Virement,681.44,0.5
TRX_000688,CLI_0139,2022-03-26,Virement reçu,4781.7,0.0
TRX_000689,CLI_0140,2023-05-03,Retrait DAB,260.7,1.5
TRX_000690,CLI_0140,2024-12-22,Chèque,251.93,0.3
TRX_000691,CLI_0140,2026-02-12,Virement,4284.32,1.0
TRX_000692,CLI_0140,2023-03-20,Dépôt,75.8,0.0
TRX_000693,CLI_0140,2024-02-29,Retrait DAB,163.3,1.5
TRX_000694,CLI_0140,2022-12-16,Prélèvement,780.97,0.0
TRX_000695,CLI_0141,2025-09-14,Dépôt,1029.81,0.0
TRX_000696,CLI_0141,2025-10-05,Chèque,112.94,0.3
TRX_000697,CLI_0141,2026-01-20,Virement reçu,4034.61,0.0
TRX_000698,CLI_0141,2025-10-15,Dépôt,1962.55,0.0
TRX_000699,CLI_0141,2025-07-23,Virement reçu,3069.04,0.0
TRX_000700,CLI_0141,2026-01-11,Retrait DAB,161.04,1.5
TRX_000701,CLI_0141,2025-12-08,Dépôt,1762.91,0.0
TRX_000702,CLI_0141,2025-08-21,Dépôt,1907.41,0.0
TRX_000703,CLI_0141,2025-09-02,Chèque,779.08,0.3
TRX_000704,CLI_0141,2026-02-08,Paiement carte,228.27,0.46
TRX_000705,CLI_0141,2025-12-01,Retrait DAB,185.82,1.5
TRX_000706,CLI_0142,2025-06-12,Paiement carte,92.11,0.18
TRX_000707,CLI_0142,2025-04-03,Virement,1620.51,1.0
TRX_000708,CLI_0142,2025-04-12,Prélèvement,528.18,0.0
TRX_000709,CLI_0143,2025-11-16,Prélèvement,671.99,0.0
TRX_000710,CLI_0143,2025-01-22,Dépôt,851.85,0.0
TRX_000711,CLI_0143,2025-09-13,Virement,3350.48,1.0
TRX_000712,CLI_0143,2025-06-30,Dépôt,280.53,0.0
TRX_000713,CLI_0143,2025-04-25,Chèque,461.35,0.3
TRX_000714,CLI_0143,2025-03-19,Retrait DAB,242.08,1.5
TRX_000715,CLI_0143,2026-01-14,Prélèvement,259.48,0.0
TRX_000716,CLI_0144,2025-11-14,Chèque,135.83,0.3
TRX_000717,CLI_0144,2026-01-21,Retrait DAB,96.72,1.5
TRX_000718,CLI_0145,2023-09-16,Virement,4851.12,1.0
TRX_000719,CLI_0145,2023-12-16,Dépôt,1482.68,0.0
TRX_000720,CLI_0145,2025-07-08,Prélèvement,714.62,0.0
TRX_000721,CLI_0145,2025-09-17,Virement,4279.34,1.0
TRX_000722,CLI_0146,2024-08-22,Chèque,735.36,0.3
TRX_000723,CLI_0146,2023-09-27,Virement,2568.07,1.0
TRX_000724,CLI_0146,2023-10-15,Virement reçu,4162.84,0.0
TRX_000725,CLI_0146,2025-05-28,Paiement carte,258.99,0.52
TRX_000726,CLI_0146,2024-12-23,Virement,3139.18,1.0
TRX_000727,CLI_0146,2023-07-31,Retrait DAB,153.77,1.5
TRX_000728,CLI_0146,2023-07-02,Prélèvement,504.25,0.0
TRX_000729,CLI_0146,2022-07-29,Virement reçu,3863.05,0.0
TRX_000730,CLI_0146,2024-02-21,Chèque,665.71,0.3
TRX_000731,CLI_0146,2025-04-11,Paiement carte,320.3,0.64
TRX_000732,CLI_0147,2025-11-03,Retrait DAB,282.66,1.5
TRX_000733,CLI_0148,2021-09-27,Virement reçu,3754.02,0.0
TRX_000734,CLI_0148,2023-11-30,Virement reçu,4147.11,0.0
TRX_000735,CLI_0148,2025-10-01,Dépôt,1408.29,0.0
TRX_000736,CLI_0148,2025-03-05,Retrait DAB,278.74,1.5
TRX_000737,CLI_0148,2022-01-06,Virement reçu,4119.59,0.0
TRX_000738,CLI_0148,2024-01-25,Chèque,605.68,0.3
TRX_000739,CLI_0148,2021-09-30,Paiement carte,338.99,0.68
TRX_000740,CLI_0148,2022-06-26,Virement reçu,4638.91,0.0
TRX_000741,CLI_0149,2025-09-01,Prélèvement,191.08,0.0
TRX_000742,CLI_0149,2025-07-03,Virement reçu,3022.69,0.0
TRX_000743,CLI_0149,2025-04-04,Virement reçu,4090.48,0.0
TRX_000744,CLI_0149,2026-01-22,Paiement carte,197.24,0.39
TRX_000745,CLI_0149,2026-01-19,Virement,748.12,0.5
TRX_000746,CLI_0149,2025-07-06,Dépôt,433.54,0.0
TRX_000747,CLI_0149,2025-09-13,Chèque,313.73,0.3
TRX_000748,CLI_0149,2026-02-11,Prélèvement,334.9,0.0
TRX_000749,CLI_0149,2026-02-25,Dépôt,1303.45,0.0
TRX_000750,CLI_0149,2025-05-27,Paiement carte,304.46,0.61
TRX_000751,CLI_0149,2025-06-15,Retrait DAB,214.9,1.5
TRX_000752,CLI_0150,2026-01-01,Virement,1046.48,1.0
TRX_000753,CLI_0150,2025-04-16,Retrait DAB,151.97,1.5
TRX_000754,CLI_0151,2026-02-23,Retrait DAB,70.44,1.5
TRX_000755,CLI_0151,2023-11-12,Virement reçu,638.33,0.0
TRX_000756,CLI_0151,2025-11-16,Virement,4430.05,1.0
TRX_000757,CLI_0151,2025-09-12,Virement reçu,1780.36,0.0
TRX_000758,CLI_0151,2025-04-10,Virement reçu,3450.96,0.0
TRX_000759,CLI_0151,2025-06-09,Retrait DAB,27.1,1.5
TRX_000760,CLI_0151,2024-08-24,Virement,3481.23,1.0
TRX_000761,CLI_0151,2024-02-20,Prélèvement,350.3,0.0
TRX_000762,CLI_0151,2024-02-04,Virement reçu,373.13,0.0
TRX_000763,CLI_0151,2023-08-02,Retrait DAB,190.75,1.5
TRX_000764,CLI_0151,2024-02-11,Chèque,316.72,0.3
TRX_000765,CLI_0152,2023-09-08,Virement reçu,494.85,0.0
TRX_000766,CLI_0153,2020-08-20,Virement,1114.58,1.0
TRX_000767,CLI_0153,2022-10-17,Paiement carte,276.55,0.55
TRX_000768,CLI_0153,2024-09-26,Paiement carte,123.48,0.25
TRX_000769,CLI_0153,2026-01-23,Prélèvement,856.48,0.0
TRX_000770,CLI_0153,2025-08-03,Paiement carte,204.66,0.41
TRX_000771,CLI_0153,2023-05-24,Paiement carte,130.32,0.26
TRX_000772,CLI_0153,2022-08-07,Dépôt,1634.04,0.0
TRX_000773,CLI_0153,2022-09-25,Virement,1779.91,1.0
TRX_000774,CLI_0153,2025-04-11,Paiement carte,64.63,0.13
TRX_000775,CLI_0154,2026-02-26,Chèque,969.25,0.3
TRX_000776,CLI_0154,2025-07-25,Virement reçu,1108.39,0.0
TRX_000777,CLI_0154,2026-01-26,Virement reçu,3733.67,0.0
TRX_000778,CLI_0155,2025-11-05,Prélèvement,471.58,0.0
TRX_000779,CLI_0155,2026-01-02,Virement,1483.6,1.0
TRX_000780,CLI_0155,2025-09-17,Retrait DAB,42.67,1.5
TRX_000781,CLI_0155,2025-09-14,Retrait DAB,265.45,1.5
TRX_000782,CLI_0155,2025-11-14,Virement,3671.46,1.0
TRX_000783,CLI_0155,2025-09-27,Retrait DAB,104.41,1.5
TRX_000784,CLI_0156,2021-10-13,Paiement carte,170.64,0.34
TRX_000785,CLI_0156,2021-09-24,Virement reçu,1923.2,0.0
TRX_000786,CLI_0156,2021-04-01,Dépôt,1531.66,0.0
TRX_000787,CLI_0156,2026-02-09,Virement,1760.24,1.0
TRX_000788,CLI_0156,2022-09-22,Dépôt,1906.52,0.0
TRX_000789,CLI_0157,2025-03-14,Paiement carte,295.73,0.59
TRX_000790,CLI_0157,2025-06-15,Virement,2936.93,1.0
TRX_000791,CLI_0157,2024-09-08,Virement reçu,367.11,0.0
TRX_000792,CLI_0157,2023-12-10,Dépôt,662.39,0.0
TRX_000793,CLI_0157,2025-12-22,Paiement carte,254.61,0.51
TRX_000794,CLI_0158,2025-05-25,Virement,1212.19,1.0
TRX_000795,CLI_0158,2025-04-26,Retrait DAB,228.29,1.5
TRX_000796,CLI_0158,2025-06-19,Prélèvement,923.25,0.0
TRX_000797,CLI_0158,2025-10-01,Virement reçu,2176.47,0.0
TRX_000798,CLI_0159,2025-11-04,Virement reçu,1382.58,0.0
TRX_000799,CLI_0159,2026-02-02,Dépôt,1267.27,0.0
TRX_000800,CLI_0159,2025-06-09,Virement reçu,4163.99,0.0
TRX_000801,CLI_0159,2025-06-18,Retrait DAB,73.29,1.5
TRX_000802,CLI_0159,2025-05-26,Virement,4594.38,1.0
TRX_000803,CLI_0159,2025-02-19,Paiement carte,281.24,0.56
TRX_000804,CLI_0159,2025-11-13,Dépôt,633.5,0.0
TRX_000805,CLI_0159,2025-10-03,Prélèvement,459.32,0.0
TRX_000806,CLI_0159,2025-02-21,Retrait DAB,107.41,1.5
TRX_000807,CLI_0159,2025-01-26,Paiement carte,365.3,0.73
TRX_000808,CLI_0159,2025-03-10,Retrait DAB,242.96,1.5
TRX_000809,CLI_0160,2025-10-22,Prélèvement,395.09,0.0
TRX_000810,CLI_0160,2021-07-05,Virement,3990.28,1.0
TRX_000811,CLI_0160,2022-09-28,Prélèvement,943.94,0.0
TRX_000812,CLI_0160,2023-09-11,Virement,3153.73,1.0
TRX_000813,CLI_0160,2025-09-24,Chèque,767.46,0.3
TRX_000814,CLI_0160,2021-09-19,Retrait DAB,245.43,1.5
TRX_000815,CLI_0160,2024-11-17,Paiement carte,424.07,0.85
TRX_000816,CLI_0160,2025-11-27,Virement reçu,2035.76,0.0
TRX_000817,CLI_0160,2023-05-24,Virement,351.19,0.5
TRX_000818,CLI_0160,2024-10-07,Prélèvement,431.78,0.0
TRX_000819,CLI_0160,2024-07-31,Paiement carte,340.14,0.68
TRX_000820,CLI_0161,2022-09-16,Prélèvement,604.25,0.0
TRX_000821,CLI_0161,2023-02-19,Virement,2374.6,1.0
TRX_000822,CLI_0161,2022-02-11,Paiement carte,313.41,0.63
TRX_000823,CLI_0161,2023-03-31,Retrait DAB,154.48,1.5
TRX_000824,CLI_0161,2021-11-27,Chèque,695.53,0.3
TRX_000825,CLI_0161,2022-02-22,Dépôt,477.3,0.0
TRX_000826,CLI_0161,2020-12-25,Prélèvement,157.2,0.0
TRX_000827,CLI_0161,2024-11-08,Virement reçu,3022.53,0.0
TRX_000828,CLI_0161,2024-05-18,Virement,2474.98,1.0
TRX_000829,CLI_0161,2021-02-12,Virement reçu,231.65,0.0
TRX_000830,CLI_0161,2022-07-26,Chèque,442.43,0.3
TRX_000831,CLI_0162,2025-08-26,Paiement carte,483.96,0.97
TRX_000832,CLI_0162,2025-10-14,Prélèvement,729.37,0.0
TRX_000833,CLI_0162,2025-09-07,Virement,4789.96,1.0
TRX_000834,CLI_0163,2025-05-21,Chèque,527.59,0.3
TRX_000835,CLI_0163,2026-02-23,Paiement carte,450.0,0.9
TRX_000836,CLI_0163,2025-11-17,Dépôt,1073.85,0.0
TRX_000837,CLI_0163,2024-07-15,Paiement carte,356.57,0.71
TRX_000838,CLI_0164,2022-07-15,Virement,3435.29,1.0
TRX_000839,CLI_0164,2023-01-27,Chèque,700.06,0.3
TRX_000840,CLI_0164,2024-11-11,Virement,2603.76,1.0
TRX_000841,CLI_0164,2023-09-04,Dépôt,886.09,0.0
TRX_000842,CLI_0164,2025-11-28,Dépôt,154.87,0.0
TRX_000843,CLI_0164,2025-05-07,Dépôt,93.07,0.0
TRX_000844,CLI_0164,2024-08-28,Dépôt,748.02,0.0
TRX_000845,CLI_0164,2021-09-07,Virement,1734.94,1.0
TRX_000846,CLI_0164,2025-02-07,Paiement carte,199.97,0.4
TRX_000847,CLI_0165,2021-12-24,Prélèvement,751.26,0.0
TRX_000848,CLI_0165,2022-03-13,Chèque,871.27,0.3
TRX_000849,CLI_0165,2022-02-02,Prélèvement,941.78,0.0
TRX_000850,CLI_0165,2021-04-01,Paiement carte,251.26,0.5
TRX_000851,CLI_0166,2025-09-27,Virement reçu,3871.76,0.0
TRX_000852,CLI_0166,2025-12-27,Prélèvement,976.64,0.0
TRX_000853,CLI_0166,2026-02-14,Prélèvement,594.89,0.0
TRX_000854,CLI_0166,2026-02-06,Retrait DAB,115.66,1.5
TRX_000855,CLI_0166,2025-11-27,Virement reçu,3277.48,0.0
TRX_000856,CLI_0166,2025-09-24,Virement,435.36,0.5
TRX_000857,CLI_0166,2025-12-15,Dépôt,1799.92,0.0
TRX_000858,CLI_0166,2025-12-17,Dépôt,282.79,0.0
TRX_000859,CLI_0166,2025-11-29,Chèque,395.06,0.3
TRX_000860,CLI_0167,2025-01-30,Dépôt,1214.76,0.0
TRX_000861,CLI_0167,2025-08-05,Chèque,454.27,0.3
TRX_000862,CLI_0167,2024-05-05,Chèque,526.09,0.3
TRX_000863,CLI_0167,2026-01-21,Dépôt,1716.37,0.0
TRX_000864,CLI_0167,2025-10-10,Chèque,406.0,0.3
TRX_000865,CLI_0167,2025-06-26,Virement,4361.28,1.0
TRX_000866,CLI_0167,2025-06-21,Prélèvement,133.73,0.0
TRX_000867,CLI_0168,2025-05-24,Dépôt,1702.72,0.0
TRX_000868,CLI_0168,2026-01-05,Dépôt,404.54,0.0
TRX_000869,CLI_0168,2025-04-30,Virement,2208.7,1.0
TRX_000870,CLI_0168,2025-12-23,Chèque,248.95,0.3
TRX_000871,CLI_0168,2025-04-30,Chèque,735.94,0.3
TRX_000872,CLI_0168,2025-08-03,Chèque,581.81,0.3
TRX_000873,CLI_0168,2025-12-09,Retrait DAB,197.89,1.5
TRX_000874,CLI_0168,2025-10-06,Retrait DAB,75.02,1.5
TRX_000875,CLI_0169,2024-10-02,Virement reçu,2638.58,0.0
TRX_000876,CLI_0169,2025-11-26,Dépôt,1508.63,0.0
TRX_000877,CLI_0170,2025-11-23,Paiement carte,284.27,0.57
TRX_000878,CLI_0171,2022-04-27,Prélèvement,932.17,0.0
TRX_000879,CLI_0171,2023-08-28,Paiement carte,371.98,0.74
TRX_000880,CLI_0171,2022-12-01,Dépôt,647.22,0.0
TRX_000881,CLI_0171,2025-07-10,Virement reçu,1398.9,0.0
TRX_000882,CLI_0171,2025-12-31,Paiement carte,351.13,0.7
TRX_000883,CLI_0171,2022-04-30,Paiement carte,104.51,0.21
TRX_000884,CLI_0171,2023-12-20,Virement reçu,554.3,0.0
TRX_000885,CLI_0171,2023-06-11,Virement,2707.89,1.0
TRX_000886,CLI_0171,2024-10-10,Retrait DAB,250.06,1.5
TRX_000887,CLI_0172,2026-02-12,Retrait DAB,53.96,1.5
TRX_000888,CLI_0173,2025-05-12,Retrait DAB,155.04,1.5
TRX_000889,CLI_0173,2025-10-04,Retrait DAB,36.05,1.5
TRX_000890,CLI_0173,2025-09-22,Chèque,257.13,0.3
TRX_000891,CLI_0173,2026-01-08,Chèque,736.68,0.3
TRX_000892,CLI_0174,2026-02-09,Virement reçu,3124.25,0.0
TRX_000893,CLI_0174,2025-09-09,Chèque,972.84,0.3
TRX_000894,CLI_0174,2025-10-12,Prélèvement,741.25,0.0
TRX_000895,CLI_0174,2025-10-30,Virement reçu,4620.76,0.0
TRX_000896,CLI_0174,2025-12-06,Chèque,785.99,0.3
TRX_000897,CLI_0175,2023-06-28,Retrait DAB,71.46,1.5
TRX_000898,CLI_0175,2025-10-10,Paiement carte,170.91,0.34
TRX_000899,CLI_0175,2025-01-29,Virement reçu,2487.34,0.0
TRX_000900,CLI_0176,2021-03-11,Prélèvement,622.35,0.0
TRX_000901,CLI_0176,2023-03-03,Prélèvement,515.3,0.0
TRX_000902,CLI_0176,2025-10-24,Chèque,575.79,0.3
TRX_000903,CLI_0176,2022-12-22,Virement reçu,1738.77,0.0
TRX_000904,CLI_0176,2023-05-30,Chèque,567.38,0.3
TRX_000905,CLI_0176,2023-08-03,Chèque,277.8,0.3
TRX_000906,CLI_0176,2022-10-15,Chèque,824.66,0.3
TRX_000907,CLI_0176,2021-01-03,Dépôt,412.27,0.0
TRX_000908,CLI_0176,2025-02-16,Prélèvement,130.72,0.0
TRX_000909,CLI_0176,2021-01-22,Retrait DAB,142.15,1.5
TRX_000910,CLI_0177,2026-01-17,Dépôt,589.67,0.0
TRX_000911,CLI_0177,2025-08-13,Prélèvement,580.26,0.0
TRX_000912,CLI_0178,2025-07-14,Chèque,162.75,0.3
TRX_000913,CLI_0178,2024-02-05,Dépôt,1792.14,0.0
TRX_000914,CLI_0178,2021-04-27,Prélèvement,418.44,0.0
TRX_000915,CLI_0179,2024-05-22,Chèque,395.1,0.3
TRX_000916,CLI_0180,2022-01-26,Chèque,852.77,0.3
TRX_000917,CLI_0180,2021-04-08,Prélèvement,869.37,0.0
TRX_000918,CLI_0180,2021-02-16,Paiement carte,164.84,0.33
TRX_000919,CLI_0180,2021-03-24,Retrait DAB,258.62,1.5
TRX_000920,CLI_0180,2024-11-23,Prélèvement,88.89,0.0
TRX_000921,CLI_0180,2022-06-25,Retrait DAB,33.91,1.5
TRX_000922,CLI_0180,2025-07-24,Paiement carte,315.52,0.63
TRX_000923,CLI_0181,2026-01-04,Paiement carte,51.85,0.1
TRX_000924,CLI_0181,2026-02-06,Virement,4865.06,1.0
TRX_000925,CLI_0181,2026-02-18,Virement,2638.25,1.0
TRX_000926,CLI_0182,2023-04-16,Retrait DAB,98.78,1.5
TRX_000927,CLI_0182,2024-09-03,Dépôt,942.27,0.0
TRX_000928,CLI_0182,2024-06-07,Prélèvement,501.62,0.0
TRX_000929,CLI_0182,2024-08-04,Dépôt,1576.85,0.0
TRX_000930,CLI_0182,2025-01-09,Retrait DAB,230.04,1.5
TRX_000931,CLI_0183,2024-04-19,Prélèvement,845.6,0.0
TRX_000932,CLI_0183,2023-05-04,Virement reçu,1275.12,0.0
TRX_000933,CLI_0183,2021-06-14,Retrait DAB,74.59,1.5
TRX_000934,CLI_0183,2020-09-29,Paiement carte,257.41,0.51
TRX_000935,CLI_0183,2020-12-29,Prélèvement,780.31,0.0
TRX_000936,CLI_0184,2025-12-25,Chèque,619.13,0.3
TRX_000937,CLI_0184,2023-12-23,Chèque,207.29,0.3
TRX_000938,CLI_0185,2025-03-21,Virement reçu,2071.3,0.0
TRX_000939,CLI_0185,2025-03-23,Virement reçu,2182.27,0.0
TRX_000940,CLI_0185,2025-03-13,Retrait DAB,127.21,1.5
TRX_000941,CLI_0186,2025-11-02,Paiement carte,224.57,0.45
TRX_000942,CLI_0186,2025-08-23,Virement,4235.57,1.0
TRX_000943,CLI_0186,2026-02-19,Chèque,336.17,0.3
TRX_000944,CLI_0186,2025-12-31,Virement reçu,2166.39,0.0
TRX_000945,CLI_0186,2024-12-08,Paiement carte,29.56,0.06
TRX_000946,CLI_0186,2025-02-09,Virement reçu,2300.48,0.0
TRX_000947,CLI_0186,2025-03-02,Dépôt,1176.35,0.0
TRX_000948,CLI_0186,2026-01-18,Virement,2897.44,1.0
TRX_000949,CLI_0187,2025-12-14,Retrait DAB,192.82,1.5
TRX_000950,CLI_0187,2026-02-01,Chèque,896.33,0.3
TRX_000951,CLI_0187,2025-12-25,Virement reçu,1233.65,0.0
TRX_000952,CLI_0187,2026-02-14,Virement reçu,2080.78,0.0
TRX_000953,CLI_0187,2025-12-21,Paiement carte,496.7,0.99
TRX_000954,CLI_0187,2026-01-03,Chèque,881.7,0.3
TRX_000955,CLI_0187,2025-12-30,Paiement carte,286.67,0.57
TRX_000956,CLI_0187,2025-12-18,Prélèvement,540.8,0.0
TRX_000957,CLI_0187,2026-01-14,Retrait DAB,99.69,1.5
TRX_000958,CLI_0188,2026-02-05,Dépôt,606.15,0.0
TRX_000959,CLI_0188,2026-02-24,Dépôt,1280.0,0.0
TRX_000960,CLI_0188,2025-12-31,Dépôt,938.52,0.0
TRX_000961,CLI_0188,2025-11-24,Virement,2461.88,1.0
TRX_000962,CLI_0188,2026-01-15,Virement reçu,3813.11,0.0
TRX_000963,CLI_0188,2026-02-26,Chèque,353.73,0.3
TRX_000964,CLI_0188,2025-12-28,Dépôt,670.18,0.0
TRX_000965,CLI_0188,2026-02-01,Dépôt,1853.05,0.0
TRX_000966,CLI_0188,2026-01-27,Retrait DAB,35.74,1.5
TRX_000967,CLI_0188,2025-12-19,Virement reçu,2479.61,0.0
TRX_000968,CLI_0189,2022-05-21,Paiement carte,278.19,0.56
TRX_000969,CLI_0189,2022-02-19,Retrait DAB,66.09,1.5
TRX_000970,CLI_0189,2023-05-01,Virement reçu,413.01,0.0
TRX_000971,CLI_0189,2023-08-08,Chèque,385.65,0.3
TRX_000972,CLI_0189,2023-05-02,Retrait DAB,81.69,1.5
TRX_000973,CLI_0189,2025-06-16,Virement reçu,2625.0,0.0
TRX_000974,CLI_0189,2025-06-07,Retrait DAB,48.66,1.5
TRX_000975,CLI_0189,2022-11-01,Prélèvement,764.18,0.0
TRX_000976,CLI_0189,2024-09-05,Chèque,915.61,0.3
TRX_000977,CLI_0189,2023-02-16,Virement,3742.83,1.0
TRX_000978,CLI_0190,2025-10-05,Paiement carte,194.72,0.39
TRX_000979,CLI_0190,2025-12-06,Retrait DAB,188.9,1.5
TRX_000980,CLI_0190,2025-12-27,Prélèvement,125.73,0.0
TRX_000981,CLI_0191,2024-04-02,Virement reçu,2031.04,0.0
TRX_000982,CLI_0191,2025-07-29,Retrait DAB,258.27,1.5
TRX_000983,CLI_0191,2024-11-27,Paiement carte,179.47,0.36
TRX_000984,CLI_0191,2025-04-25,Paiement carte,27.26,0.05
TRX_000985,CLI_0191,2024-04-12,Dépôt,1505.05,0.0
TRX_000986,CLI_0191,2025-10-13,Chèque,821.83,0.3
TRX_000987,CLI_0192,2024-03-26,Retrait DAB,170.46,1.5
TRX_000988,CLI_0192,2024-06-01,Virement reçu,1040.58,0.0
TRX_000989,CLI_0192,2025-11-02,Virement reçu,3624.25,0.0
TRX_000990,CLI_0192,2025-03-07,Dépôt,579.52,0.0
TRX_000991,CLI_0192,2024-11-07,Chèque,384.59,0.3
TRX_000992,CLI_0192,2024-02-15,Chèque,860.47,0.3
TRX_000993,CLI_0193,2025-11-27,Prélèvement,913.39,0.0
TRX_000994,CLI_0193,2025-03-01,Virement,3825.96,1.0
TRX_000995,CLI_0193,2025-08-30,Prélèvement,692.58,0.0
TRX_000996,CLI_0193,2025-01-24,Virement reçu,1574.73,0.0
TRX_000997,CLI_0193,2025-11-28,Chèque,265.64,0.3
TRX_000998,CLI_0193,2024-11-08,Virement reçu,3806.61,0.0
TRX_000999,CLI_0193,2025-04-13,Virement reçu,2423.37,0.0
TRX_001000,CLI_0193,2024-08-04,Prélèvement,264.5,0.0
TRX_001001,CLI_0193,2025-05-03,Prélèvement,635.79,0.0
TRX_001002,CLI_0194,2025-06-11,Paiement carte,497.8,1.0
TRX_001003,CLI_0194,2025-07-06,Retrait DAB,146.08,1.5
TRX_001004,CLI_0194,2025-04-24,Dépôt,542.43,0.0
TRX_001005,CLI_0194,2025-05-29,Paiement carte,226.99,0.45
TRX_001006,CLI_0194,2024-11-29,Paiement carte,425.16,0.85
TRX_001007,CLI_0194,2024-09-24,Chèque,285.41,0.3
TRX_001008,CLI_0195,2025-07-27,Dépôt,1685.29,0.0
TRX_001009,CLI_0195,2025-06-02,Dépôt,1626.71,0.0
TRX_001010,CLI_0195,2023-12-28,Paiement carte,165.77,0.33
TRX_001011,CLI_0195,2024-05-03,Dépôt,67.12,0.0
TRX_001012,CLI_0195,2024-02-16,Chèque,443.92,0.3
TRX_001013,CLI_0196,2024-05-27,Paiement carte,52.49,0.1
TRX_001014,CLI_0196,2023-07-23,Retrait DAB,170.74,1.5
TRX_001015,CLI_0197,2024-11-28,Virement,3209.33,1.0
TRX_001016,CLI_0197,2026-02-22,Prélèvement,640.13,0.0
TRX_001017,CLI_0197,2024-02-19,Prélèvement,164.71,0.0
TRX_001018,CLI_0197,2024-09-16,Paiement carte,488.71,0.98
TRX_001019,CLI_0197,2025-05-07,Paiement carte,101.6,0.2
TRX_001020,CLI_0197,2024-02-25,Retrait DAB,144.68,1.5
TRX_001021,CLI_0197,2025-10-03,Prélèvement,513.71,0.0
TRX_001022,CLI_0198,2025-02-07,Virement,1880.68,1.0
TRX_001023,CLI_0198,2023-06-21,Retrait DAB,282.69,1.5
TRX_001024,CLI_0198,2024-04-10,Prélèvement,311.79,0.0
TRX_001025,CLI_0198,2022-06-29,Virement reçu,1727.65,0.0
TRX_001026,CLI_0198,2021-01-22,Virement,3533.96,1.0
TRX_001027,CLI_0198,2023-04-09,Retrait DAB,234.29,1.5
TRX_001028,CLI_0198,2021-11-28,Chèque,936.46,0.3
TRX_001029,CLI_0198,2025-01-27,Prélèvement,244.56,0.0
TRX_001030,CLI_0198,2023-12-20,Chèque,818.2,0.3
TRX_001031,CLI_0198,2021-08-16,Paiement carte,371.89,0.74
TRX_001032,CLI_0198,2025-02-20,Chèque,157.42,0.3
TRX_001033,CLI_0199,2025-11-18,Virement,1287.06,1.0
TRX_001034,CLI_0199,2024-01-22,Dépôt,446.8,0.0
TRX_001035,CLI_0199,2024-11-29,Virement reçu,4777.31,0.0
TRX_001036,CLI_0199,2024-11-24,Paiement carte,460.08,0.92
TRX_001037,CLI_0200,2023-06-19,Paiement carte,176.02,0.35
TRX_001038,CLI_0200,2023-03-18,Virement,2085.23,1.0
TRX_001039,CLI_0200,2021-04-09,Dépôt,516.08,0.0
TRX_001040,CLI_0200,2022-03-06,Virement reçu,3181.48,0.0
TRX_001041,CLI_0200,2023-02-25,Virement,3237.87,1.0
TRX_001042,CLI_0200,2026-01-22,Retrait DAB,258.14,1.5
TRX_001043,CLI_0200,2025-04-21,Chèque,766.78,0.3
TRX_001044,CLI_0200,2024-01-14,Prélèvement,565.44,0.0
TRX_001045,CLI_0200,2021-02-27,Virement reçu,3302.58,0.0
TRX_001046,CLI_0201,2024-05-06,Virement reçu,3805.34,0.0
TRX_001047,CLI_0201,2025-01-11,Prélèvement,424.07,0.0
TRX_001048,CLI_0202,2025-02-11,Retrait DAB,57.34,1.5
TRX_001049,CLI_0202,2023-11-28,Virement,1288.47,1.0
TRX_001050,CLI_0202,2025-05-02,Dépôt,618.8,0.0
TRX_001051,CLI_0202,2024-11-24,Prélèvement,928.09,0.0
TRX_001052,CLI_0202,2023-07-20,Chèque,307.35,0.3
TRX_001053,CLI_0202,2023-06-10,Retrait DAB,100.99,1.5
TRX_001054,CLI_0202,2024-10-24,Paiement carte,190.98,0.38
TRX_001055,CLI_0202,2026-02-06,Dépôt,1344.3,0.0
TRX_001056,CLI_0202,2026-02-14,Retrait DAB,53.11,1.5
TRX_001057,CLI_0202,2025-08-13,Virement reçu,4774.33,0.0
TRX_001058,CLI_0203,2023-07-30,Retrait DAB,183.33,1.5
TRX_001059,CLI_0203,2025-07-28,Retrait DAB,267.62,1.5
TRX_001060,CLI_0203,2023-11-18,Prélèvement,194.16,0.0
TRX_001061,CLI_0203,2025-02-01,Virement,3029.26,1.0
TRX_001062,CLI_0203,2024-02-08,Prélèvement,681.5,0.0
TRX_001063,CLI_0203,2023-07-24,Prélèvement,448.37,0.0
TRX_001064,CLI_0203,2022-12-12,Dépôt,1417.14,0.0
TRX_001065,CLI_0203,2025-08-27,Prélèvement,440.19,0.0
TRX_001066,CLI_0203,2023-07-08,Retrait DAB,161.3,1.5
TRX_001067,CLI_0204,2025-09-02,Virement reçu,4676.49,0.0
TRX_001068,CLI_0204,2026-02-15,Virement,742.19,0.5
TRX_001069,CLI_0204,2023-10-15,Virement reçu,4007.23,0.0
TRX_001070,CLI_0205,2024-06-14,Chèque,379.64,0.3
TRX_001071,CLI_0205,2025-03-27,Dépôt,1053.25,0.0
TRX_001072,CLI_0205,2023-11-15,Dépôt,1720.83,0.0
TRX_001073,CLI_0205,2023-11-15,Virement reçu,2387.7,0.0
TRX_001074,CLI_0205,2024-01-15,Virement reçu,1862.63,0.0
TRX_001075,CLI_0205,2026-01-30,Virement,2727.16,1.0
TRX_001076,CLI_0205,2023-11-15,Virement reçu,3615.08,0.0
TRX_001077,CLI_0205,2024-01-23,Paiement carte,227.35,0.45
TRX_001078,CLI_0205,2024-12-24,Paiement carte,470.05,0.94
TRX_001079,CLI_0206,2021-08-09,Dépôt,977.15,0.0
TRX_001080,CLI_0206,2022-04-30,Paiement carte,380.89,0.76
TRX_001081,CLI_0206,2024-11-05,Prélèvement,704.67,0.0
TRX_001082,CLI_0206,2022-01-23,Virement reçu,4331.84,0.0
TRX_001083,CLI_0207,2025-06-06,Virement reçu,2454.74,0.0
TRX_001084,CLI_0207,2021-08-21,Retrait DAB,39.25,1.5
TRX_001085,CLI_0207,2023-12-11,Virement reçu,2793.61,0.0
TRX_001086,CLI_0208,2024-03-15,Virement reçu,3661.7,0.0
TRX_001087,CLI_0208,2025-05-18,Retrait DAB,264.72,1.5
TRX_001088,CLI_0208,2025-08-31,Dépôt,480.39,0.0
TRX_001089,CLI_0208,2025-11-19,Prélèvement,200.53,0.0
TRX_001090,CLI_0208,2025-02-03,Chèque,155.98,0.3
TRX_001091,CLI_0208,2024-03-19,Dépôt,1654.27,0.0
TRX_001092,CLI_0208,2025-12-08,Dépôt,657.19,0.0
TRX_001093,CLI_0208,2024-04-01,Retrait DAB,132.48,1.5
TRX_001094,CLI_0208,2024-03-28,Chèque,552.48,0.3
TRX_001095,CLI_0209,2023-10-10,Paiement carte,430.35,0.86
TRX_001096,CLI_0209,2024-01-13,Dépôt,644.56,0.0
TRX_001097,CLI_0209,2024-01-14,Chèque,273.41,0.3
TRX_001098,CLI_0209,2024-03-19,Chèque,216.16,0.3
TRX_001099,CLI_0209,2024-12-10,Prélèvement,332.97,0.0
TRX_001100,CLI_0210,2025-05-25,Virement reçu,4868.98,0.0
TRX_001101,CLI_0210,2025-07-17,Retrait DAB,76.39,1.5
TRX_001102,CLI_0210,2024-11-04,Virement,146.76,0.5
TRX_001103,CLI_0210,2025-12-06,Paiement carte,46.9,0.09
TRX_001104,CLI_0211,2022-08-11,Virement reçu,4705.63,0.0
TRX_001105,CLI_0211,2024-02-21,Retrait DAB,116.05,1.5
TRX_001106,CLI_0211,2022-10-05,Virement,4941.81,1.0
TRX_001107,CLI_0212,2021-01-08,Virement reçu,1713.23,0.0
TRX_001108,CLI_0212,2021-06-13,Virement,357.16,0.5
TRX_001109,CLI_0212,2025-08-19,Dépôt,927.96,0.0
TRX_001110,CLI_0212,2024-09-13,Paiement carte,134.83,0.27
TRX_001111,CLI_0212,2021-10-14,Virement,1824.24,1.0
TRX_001112,CLI_0212,2025-04-27,Dépôt,1425.95,0.0
TRX_001113,CLI_0212,2021-05-15,Virement reçu,2655.6,0.0
TRX_001114,CLI_0212,2025-01-02,Virement,710.77,0.5
TRX_001115,CLI_0212,2026-01-08,Retrait DAB,289.2,1.5
TRX_001116,CLI_0212,2024-07-24,Prélèvement,654.12,0.0
TRX_001117,CLI_0212,2023-07-06,Retrait DAB,234.44,1.5
TRX_001118,CLI_0213,2024-03-18,Paiement carte,20.7,0.04
TRX_001119,CLI_0213,2023-08-12,Virement,3894.98,1.0
TRX_001120,CLI_0214,2024-09-16,Chèque,269.91,0.3
TRX_001121,CLI_0215,2023-10-17,Chèque,645.31,0.3
TRX_001122,CLI_0215,2024-06-30,Retrait DAB,139.94,1.5
TRX_001123,CLI_0215,2025-12-05,Virement reçu,232.82,0.0
TRX_001124,CLI_0215,2024-07-23,Paiement carte,393.92,0.79
TRX_001125,CLI_0215,2025-10-02,Virement,151.51,0.5
TRX_001126,CLI_0216,2021-12-18,Chèque,611.59,0.3
TRX_001127,CLI_0217,2025-12-01,Virement,4934.77,1.0
TRX_001128,CLI_0217,2025-12-13,Virement reçu,1329.28,0.0
TRX_001129,CLI_0218,2024-09-03,Prélèvement,899.24,0.0
TRX_001130,CLI_0219,2025-09-01,Retrait DAB,156.47,1.5
TRX_001131,CLI_0219,2025-12-22,Dépôt,1893.47,0.0
TRX_001132,CLI_0219,2025-07-01,Virement reçu,380.46,0.0
TRX_001133,CLI_0219,2025-01-03,Retrait DAB,280.68,1.5
TRX_001134,CLI_0219,2025-09-15,Prélèvement,97.98,0.0
TRX_001135,CLI_0219,2025-01-24,Paiement carte,278.18,0.56
TRX_001136,CLI_0219,2025-11-13,Paiement carte,446.32,0.89
TRX_001137,CLI_0219,2025-07-05,Chèque,336.45,0.3
TRX_001138,CLI_0219,2025-10-29,Virement reçu,2414.02,0.0
TRX_001139,CLI_0219,2026-02-01,Chèque,391.9,0.3
TRX_001140,CLI_0219,2025-12-05,Virement reçu,4765.51,0.0
TRX_001141,CLI_0220,2025-10-25,Virement,2084.35,1.0
TRX_001142,CLI_0220,2025-10-16,Virement reçu,4994.09,0.0
TRX_001143,CLI_0220,2025-09-28,Chèque,149.47,0.3
TRX_001144,CLI_0220,2025-10-23,Virement,2934.85,1.0
TRX_001145,CLI_0221,2025-03-23,Dépôt,922.73,0.0
TRX_001146,CLI_0221,2025-05-30,Chèque,757.0,0.3
TRX_001147,CLI_0221,2025-08-26,Virement reçu,1853.0,0.0
TRX_001148,CLI_0221,2025-04-14,Prélèvement,110.71,0.0
TRX_001149,CLI_0221,2025-10-08,Paiement carte,46.42,0.09
TRX_001150,CLI_0221,2025-01-23,Dépôt,274.96,0.0
TRX_001151,CLI_0221,2024-02-20,Chèque,882.71,0.3
TRX_001152,CLI_0221,2025-12-22,Chèque,525.0,0.3
TRX_001153,CLI_0221,2026-02-04,Prélèvement,727.24,0.0
TRX_001154,CLI_0221,2025-05-30,Paiement carte,202.53,0.41
TRX_001155,CLI_0222,2021-06-20,Paiement carte,289.72,0.58
TRX_001156,CLI_0222,2025-02-22,Virement,4557.02,1.0
TRX_001157,CLI_0222,2020-11-29,Retrait DAB,21.73,1.5
TRX_001158,CLI_0222,2023-09-23,Virement,4072.35,1.0
TRX_001159,CLI_0222,2026-02-01,Chèque,953.53,0.3
TRX_001160,CLI_0222,2022-09-18,Virement reçu,547.5,0.0
TRX_001161,CLI_0223,2025-01-05,Dépôt,1923.46,0.0
TRX_001162,CLI_0223,2025-07-13,Virement reçu,2733.95,0.0
TRX_001163,CLI_0224,2025-06-05,Dépôt,96.88,0.0
TRX_001164,CLI_0225,2022-07-22,Paiement carte,230.47,0.46
TRX_001165,CLI_0225,2025-09-24,Virement reçu,3495.25,0.0
TRX_001166,CLI_0226,2023-10-18,Paiement carte,114.44,0.23
TRX_001167,CLI_0226,2024-05-04,Virement reçu,4349.17,0.0
TRX_001168,CLI_0227,2025-09-22,Virement reçu,1259.9,0.0
TRX_001169,CLI_0227,2024-11-28,Prélèvement,888.48,0.0
TRX_001170,CLI_0227,2026-02-23,Dépôt,239.11,0.0
TRX_001171,CLI_0228,2025-07-11,Virement,4889.54,1.0
TRX_001172,CLI_0228,2025-09-02,Dépôt,1713.97,0.0
TRX_001173,CLI_0228,2026-02-09,Chèque,548.5,0.3
TRX_001174,CLI_0228,2026-02-22,Chèque,642.92,0.3
TRX_001175,CLI_0229,2023-01-29,Virement,1431.15,1.0
TRX_001176,CLI_0230,2025-04-17,Retrait DAB,164.25,1.5
TRX_001177,CLI_0230,2023-11-21,Retrait DAB,297.28,1.5
TRX_001178,CLI_0230,2024-02-05,Virement,3095.57,1.0
TRX_001179,CLI_0230,2025-05-19,Prélèvement,402.43,0.0
TRX_001180,CLI_0230,2025-08-16,Virement reçu,3883.54,0.0
TRX_001181,CLI_0231,2023-08-31,Paiement carte,16.69,0.03
TRX_001182,CLI_0231,2026-02-14,Prélèvement,900.94,0.0
TRX_001183,CLI_0231,2021-12-25,Paiement carte,24.18,0.05
TRX_001184,CLI_0231,2024-01-12,Chèque,315.68,0.3
TRX_001185,CLI_0232,2024-12-12,Paiement carte,247.24,0.49
TRX_001186,CLI_0232,2022-03-25,Chèque,814.61,0.3
TRX_001187,CLI_0232,2024-07-12,Paiement carte,292.48,0.58
TRX_001188,CLI_0232,2023-07-05,Virement,1776.14,1.0
TRX_001189,CLI_0233,2023-08-27,Virement reçu,3556.9,0.0
TRX_001190,CLI_0233,2024-07-12,Virement,1018.77,1.0
TRX_001191,CLI_0233,2021-06-10,Paiement carte,377.79,0.76
TRX_001192,CLI_0233,2023-03-06,Virement,1256.38,1.0
TRX_001193,CLI_0234,2023-04-26,Chèque,108.18,0.3
TRX_001194,CLI_0234,2023-10-29,Chèque,683.47,0.3
TRX_001195,CLI_0234,2025-01-08,Dépôt,1046.63,0.0
TRX_001196,CLI_0235,2024-04-14,Prélèvement,852.56,0.0
TRX_001197,CLI_0235,2024-10-20,Virement reçu,490.06,0.0
TRX_001198,CLI_0235,2023-09-10,Retrait DAB,217.95,1.5
TRX_001199,CLI_0236,2025-12-12,Chèque,225.51,0.3
TRX_001200,CLI_0236,2025-09-23,Chèque,612.29,0.3
TRX_001201,CLI_0236,2025-11-06,Chèque,881.18,0.3
TRX_001202,CLI_0237,2026-01-23,Retrait DAB,124.17,1.5
TRX_001203,CLI_0237,2026-02-05,Chèque,183.2,0.3
TRX_001204,CLI_0238,2025-09-22,Virement reçu,1386.18,0.0
TRX_001205,CLI_0238,2024-06-30,Virement reçu,2947.96,0.0
TRX_001206,CLI_0238,2025-06-30,Virement,3619.02,1.0
TRX_001207,CLI_0238,2021-07-07,Chèque,211.98,0.3
TRX_001208,CLI_0238,2022-11-28,Virement,3038.03,1.0
TRX_001209,CLI_0238,2024-04-01,Retrait DAB,174.1,1.5
TRX_001210,CLI_0238,2023-09-11,Dépôt,1052.21,0.0
TRX_001211,CLI_0239,2025-03-28,Retrait DAB,254.49,1.5
TRX_001212,CLI_0239,2025-09-28,Virement,1682.65,1.0
TRX_001213,CLI_0239,2023-11-26,Prélèvement,894.56,0.0
TRX_001214,CLI_0239,2025-02-26,Prélèvement,202.6,0.0
TRX_001215,CLI_0239,2026-01-29,Virement reçu,947.82,0.0
TRX_001216,CLI_0240,2025-08-18,Virement reçu,685.7,0.0
TRX_001217,CLI_0240,2023-10-06,Virement,1228.56,1.0
TRX_001218,CLI_0240,2022-11-22,Dépôt,257.5,0.0
TRX_001219,CLI_0240,2022-07-26,Prélèvement,830.66,0.0
TRX_001220,CLI_0240,2022-02-22,Chèque,225.07,0.3
TRX_001221,CLI_0240,2023-09-02,Prélèvement,759.93,0.0
TRX_001222,CLI_0240,2024-01-12,Chèque,143.12,0.3
TRX_001223,CLI_0240,2025-11-06,Prélèvement,951.09,0.0
TRX_001224,CLI_0241,2025-03-04,Virement,133.3,0.5
TRX_001225,CLI_0241,2025-05-21,Virement,3842.9,1.0
TRX_001226,CLI_0241,2025-12-31,Chèque,562.67,0.3
TRX_001227,CLI_0242,2025-06-30,Dépôt,917.19,0.0
TRX_001228,CLI_0242,2022-06-02,Chèque,618.89,0.3
TRX_001229,CLI_0243,2024-05-05,Paiement carte,395.3,0.79
TRX_001230,CLI_0243,2025-07-05,Dépôt,839.96,0.0
TRX_001231,CLI_0244,2024-11-07,Prélèvement,730.19,0.0
TRX_001232,CLI_0244,2024-10-27,Virement,3075.89,1.0
TRX_001233,CLI_0244,2024-12-31,Virement reçu,534.03,0.0
TRX_001234,CLI_0244,2022-04-19,Dépôt,1369.9,0.0
TRX_001235,CLI_0244,2024-06-14,Chèque,157.69,0.3
TRX_001236,CLI_0244,2025-04-22,Paiement carte,302.11,0.6
TRX_001237,CLI_0244,2024-11-16,Chèque,765.62,0.3
TRX_001238,CLI_0244,2023-01-07,Virement reçu,1133.75,0.0
TRX_001239,CLI_0244,2025-04-08,Prélèvement,849.54,0.0
TRX_001240,CLI_0244,2026-02-14,Chèque,127.32,0.3
TRX_001241,CLI_0245,2022-07-29,Virement,2145.22,1.0
TRX_001242,CLI_0245,2024-01-11,Virement reçu,1617.38,0.0
TRX_001243,CLI_0246,2025-09-30,Dépôt,310.87,0.0
TRX_001244,CLI_0246,2026-02-21,Retrait DAB,286.93,1.5
TRX_001245,CLI_0246,2025-08-12,Paiement carte,45.61,0.09
TRX_001246,CLI_0246,2025-06-29,Dépôt,438.23,0.0
TRX_001247,CLI_0247,2023-04-09,Retrait DAB,193.67,1.5
TRX_001248,CLI_0247,2024-12-12,Retrait DAB,172.54,1.5
TRX_001249,CLI_0248,2025-06-06,Paiement carte,53.89,0.11
TRX_001250,CLI_0248,2024-12-23,Prélèvement,729.6,0.0
TRX_001251,CLI_0248,2025-10-05,Dépôt,578.73,0.0
TRX_001252,CLI_0248,2026-01-15,Retrait DAB,232.89,1.5
TRX_001253,CLI_0248,2026-02-20,Chèque,750.17,0.3
TRX_001254,CLI_0249,2024-12-18,Virement reçu,1165.52,0.0
TRX_001255,CLI_0249,2026-02-24,Dépôt,765.02,0.0
TRX_001256,CLI_0249,2025-11-09,Prélèvement,421.37,0.0
TRX_001257,CLI_0249,2024-08-24,Prélèvement,977.63,0.0
TRX_001258,CLI_0249,2025-11-01,Virement reçu,4777.87,0.0
TRX_001259,CLI_0249,2024-11-24,Virement reçu,4020.67,0.0
TRX_001260,CLI_0249,2025-01-19,Virement reçu,1284.13,0.0
TRX_001261,CLI_0249,2024-06-15,Virement reçu,433.38,0.0
TRX_001262,CLI_0249,2025-11-27,Prélèvement,351.06,0.0
TRX_001263,CLI_0249,2025-06-30,Dépôt,570.25,0.0
TRX_001264,CLI_0250,2024-06-20,Virement reçu,3910.87,0.0
TRX_001265,CLI_0250,2023-04-23,Chèque,872.49,0.3
TRX_001266,CLI_0250,2024-08-20,Dépôt,1697.48,0.0
TRX_001267,CLI_0250,2025-05-09,Dépôt,751.37,0.0
TRX_001268,CLI_0250,2025-11-10,Virement reçu,3467.45,0.0
TRX_001269,CLI_0250,2024-12-31,Virement reçu,1632.89,0.0
TRX_001270,CLI_0250,2025-08-27,Retrait DAB,37.05,1.5
TRX_001271,CLI_0250,2025-01-11,Chèque,731.41,0.3
TRX_001272,CLI_0250,2022-09-25,Dépôt,69.16,0.0
TRX_001273,CLI_0250,2023-04-05,Virement,2104.99,1.0
TRX_001274,CLI_0251,2025-07-07,Prélèvement,217.22,0.0
TRX_001275,CLI_0251,2025-01-20,Virement reçu,4344.54,0.0
TRX_001276,CLI_0251,2025-01-21,Prélèvement,471.97,0.0
TRX_001277,CLI_0251,2025-05-09,Chèque,223.35,0.3
TRX_001278,CLI_0252,2024-02-05,Retrait DAB,102.3,1.5
TRX_001279,CLI_0252,2024-08-07,Prélèvement,474.01,0.0
TRX_001280,CLI_0252,2023-07-18,Virement reçu,3662.39,0.0
TRX_001281,CLI_0253,2026-02-17,Retrait DAB,258.5,1.5
TRX_001282,CLI_0253,2025-04-26,Chèque,147.32,0.3
TRX_001283,CLI_0253,2025-10-16,Virement,611.64,0.5
TRX_001284,CLI_0253,2025-07-14,Chèque,612.08,0.3
TRX_001285,CLI_0253,2025-08-31,Virement,2704.25,1.0
TRX_001286,CLI_0254,2026-01-28,Chèque,240.73,0.3
TRX_001287,CLI_0254,2025-10-09,Chèque,776.62,0.3
TRX_001288,CLI_0254,2023-11-18,Virement reçu,2884.52,0.0
TRX_001289,CLI_0254,2025-10-08,Paiement carte,144.59,0.29
TRX_001290,CLI_0254,2023-12-15,Dépôt,975.15,0.0
TRX_001291,CLI_0254,2024-03-27,Virement reçu,1735.51,0.0
TRX_001292,CLI_0254,2022-11-20,Paiement carte,293.86,0.59
TRX_001293,CLI_0254,2024-10-17,Paiement carte,445.61,0.89
TRX_001294,CLI_0254,2024-05-17,Dépôt,1160.14,0.0
TRX_001295,CLI_0254,2022-12-04,Virement,3195.44,1.0
TRX_001296,CLI_0254,2024-01-12,Prélèvement,542.81,0.0
TRX_001297,CLI_0255,2026-02-21,Chèque,124.37,0.3
TRX_001298,CLI_0255,2026-01-24,Virement reçu,2301.41,0.0
TRX_001299,CLI_0255,2026-02-12,Chèque,366.8,0.3
TRX_001300,CLI_0255,2026-01-21,Chèque,936.68,0.3
TRX_001301,CLI_0255,2026-01-20,Retrait DAB,54.89,1.5
TRX_001302,CLI_0255,2026-02-22,Prélèvement,669.85,0.0
TRX_001303,CLI_0255,2026-01-05,Prélèvement,100.08,0.0
TRX_001304,CLI_0255,2026-01-18,Virement reçu,2286.24,0.0
TRX_001305,CLI_0255,2026-01-11,Paiement carte,281.45,0.56
TRX_001306,CLI_0256,2022-11-28,Paiement carte,232.99,0.47
TRX_001307,CLI_0257,2024-04-01,Dépôt,1429.86,0.0
TRX_001308,CLI_0257,2024-03-17,Prélèvement,150.9,0.0
TRX_001309,CLI_0257,2023-12-02,Dépôt,1562.96,0.0
TRX_001310,CLI_0257,2025-11-03,Retrait DAB,246.23,1.5
TRX_001311,CLI_0257,2023-06-26,Retrait DAB,234.97,1.5
TRX_001312,CLI_0257,2024-10-10,Virement reçu,658.43,0.0
TRX_001313,CLI_0257,2026-02-04,Prélèvement,661.71,0.0
TRX_001314,CLI_0258,2025-04-25,Prélèvement,524.57,0.0
TRX_001315,CLI_0258,2025-09-17,Dépôt,1541.31,0.0
TRX_001316,CLI_0258,2025-05-01,Chèque,339.0,0.3
TRX_001317,CLI_0258,2026-02-19,Dépôt,1623.21,0.0
TRX_001318,CLI_0258,2025-09-06,Paiement carte,133.39,0.27
TRX_001319,CLI_0259,2025-05-20,Dépôt,1295.98,0.0
TRX_001320,CLI_0259,2024-03-07,Virement,499.09,0.5
TRX_001321,CLI_0259,2026-02-21,Retrait DAB,141.8,1.5
TRX_001322,CLI_0260,2025-08-06,Prélèvement,301.86,0.0
TRX_001323,CLI_0260,2024-08-21,Dépôt,892.42,0.0
TRX_001324,CLI_0260,2024-04-24,Chèque,999.14,0.3
TRX_001325,CLI_0260,2025-07-16,Prélèvement,259.31,0.0
TRX_001326,CLI_0260,2025-04-15,Dépôt,251.27,0.0
TRX_001327,CLI_0260,2025-08-17,Paiement carte,296.67,0.59
TRX_001328,CLI_0260,2024-05-19,Retrait DAB,156.79,1.5
TRX_001329,CLI_0260,2024-09-28,Prélèvement,547.99,0.0
TRX_001330,CLI_0260,2025-12-25,Retrait DAB,206.74,1.5
TRX_001331,CLI_0260,2025-01-19,Retrait DAB,94.8,1.5
TRX_001332,CLI_0260,2024-12-11,Prélèvement,915.13,0.0
TRX_001333,CLI_0261,2025-12-29,Dépôt,1742.6,0.0
TRX_001334,CLI_0261,2025-09-06,Paiement carte,415.81,0.83
TRX_001335,CLI_0261,2025-09-22,Chèque,663.45,0.3
TRX_001336,CLI_0261,2025-12-29,Virement reçu,468.87,0.0
TRX_001337,CLI_0262,2025-03-10,Virement,3145.44,1.0
TRX_001338,CLI_0262,2026-02-11,Retrait DAB,81.56,1.5
TRX_001339,CLI_0263,2025-08-28,Prélèvement,904.44,0.0
TRX_001340,CLI_0263,2024-07-11,Virement,754.32,0.5
TRX_001341,CLI_0264,2025-03-07,Paiement carte,472.06,0.94
TRX_001342,CLI_0264,2024-08-07,Paiement carte,309.08,0.62
TRX_001343,CLI_0264,2024-12-31,Dépôt,1678.2,0.0
TRX_001344,CLI_0264,2025-01-27,Virement,3580.72,1.0
TRX_001345,CLI_0264,2025-09-24,Chèque,201.25,0.3
TRX_001346,CLI_0265,2025-11-24,Dépôt,1868.08,0.0
TRX_001347,CLI_0265,2025-12-29,Paiement carte,430.52,0.86
TRX_001348,CLI_0265,2025-12-23,Virement,935.95,0.5
TRX_001349,CLI_0265,2025-11-04,Virement reçu,2240.11,0.0
TRX_001350,CLI_0265,2025-10-09,Retrait DAB,149.92,1.5
TRX_001351,CLI_0265,2025-12-30,Virement,3966.57,1.0
TRX_001352,CLI_0265,2025-09-14,Prélèvement,622.75,0.0
TRX_001353,CLI_0265,2026-01-05,Dépôt,1325.73,0.0
TRX_001354,CLI_0265,2025-08-22,Virement reçu,4991.18,0.0
TRX_001355,CLI_0265,2025-09-06,Prélèvement,121.21,0.0
TRX_001356,CLI_0266,2026-02-23,Virement reçu,4198.26,0.0
TRX_001357,CLI_0267,2025-04-16,Chèque,158.75,0.3
TRX_001358,CLI_0267,2025-11-18,Chèque,839.66,0.3
TRX_001359,CLI_0268,2022-05-25,Prélèvement,885.36,0.0
TRX_001360,CLI_0268,2024-10-30,Chèque,562.8,0.3
TRX_001361,CLI_0269,2024-09-04,Virement reçu,3285.92,0.0
TRX_001362,CLI_0269,2022-08-22,Virement reçu,4914.16,0.0
TRX_001363,CLI_0269,2026-01-31,Prélèvement,916.23,0.0
TRX_001364,CLI_0269,2022-05-15,Paiement carte,225.17,0.45
TRX_001365,CLI_0270,2025-07-27,Retrait DAB,79.55,1.5
TRX_001366,CLI_0270,2021-10-05,Virement,575.39,0.5
TRX_001367,CLI_0270,2021-12-17,Virement,414.77,0.5
TRX_001368,CLI_0270,2022-07-19,Chèque,633.43,0.3
TRX_001369,CLI_0271,2024-03-19,Dépôt,157.45,0.0
TRX_001370,CLI_0271,2023-03-14,Dépôt,882.44,0.0
TRX_001371,CLI_0271,2024-01-30,Retrait DAB,151.33,1.5
TRX_001372,CLI_0271,2025-02-01,Paiement carte,464.99,0.93
TRX_001373,CLI_0271,2025-05-01,Virement reçu,3241.32,0.0
TRX_001374,CLI_0271,2025-01-26,Paiement carte,162.71,0.33
TRX_001375,CLI_0271,2024-07-29,Virement,2674.06,1.0
TRX_001376,CLI_0271,2024-12-26,Virement reçu,423.67,0.0
TRX_001377,CLI_0271,2023-06-20,Dépôt,1946.51,0.0
TRX_001378,CLI_0271,2022-11-02,Virement reçu,1864.29,0.0
TRX_001379,CLI_0271,2023-02-27,Chèque,530.08,0.3
TRX_001380,CLI_0272,2024-10-06,Dépôt,1380.9,0.0
TRX_001381,CLI_0272,2020-11-02,Virement reçu,3344.94,0.0
TRX_001382,CLI_0273,2025-06-28,Retrait DAB,35.99,1.5
TRX_001383,CLI_0273,2026-02-03,Virement,1780.95,1.0
TRX_001384,CLI_0273,2025-10-17,Chèque,700.24,0.3
TRX_001385,CLI_0273,2025-10-23,Dépôt,249.93,0.0
TRX_001386,CLI_0274,2024-05-27,Retrait DAB,59.11,1.5
TRX_001387,CLI_0274,2025-05-22,Paiement carte,360.71,0.72
TRX_001388,CLI_0274,2025-04-08,Chèque,975.51,0.3
TRX_001389,CLI_0274,2026-01-05,Virement,4917.02,1.0
TRX_001390,CLI_0274,2025-06-28,Prélèvement,519.28,0.0
TRX_001391,CLI_0274,2025-08-28,Prélèvement,875.88,0.0
TRX_001392,CLI_0275,2021-11-30,Virement reçu,2555.1,0.0
TRX_001393,CLI_0275,2023-05-05,Chèque,615.48,0.3
TRX_001394,CLI_0275,2025-08-15,Chèque,223.5,0.3
TRX_001395,CLI_0275,2024-03-17,Retrait DAB,282.55,1.5
TRX_001396,CLI_0275,2024-09-14,Prélèvement,384.33,0.0
TRX_001397,CLI_0275,2022-10-27,Virement reçu,2286.13,0.0
TRX_001398,CLI_0275,2026-02-14,Chèque,704.49,0.3
TRX_001399,CLI_0276,2026-01-17,Virement,599.21,0.5
TRX_001400,CLI_0276,2025-11-19,Virement,4564.49,1.0
TRX_001401,CLI_0276,2025-10-24,Virement,4120.49,1.0
TRX_001402,CLI_0276,2026-01-22,Dépôt,1532.07,0.0
TRX_001403,CLI_0276,2025-11-04,Retrait DAB,33.65,1.5
TRX_001404,CLI_0276,2025-12-06,Virement reçu,4234.27,0.0
TRX_001405,CLI_0276,2026-01-10,Prélèvement,466.14,0.0
TRX_001406,CLI_0277,2023-09-17,Virement reçu,2682.55,0.0
TRX_001407,CLI_0277,2024-04-08,Prélèvement,603.41,0.0
TRX_001408,CLI_0277,2022-04-19,Prélèvement,699.6,0.0
TRX_001409,CLI_0277,2022-08-20,Dépôt,1518.58,0.0
TRX_001410,CLI_0277,2026-01-28,Retrait DAB,223.69,1.5
TRX_001411,CLI_0277,2022-06-26,Virement,4361.12,1.0
TRX_001412,CLI_0277,2022-05-31,Virement reçu,1028.27,0.0
TRX_001413,CLI_0277,2025-11-17,Dépôt,832.24,0.0
TRX_001414,CLI_0277,2021-09-13,Chèque,953.02,0.3
TRX_001415,CLI_0277,2025-08-10,Dépôt,823.35,0.0
TRX_001416,CLI_0278,2025-10-12,Virement reçu,185.74,0.0
TRX_001417,CLI_0278,2023-08-09,Retrait DAB,33.72,1.5
TRX_001418,CLI_0278,2023-07-28,Retrait DAB,180.38,1.5
TRX_001419,CLI_0278,2023-09-30,Prélèvement,828.52,0.0
TRX_001420,CLI_0278,2025-12-04,Retrait DAB,111.49,1.5
TRX_001421,CLI_0279,2022-12-10,Prélèvement,319.86,0.0
TRX_001422,CLI_0279,2024-09-13,Virement reçu,4974.4,0.0
TRX_001423,CLI_0279,2022-04-03,Virement,4836.14,1.0
TRX_001424,CLI_0279,2022-07-15,Dépôt,909.44,0.0
TRX_001425,CLI_0279,2021-04-30,Prélèvement,297.38,0.0
TRX_001426,CLI_0279,2022-09-20,Paiement carte,420.82,0.84
TRX_001427,CLI_0279,2023-06-19,Retrait DAB,220.37,1.5
TRX_001428,CLI_0279,2024-05-24,Virement reçu,3466.01,0.0
TRX_001429,CLI_0279,2022-08-27,Virement reçu,4476.26,0.0
TRX_001430,CLI_0279,2024-03-19,Prélèvement,704.95,0.0
TRX_001431,CLI_0280,2024-12-19,Dépôt,295.91,0.0
TRX_001432,CLI_0280,2023-11-03,Chèque,216.87,0.3
TRX_001433,CLI_0280,2023-07-27,Paiement carte,341.34,0.68
TRX_001434,CLI_0280,2022-09-28,Virement,4307.14,1.0
TRX_001435,CLI_0280,2023-07-21,Prélèvement,964.6,0.0
TRX_001436,CLI_0280,2023-01-14,Virement reçu,3178.9,0.0
TRX_001437,CLI_0280,2025-12-11,Virement reçu,1002.1,0.0
TRX_001438,CLI_0280,2024-03-29,Retrait DAB,49.58,1.5
TRX_001439,CLI_0280,2023-10-24,Prélèvement,822.21,0.0
TRX_001440,CLI_0280,2025-08-09,Virement reçu,2935.91,0.0
TRX_001441,CLI_0281,2024-12-01,Paiement carte,390.68,0.78
TRX_001442,CLI_0281,2025-08-26,Paiement carte,44.69,0.09
TRX_001443,CLI_0281,2025-01-25,Chèque,694.35,0.3
TRX_001444,CLI_0281,2024-10-08,Paiement carte,406.51,0.81
TRX_001445,CLI_0281,2026-02-24,Virement,3396.88,1.0
TRX_001446,CLI_0281,2024-01-16,Virement reçu,2536.42,0.0
TRX_001447,CLI_0281,2023-07-08,Chèque,955.28,0.3
TRX_001448,CLI_0282,2025-06-06,Chèque,676.4,0.3
TRX_001449,CLI_0282,2025-03-26,Dépôt,662.62,0.0
TRX_001450,CLI_0282,2025-04-24,Retrait DAB,288.23,1.5
TRX_001451,CLI_0282,2026-01-24,Virement reçu,263.78,0.0
TRX_001452,CLI_0282,2025-02-22,Virement reçu,2940.98,0.0
TRX_001453,CLI_0283,2025-10-22,Virement,3589.88,1.0
TRX_001454,CLI_0283,2026-02-09,Virement reçu,961.86,0.0
TRX_001455,CLI_0283,2025-10-10,Chèque,311.84,0.3
TRX_001456,CLI_0283,2026-02-28,Dépôt,1014.02,0.0
TRX_001457,CLI_0284,2023-12-03,Chèque,535.22,0.3
TRX_001458,CLI_0284,2024-12-16,Prélèvement,63.91,0.0
TRX_001459,CLI_0284,2021-11-09,Dépôt,1846.23,0.0
TRX_001460,CLI_0284,2023-02-10,Dépôt,1953.37,0.0
TRX_001461,CLI_0284,2024-09-04,Paiement carte,118.92,0.24
TRX_001462,CLI_0284,2025-04-26,Chèque,287.3,0.3
TRX_001463,CLI_0284,2022-06-26,Retrait DAB,231.04,1.5
TRX_001464,CLI_0284,2023-11-07,Prélèvement,290.71,0.0
TRX_001465,CLI_0284,2025-12-24,Dépôt,1795.4,0.0
TRX_001466,CLI_0284,2025-10-05,Chèque,616.54,0.3
TRX_001467,CLI_0284,2023-04-13,Prélèvement,383.24,0.0
TRX_001468,CLI_0285,2025-07-21,Dépôt,1521.91,0.0
TRX_001469,CLI_0286,2023-11-21,Virement,4567.0,1.0
TRX_001470,CLI_0286,2023-04-02,Retrait DAB,279.84,1.5
TRX_001471,CLI_0286,2023-11-04,Virement,910.56,0.5
TRX_001472,CLI_0286,2024-09-28,Prélèvement,52.21,0.0
TRX_001473,CLI_0287,2025-12-06,Virement reçu,1544.6,0.0
TRX_001474,CLI_0287,2023-06-02,Chèque,419.09,0.3
TRX_001475,CLI_0287,2025-05-15,Prélèvement,586.36,0.0
TRX_001476,CLI_0288,2025-09-06,Prélèvement,919.53,0.0
TRX_001477,CLI_0288,2025-04-22,Dépôt,568.09,0.0
TRX_001478,CLI_0288,2025-11-06,Virement reçu,4489.5,0.0
TRX_001479,CLI_0288,2025-04-05,Virement reçu,607.03,0.0
TRX_001480,CLI_0288,2026-01-30,Paiement carte,331.72,0.66
TRX_001481,CLI_0288,2025-07-23,Virement,4544.23,1.0
TRX_001482,CLI_0288,2025-05-13,Chèque,251.87,0.3
TRX_001483,CLI_0288,2025-09-27,Prélèvement,969.91,0.0
TRX_001484,CLI_0289,2024-02-04,Retrait DAB,211.51,1.5
TRX_001485,CLI_0289,2024-12-14,Prélèvement,230.72,0.0
TRX_001486,CLI_0289,2024-01-14,Virement reçu,2652.34,0.0
TRX_001487,CLI_0290,2022-08-13,Dépôt,188.52,0.0
TRX_001488,CLI_0290,2024-05-07,Paiement carte,410.97,0.82
TRX_001489,CLI_0290,2025-07-25,Paiement carte,174.48,0.35
TRX_001490,CLI_0290,2020-10-26,Virement,2915.45,1.0
TRX_001491,CLI_0290,2023-12-07,Virement,2622.44,1.0
TRX_001492,CLI_0290,2026-02-22,Virement reçu,2614.98,0.0
TRX_001493,CLI_0290,2023-05-14,Chèque,196.5,0.3
TRX_001494,CLI_0290,2023-04-02,Dépôt,875.79,0.0
TRX_001495,CLI_0290,2022-04-01,Paiement carte,231.66,0.46
TRX_001496,CLI_0291,2025-09-17,Retrait DAB,75.21,1.5
TRX_001497,CLI_0291,2024-11-13,Dépôt,240.34,0.0
TRX_001498,CLI_0291,2025-05-10,Paiement carte,91.76,0.18
TRX_001499,CLI_0291,2025-04-11,Dépôt,1851.28,0.0
TRX_001500,CLI_0291,2025-10-15,Retrait DAB,250.01,1.5
TRX_001501,CLI_0292,2025-03-06,Chèque,212.15,0.3
TRX_001502,CLI_0292,2022-07-13,Paiement carte,189.29,0.38
TRX_001503,CLI_0292,2025-01-15,Paiement carte,122.4,0.24
TRX_001504,CLI_0293,2026-02-19,Virement,3445.09,1.0
TRX_001505,CLI_0293,2025-11-06,Prélèvement,647.3,0.0
TRX_001506,CLI_0293,2025-09-04,Prélèvement,302.8,0.0
TRX_001507,CLI_0293,2025-02-01,Virement,291.13,0.5
TRX_001508,CLI_0293,2025-11-19,Virement reçu,2332.28,0.0
TRX_001509,CLI_0294,2025-10-28,Prélèvement,840.77,0.0
TRX_001510,CLI_0294,2025-09-25,Prélèvement,992.04,0.0
TRX_001511,CLI_0294,2025-09-27,Retrait DAB,65.81,1.5
TRX_001512,CLI_0294,2026-01-19,Virement reçu,3489.71,0.0
TRX_001513,CLI_0295,2024-07-10,Virement reçu,4929.44,0.0
TRX_001514,CLI_0295,2024-11-01,Paiement carte,346.47,0.69
TRX_001515,CLI_0296,2024-06-29,Virement reçu,4012.92,0.0
TRX_001516,CLI_0296,2023-04-12,Paiement carte,62.44,0.12
TRX_001517,CLI_0296,2025-04-29,Paiement carte,392.54,0.79
TRX_001518,CLI_0297,2024-12-01,Dépôt,1643.36,0.0
TRX_001519,CLI_0297,2024-10-12,Virement reçu,2296.9,0.0
TRX_001520,CLI_0297,2025-06-24,Virement,2497.27,1.0
TRX_001521,CLI_0297,2025-01-04,Virement,1166.97,1.0
TRX_001522,CLI_0297,2024-09-07,Dépôt,202.69,0.0
TRX_001523,CLI_0297,2025-12-27,Prélèvement,594.76,0.0
TRX_001524,CLI_0298,2021-09-01,Virement reçu,4687.27,0.0
TRX_001525,CLI_0298,2023-10-15,Virement,4709.68,1.0
TRX_001526,CLI_0299,2025-10-22,Prélèvement,955.19,0.0
TRX_001527,CLI_0299,2024-05-11,Prélèvement,277.37,0.0
TRX_001528,CLI_0300,2023-12-18,Prélèvement,290.2,0.0
TRX_001529,CLI_0300,2025-05-31,Paiement carte,42.97,0.09
TRX_001530,CLI_0301,2020-07-10,Virement reçu,1430.01,0.0
TRX_001531,CLI_0301,2023-06-30,Virement,118.14,0.5
TRX_001532,CLI_0301,2022-09-29,Paiement carte,89.65,0.18
TRX_001533,CLI_0301,2025-08-07,Chèque,414.57,0.3
TRX_001534,CLI_0301,2025-09-18,Prélèvement,349.94,0.0
TRX_001535,CLI_0301,2022-10-10,Chèque,812.23,0.3
TRX_001536,CLI_0301,2024-12-02,Dépôt,1377.09,0.0
TRX_001537,CLI_0301,2021-11-30,Chèque,369.6,0.3
TRX_001538,CLI_0301,2022-05-09,Dépôt,942.6,0.0
TRX_001539,CLI_0301,2026-01-16,Retrait DAB,46.76,1.5
TRX_001540,CLI_0302,2024-01-16,Virement reçu,1251.65,0.0
TRX_001541,CLI_0302,2025-06-30,Retrait DAB,202.64,1.5
TRX_001542,CLI_0302,2026-02-27,Paiement carte,208.55,0.42
TRX_001543,CLI_0302,2025-03-30,Dépôt,1212.29,0.0
TRX_001544,CLI_0302,2023-10-07,Prélèvement,152.08,0.0
TRX_001545,CLI_0302,2024-08-19,Paiement carte,18.29,0.04
TRX_001546,CLI_0302,2023-12-11,Virement,4556.87,1.0
TRX_001547,CLI_0302,2023-08-14,Prélèvement,306.15,0.0
TRX_001548,CLI_0303,2024-01-15,Chèque,106.34,0.3
TRX_001549,CLI_0303,2023-12-08,Virement reçu,4046.93,0.0
TRX_001550,CLI_0303,2023-06-18,Chèque,169.12,0.3
TRX_001551,CLI_0303,2021-12-12,Dépôt,856.73,0.0
TRX_001552,CLI_0303,2021-08-25,Prélèvement,694.94,0.0
TRX_001553,CLI_0303,2023-10-11,Dépôt,511.76,0.0
TRX_001554,CLI_0303,2024-06-21,Virement,511.42,0.5
TRX_001555,CLI_0303,2026-01-11,Chèque,793.02,0.3
TRX_001556,CLI_0303,2024-02-02,Dépôt,1278.84,0.0
TRX_001557,CLI_0303,2025-04-29,Virement,4943.6,1.0
TRX_001558,CLI_0303,2021-08-18,Paiement carte,178.71,0.36
TRX_001559,CLI_0304,2025-08-10,Prélèvement,205.54,0.0
TRX_001560,CLI_0304,2025-06-13,Dépôt,633.88,0.0
TRX_001561,CLI_0304,2026-01-29,Virement,590.76,0.5
TRX_001562,CLI_0304,2025-12-06,Virement reçu,1431.42,0.0
TRX_001563,CLI_0304,2025-07-30,Paiement carte,409.82,0.82
TRX_001564,CLI_0304,2025-03-22,Paiement carte,195.37,0.39
TRX_001565,CLI_0304,2024-10-18,Chèque,179.56,0.3
TRX_001566,CLI_0304,2023-11-18,Virement reçu,1776.91,0.0
TRX_001567,CLI_0304,2025-03-30,Paiement carte,490.88,0.98
TRX_001568,CLI_0304,2024-05-26,Chèque,666.72,0.3
TRX_001569,CLI_0304,2025-02-09,Chèque,474.54,0.3
TRX_001570,CLI_0305,2025-12-12,Paiement carte,493.23,0.99
TRX_001571,CLI_0305,2023-08-08,Dépôt,1650.66,0.0
TRX_001572,CLI_0305,2026-02-23,Virement reçu,1479.24,0.0
TRX_001573,CLI_0305,2025-11-27,Chèque,163.06,0.3
TRX_001574,CLI_0305,2025-07-17,Dépôt,160.42,0.0
TRX_001575,CLI_0305,2022-03-09,Paiement carte,68.99,0.14
TRX_001576,CLI_0305,2022-05-22,Retrait DAB,182.62,1.5
TRX_001577,CLI_0305,2024-04-24,Chèque,935.89,0.3
TRX_001578,CLI_0306,2022-11-05,Chèque,375.31,0.3
TRX_001579,CLI_0306,2022-01-04,Retrait DAB,155.28,1.5
TRX_001580,CLI_0306,2024-11-23,Dépôt,173.21,0.0
TRX_001581,CLI_0307,2025-01-03,Retrait DAB,224.92,1.5
TRX_001582,CLI_0307,2022-07-19,Virement,952.42,0.5
TRX_001583,CLI_0307,2020-07-04,Dépôt,754.37,0.0
TRX_001584,CLI_0307,2021-09-30,Dépôt,1292.74,0.0
TRX_001585,CLI_0307,2020-07-04,Paiement carte,44.64,0.09
TRX_001586,CLI_0307,2022-09-24,Virement reçu,1871.55,0.0
TRX_001587,CLI_0307,2023-12-20,Paiement carte,272.05,0.54
TRX_001588,CLI_0307,2024-06-27,Virement,4981.5,1.0
TRX_001589,CLI_0307,2022-02-28,Paiement carte,242.52,0.49
TRX_001590,CLI_0307,2023-04-09,Retrait DAB,248.5,1.5
TRX_001591,CLI_0307,2025-03-05,Dépôt,892.53,0.0
TRX_001592,CLI_0308,2025-04-07,Dépôt,811.08,0.0
TRX_001593,CLI_0308,2024-10-05,Virement reçu,4466.01,0.0
TRX_001594,CLI_0308,2025-06-11,Chèque,832.25,0.3
TRX_001595,CLI_0309,2025-08-01,Paiement carte,306.11,0.61
TRX_001596,CLI_0309,2026-01-26,Chèque,667.02,0.3
TRX_001597,CLI_0309,2026-01-29,Paiement carte,214.52,0.43
TRX_001598,CLI_0309,2025-07-19,Retrait DAB,60.41,1.5
TRX_001599,CLI_0310,2024-09-09,Dépôt,106.16,0.0
TRX_001600,CLI_0310,2024-04-07,Retrait DAB,200.24,1.5
TRX_001601,CLI_0310,2023-04-11,Dépôt,590.43,0.0
TRX_001602,CLI_0310,2023-06-27,Chèque,504.71,0.3
TRX_001603,CLI_0310,2025-07-05,Paiement carte,179.18,0.36
TRX_001604,CLI_0310,2025-09-05,Prélèvement,214.12,0.0
TRX_001605,CLI_0310,2025-04-02,Virement,3147.71,1.0
TRX_001606,CLI_0310,2025-09-30,Prélèvement,887.88,0.0
TRX_001607,CLI_0310,2024-01-22,Chèque,963.18,0.3
TRX_001608,CLI_0311,2025-06-26,Virement,4272.75,1.0
TRX_001609,CLI_0311,2025-07-23,Dépôt,1734.39,0.0
TRX_001610,CLI_0311,2025-10-27,Chèque,466.1,0.3
TRX_001611,CLI_0311,2025-09-25,Chèque,786.13,0.3
TRX_001612,CLI_0312,2025-10-19,Dépôt,1395.09,0.0
TRX_001613,CLI_0312,2026-01-02,Virement reçu,4732.92,0.0
TRX_001614,CLI_0312,2026-01-07,Virement,3197.39,1.0
TRX_001615,CLI_0312,2025-04-03,Paiement carte,223.29,0.45
TRX_001616,CLI_0312,2025-12-02,Virement,2673.25,1.0
TRX_001617,CLI_0312,2026-02-26,Virement,1078.18,1.0
TRX_001618,CLI_0312,2025-03-26,Paiement carte,377.77,0.76
TRX_001619,CLI_0312,2025-11-14,Paiement carte,375.75,0.75
TRX_001620,CLI_0312,2025-02-25,Virement,813.03,0.5
TRX_001621,CLI_0313,2023-01-03,Prélèvement,745.61,0.0
TRX_001622,CLI_0313,2024-03-19,Virement,1241.79,1.0
TRX_001623,CLI_0313,2020-06-24,Virement reçu,4084.4,0.0
TRX_001624,CLI_0313,2024-05-14,Paiement carte,298.33,0.6
TRX_001625,CLI_0313,2025-11-25,Retrait DAB,79.01,1.5
TRX_001626,CLI_0313,2020-09-13,Chèque,313.05,0.3
TRX_001627,CLI_0314,2025-06-26,Prélèvement,115.84,0.0
TRX_001628,CLI_0314,2024-06-23,Paiement carte,293.33,0.59
TRX_001629,CLI_0314,2023-05-08,Virement,3028.4,1.0
TRX_001630,CLI_0314,2022-01-07,Chèque,765.04,0.3
TRX_001631,CLI_0315,2026-01-08,Retrait DAB,207.4,1.5
TRX_001632,CLI_0315,2022-05-24,Virement,2295.62,1.0
TRX_001633,CLI_0315,2025-12-08,Dépôt,1001.41,0.0
TRX_001634,CLI_0315,2022-10-22,Dépôt,448.3,0.0
TRX_001635,CLI_0316,2023-10-27,Virement reçu,1857.84,0.0
TRX_001636,CLI_0316,2023-01-26,Retrait DAB,298.78,1.5
TRX_001637,CLI_0316,2024-03-17,Virement reçu,2452.9,0.0
TRX_001638,CLI_0316,2022-11-14,Prélèvement,511.59,0.0
TRX_001639,CLI_0316,2023-05-10,Retrait DAB,178.44,1.5
TRX_001640,CLI_0316,2025-02-09,Retrait DAB,276.69,1.5
TRX_001641,CLI_0316,2025-01-31,Paiement carte,402.4,0.8
TRX_001642,CLI_0316,2026-02-26,Prélèvement,478.57,0.0
TRX_001643,CLI_0316,2025-10-09,Virement,3621.63,1.0
TRX_001644,CLI_0316,2023-04-03,Virement,2972.55,1.0
TRX_001645,CLI_0316,2025-12-13,Retrait DAB,157.86,1.5
TRX_001646,CLI_0317,2025-07-21,Dépôt,209.28,0.0
TRX_001647,CLI_0317,2024-05-14,Retrait DAB,80.96,1.5
TRX_001648,CLI_0317,2023-12-20,Prélèvement,287.82,0.0
TRX_001649,CLI_0317,2025-10-25,Prélèvement,840.14,0.0
TRX_001650,CLI_0317,2024-12-19,Paiement carte,236.97,0.47
TRX_001651,CLI_0317,2025-08-22,Virement,2485.46,1.0
TRX_001652,CLI_0317,2023-11-18,Prélèvement,938.15,0.0
TRX_001653,CLI_0317,2024-09-12,Dépôt,1292.32,0.0
TRX_001654,CLI_0317,2023-01-06,Dépôt,1802.4,0.0
TRX_001655,CLI_0317,2022-10-28,Dépôt,940.19,0.0
TRX_001656,CLI_0317,2024-01-25,Retrait DAB,61.84,1.5
TRX_001657,CLI_0318,2022-05-01,Chèque,660.66,0.3
TRX_001658,CLI_0319,2026-02-04,Retrait DAB,70.86,1.5
TRX_001659,CLI_0319,2026-02-07,Chèque,372.16,0.3
TRX_001660,CLI_0319,2026-02-12,Retrait DAB,34.22,1.5
TRX_001661,CLI_0319,2026-02-27,Paiement carte,239.47,0.48
TRX_001662,CLI_0319,2026-01-18,Dépôt,1713.6,0.0
TRX_001663,CLI_0319,2026-01-31,Chèque,940.22,0.3
TRX_001664,CLI_0319,2026-01-01,Chèque,939.34,0.3
TRX_001665,CLI_0319,2026-01-13,Chèque,212.71,0.3
TRX_001666,CLI_0319,2026-01-28,Virement reçu,1972.06,0.0
TRX_001667,CLI_0319,2026-01-28,Dépôt,105.05,0.0
TRX_001668,CLI_0320,2024-10-27,Paiement carte,185.79,0.37
TRX_001669,CLI_0320,2025-01-26,Retrait DAB,196.71,1.5
TRX_001670,CLI_0320,2024-12-07,Paiement carte,360.3,0.72
TRX_001671,CLI_0320,2025-05-12,Virement reçu,2206.24,0.0
TRX_001672,CLI_0320,2025-05-22,Chèque,375.8,0.3
TRX_001673,CLI_0320,2025-08-18,Paiement carte,481.48,0.96
TRX_001674,CLI_0320,2025-09-25,Dépôt,1930.75,0.0
TRX_001675,CLI_0321,2024-04-01,Virement,3616.05,1.0
TRX_001676,CLI_0322,2024-09-15,Prélèvement,974.2,0.0
TRX_001677,CLI_0322,2024-11-03,Virement,123.86,0.5
TRX_001678,CLI_0322,2025-06-20,Virement reçu,2122.12,0.0
TRX_001679,CLI_0322,2025-02-23,Virement,592.24,0.5
TRX_001680,CLI_0322,2024-03-25,Paiement carte,259.49,0.52
TRX_001681,CLI_0323,2024-06-03,Retrait DAB,89.52,1.5
TRX_001682,CLI_0323,2023-11-21,Dépôt,1976.63,0.0
TRX_001683,CLI_0323,2024-03-04,Prélèvement,419.92,0.0
TRX_001684,CLI_0323,2023-09-24,Paiement carte,368.98,0.74
TRX_001685,CLI_0323,2023-10-13,Prélèvement,700.49,0.0
TRX_001686,CLI_0323,2024-01-08,Chèque,290.87,0.3
TRX_001687,CLI_0324,2024-02-13,Prélèvement,653.5,0.0
TRX_001688,CLI_0324,2024-01-07,Prélèvement,89.48,0.0
TRX_001689,CLI_0324,2025-09-18,Prélèvement,246.46,0.0
TRX_001690,CLI_0325,2026-01-20,Dépôt,88.32,0.0
TRX_001691,CLI_0325,2023-05-13,Prélèvement,885.42,0.0
TRX_001692,CLI_0325,2025-09-25,Virement,4831.49,1.0
TRX_001693,CLI_0325,2022-01-14,Virement,1773.69,1.0
TRX_001694,CLI_0325,2025-02-26,Virement reçu,1758.68,0.0
TRX_001695,CLI_0325,2024-02-16,Dépôt,63.83,0.0
TRX_001696,CLI_0325,2021-05-27,Chèque,712.23,0.3
TRX_001697,CLI_0325,2024-05-26,Virement,4144.66,1.0
TRX_001698,CLI_0325,2026-02-13,Paiement carte,81.84,0.16
TRX_001699,CLI_0325,2023-06-13,Dépôt,361.35,0.0
TRX_001700,CLI_0326,2024-01-26,Paiement carte,25.44,0.05
TRX_001701,CLI_0326,2023-08-13,Paiement carte,69.59,0.14
TRX_001702,CLI_0326,2022-08-02,Chèque,669.78,0.3
TRX_001703,CLI_0326,2023-09-04,Paiement carte,450.52,0.9
TRX_001704,CLI_0326,2023-01-09,Chèque,661.37,0.3
TRX_001705,CLI_0326,2021-12-21,Virement,756.72,0.5
TRX_001706,CLI_0326,2025-04-12,Paiement carte,66.72,0.13
TRX_001707,CLI_0326,2020-11-24,Dépôt,1696.16,0.0
TRX_001708,CLI_0326,2024-06-05,Paiement carte,78.26,0.16
TRX_001709,CLI_0326,2022-06-29,Paiement carte,264.91,0.53
TRX_001710,CLI_0327,2023-05-07,Virement reçu,495.28,0.0
TRX_001711,CLI_0327,2025-07-30,Paiement carte,339.45,0.68
TRX_001712,CLI_0327,2024-06-10,Virement reçu,3476.99,0.0
TRX_001713,CLI_0327,2022-09-20,Virement,1773.2,1.0
TRX_001714,CLI_0327,2023-11-08,Paiement carte,115.65,0.23
TRX_001715,CLI_0328,2024-12-27,Retrait DAB,80.79,1.5
TRX_001716,CLI_0328,2025-09-20,Dépôt,1106.95,0.0
TRX_001717,CLI_0328,2025-06-07,Prélèvement,969.8,0.0
TRX_001718,CLI_0328,2025-06-11,Prélèvement,190.46,0.0
TRX_001719,CLI_0329,2025-07-02,Paiement carte,476.61,0.95
TRX_001720,CLI_0329,2025-12-25,Retrait DAB,33.96,1.5
TRX_001721,CLI_0329,2025-08-21,Prélèvement,192.41,0.0
TRX_001722,CLI_0329,2025-10-28,Paiement carte,273.41,0.55
TRX_001723,CLI_0329,2025-06-02,Paiement carte,292.14,0.58
TRX_001724,CLI_0329,2026-02-08,Chèque,680.64,0.3
TRX_001725,CLI_0330,2022-10-16,Retrait DAB,295.2,1.5
TRX_001726,CLI_0330,2025-06-29,Paiement carte,272.87,0.55
TRX_001727,CLI_0330,2022-04-09,Paiement carte,256.29,0.51
TRX_001728,CLI_0330,2021-09-17,Dépôt,552.67,0.0
TRX_001729,CLI_0330,2021-06-09,Dépôt,1417.66,0.0
TRX_001730,CLI_0330,2024-07-19,Prélèvement,63.65,0.0
TRX_001731,CLI_0331,2025-10-22,Virement,3363.14,1.0
TRX_001732,CLI_0331,2025-04-14,Retrait DAB,250.34,1.5
TRX_001733,CLI_0331,2025-10-01,Prélèvement,62.62,0.0
TRX_001734,CLI_0332,2025-12-29,Paiement carte,235.19,0.47
TRX_001735,CLI_0332,2025-11-14,Prélèvement,524.02,0.0
TRX_001736,CLI_0332,2025-09-15,Chèque,164.99,0.3
TRX_001737,CLI_0332,2026-02-14,Prélèvement,700.21,0.0
TRX_001738,CLI_0332,2025-12-08,Chèque,552.9,0.3
TRX_001739,CLI_0332,2025-08-11,Prélèvement,776.89,0.0
TRX_001740,CLI_0333,2024-11-28,Paiement carte,83.2,0.17
TRX_001741,CLI_0334,2025-11-14,Chèque,582.87,0.3
TRX_001742,CLI_0335,2025-08-10,Dépôt,1751.17,0.0
TRX_001743,CLI_0335,2024-06-24,Chèque,651.8,0.3
TRX_001744,CLI_0335,2025-06-09,Retrait DAB,64.02,1.5
TRX_001745,CLI_0335,2024-02-12,Dépôt,1926.56,0.0
TRX_001746,CLI_0335,2025-11-22,Virement,2639.99,1.0
TRX_001747,CLI_0335,2024-12-10,Virement,457.2,0.5
TRX_001748,CLI_0336,2025-06-25,Prélèvement,302.92,0.0
TRX_001749,CLI_0336,2021-12-11,Prélèvement,79.78,0.0
TRX_001750,CLI_0336,2023-01-13,Paiement carte,68.53,0.14
TRX_001751,CLI_0336,2025-02-20,Virement,3149.28,1.0
TRX_001752,CLI_0336,2024-02-18,Virement reçu,4678.66,0.0
TRX_001753,CLI_0336,2023-06-27,Retrait DAB,77.83,1.5
TRX_001754,CLI_0336,2023-08-20,Retrait DAB,225.81,1.5
TRX_001755,CLI_0337,2024-09-16,Retrait DAB,57.09,1.5
TRX_001756,CLI_0337,2023-05-18,Paiement carte,277.99,0.56
TRX_001757,CLI_0338,2024-12-25,Retrait DAB,92.99,1.5
TRX_001758,CLI_0338,2026-01-11,Virement reçu,1554.79,0.0
TRX_001759,CLI_0338,2025-08-30,Prélèvement,50.6,0.0
TRX_001760,CLI_0339,2026-01-20,Prélèvement,144.28,0.0
TRX_001761,CLI_0339,2023-03-17,Retrait DAB,45.4,1.5
TRX_001762,CLI_0339,2023-08-30,Virement reçu,1387.21,0.0
TRX_001763,CLI_0339,2025-09-27,Paiement carte,438.64,0.88
TRX_001764,CLI_0339,2025-01-10,Virement,731.62,0.5
TRX_001765,CLI_0339,2024-04-15,Dépôt,1453.99,0.0
TRX_001766,CLI_0339,2023-03-25,Paiement carte,59.57,0.12
TRX_001767,CLI_0339,2021-08-22,Chèque,660.82,0.3
TRX_001768,CLI_0339,2021-11-23,Virement reçu,1844.73,0.0
TRX_001769,CLI_0339,2023-10-19,Paiement carte,396.57,0.79
TRX_001770,CLI_0340,2025-09-22,Dépôt,238.45,0.0
TRX_001771,CLI_0340,2025-07-23,Paiement carte,144.34,0.29
TRX_001772,CLI_0340,2024-02-27,Virement,1668.28,1.0
TRX_001773,CLI_0340,2024-05-29,Retrait DAB,233.68,1.5
TRX_001774,CLI_0340,2024-08-05,Retrait DAB,244.63,1.5
TRX_001775,CLI_0341,2024-06-21,Virement reçu,4346.32,0.0
TRX_001776,CLI_0341,2024-04-30,Virement reçu,3008.52,0.0
TRX_001777,CLI_0341,2024-03-12,Dépôt,297.87,0.0
TRX_001778,CLI_0342,2025-10-11,Retrait DAB,65.04,1.5
TRX_001779,CLI_0342,2025-12-01,Chèque,730.31,0.3
TRX_001780,CLI_0342,2025-09-08,Virement reçu,3818.45,0.0
TRX_001781,CLI_0343,2025-05-23,Dépôt,203.91,0.0
TRX_001782,CLI_0343,2024-08-16,Paiement carte,103.92,0.21
TRX_001783,CLI_0344,2021-11-23,Prélèvement,537.84,0.0
TRX_001784,CLI_0344,2025-09-30,Virement,4756.37,1.0
TRX_001785,CLI_0344,2021-08-29,Virement reçu,2724.88,0.0
TRX_001786,CLI_0344,2022-04-10,Virement reçu,2031.53,0.0
TRX_001787,CLI_0344,2022-05-15,Virement reçu,4256.2,0.0
TRX_001788,CLI_0344,2024-11-20,Virement reçu,2515.62,0.0
TRX_001789,CLI_0344,2021-05-28,Prélèvement,498.31,0.0
TRX_001790,CLI_0344,2021-11-22,Paiement carte,250.25,0.5
TRX_001791,CLI_0345,2025-11-27,Virement,4176.51,1.0
TRX_001792,CLI_0345,2025-11-22,Paiement carte,207.72,0.42
TRX_001793,CLI_0346,2025-07-31,Virement,4679.25,1.0
TRX_001794,CLI_0346,2024-02-12,Chèque,753.46,0.3
TRX_001795,CLI_0347,2022-12-26,Dépôt,514.76,0.0
TRX_001796,CLI_0347,2025-01-17,Virement,3990.38,1.0
TRX_001797,CLI_0347,2021-05-04,Retrait DAB,156.22,1.5
TRX_001798,CLI_0348,2026-02-11,Prélèvement,579.57,0.0
TRX_001799,CLI_0348,2025-12-04,Virement reçu,4893.82,0.0
TRX_001800,CLI_0348,2026-01-12,Retrait DAB,236.49,1.5
TRX_001801,CLI_0348,2025-12-23,Prélèvement,150.95,0.0
TRX_001802,CLI_0349,2025-11-20,Paiement carte,93.56,0.19
TRX_001803,CLI_0349,2026-02-16,Prélèvement,474.98,0.0
TRX_001804,CLI_0350,2025-10-13,Dépôt,118.56,0.0
TRX_001805,CLI_0350,2025-10-23,Virement,1683.41,1.0
TRX_001806,CLI_0351,2020-08-14,Virement reçu,1522.77,0.0
TRX_001807,CLI_0351,2024-03-24,Chèque,173.81,0.3
TRX_001808,CLI_0352,2025-04-16,Chèque,502.57,0.3
TRX_001809,CLI_0352,2025-09-17,Paiement carte,483.1,0.97
TRX_001810,CLI_0352,2025-11-22,Retrait DAB,125.66,1.5
TRX_001811,CLI_0352,2025-11-30,Paiement carte,136.53,0.27
TRX_001812,CLI_0353,2025-06-17,Virement reçu,2537.83,0.0
TRX_001813,CLI_0353,2026-01-10,Prélèvement,312.15,0.0
TRX_001814,CLI_0353,2026-02-05,Dépôt,1475.47,0.0
TRX_001815,CLI_0353,2025-11-28,Virement reçu,475.45,0.0
TRX_001816,CLI_0353,2026-02-28,Dépôt,1344.86,0.0
TRX_001817,CLI_0353,2025-11-17,Dépôt,513.24,0.0
TRX_001818,CLI_0353,2026-01-07,Retrait DAB,157.0,1.5
TRX_001819,CLI_0353,2025-10-03,Paiement carte,150.18,0.3
TRX_001820,CLI_0353,2026-01-10,Prélèvement,736.63,0.0
TRX_001821,CLI_0353,2025-05-24,Paiement carte,473.2,0.95
TRX_001822,CLI_0354,2023-12-10,Retrait DAB,183.36,1.5
TRX_001823,CLI_0354,2025-02-09,Retrait DAB,149.53,1.5
TRX_001824,CLI_0354,2022-03-26,Retrait DAB,249.12,1.5
TRX_001825,CLI_0355,2024-05-13,Virement,4384.55,1.0
TRX_001826,CLI_0355,2025-10-20,Chèque,417.28,0.3
TRX_001827,CLI_0356,2024-07-26,Retrait DAB,140.09,1.5
TRX_001828,CLI_0356,2024-12-27,Paiement carte,102.6,0.21
TRX_001829,CLI_0357,2025-11-03,Virement,1410.88,1.0
TRX_001830,CLI_0357,2025-08-07,Chèque,567.29,0.3
TRX_001831,CLI_0357,2025-07-08,Retrait DAB,85.62,1.5
TRX_001832,CLI_0357,2022-11-22,Chèque,211.21,0.3
TRX_001833,CLI_0357,2025-04-03,Chèque,211.32,0.3
TRX_001834,CLI_0357,2024-06-25,Dépôt,1187.39,0.0
TRX_001835,CLI_0357,2024-02-20,Chèque,761.28,0.3
TRX_001836,CLI_0357,2022-11-18,Dépôt,676.99,0.0
TRX_001837,CLI_0357,2024-12-08,Prélèvement,82.92,0.0
TRX_001838,CLI_0357,2025-02-24,Dépôt,298.09,0.0
TRX_001839,CLI_0357,2025-04-17,Paiement carte,458.2,0.92
TRX_001840,CLI_0358,2022-12-25,Prélèvement,675.96,0.0
TRX_001841,CLI_0359,2026-01-03,Virement reçu,1398.73,0.0
TRX_001842,CLI_0359,2025-10-24,Paiement carte,339.31,0.68
TRX_001843,CLI_0359,2025-01-23,Prélèvement,99.42,0.0
TRX_001844,CLI_0359,2024-09-27,Virement,656.87,0.5
TRX_001845,CLI_0359,2025-03-09,Virement reçu,119.2,0.0
TRX_001846,CLI_0359,2024-09-03,Dépôt,1998.95,0.0
TRX_001847,CLI_0359,2026-02-22,Chèque,822.05,0.3
TRX_001848,CLI_0359,2025-09-20,Chèque,808.05,0.3
TRX_001849,CLI_0359,2025-12-12,Virement reçu,2597.66,0.0
TRX_001850,CLI_0360,2022-04-12,Retrait DAB,52.24,1.5
TRX_001851,CLI_0360,2024-05-23,Virement reçu,2981.82,0.0
TRX_001852,CLI_0360,2023-09-27,Chèque,700.27,0.3
TRX_001853,CLI_0360,2022-04-06,Paiement carte,108.35,0.22
TRX_001854,CLI_0360,2021-10-23,Chèque,892.14,0.3
TRX_001855,CLI_0360,2021-02-20,Prélèvement,235.25,0.0
TRX_001856,CLI_0360,2021-07-09,Retrait DAB,107.77,1.5
TRX_001857,CLI_0360,2021-05-17,Virement reçu,3140.73,0.0
TRX_001858,CLI_0361,2025-02-21,Dépôt,850.47,0.0
TRX_001859,CLI_0361,2025-02-18,Retrait DAB,281.29,1.5
TRX_001860,CLI_0361,2025-10-30,Dépôt,1292.93,0.0
TRX_001861,CLI_0361,2025-03-30,Prélèvement,811.73,0.0
TRX_001862,CLI_0361,2024-10-06,Virement,2385.24,1.0
TRX_001863,CLI_0362,2023-07-22,Virement,631.16,0.5
TRX_001864,CLI_0362,2025-09-13,Virement,4392.07,1.0
TRX_001865,CLI_0363,2022-03-15,Virement,3807.04,1.0
TRX_001866,CLI_0363,2022-09-28,Retrait DAB,46.67,1.5
TRX_001867,CLI_0363,2021-11-11,Virement reçu,234.61,0.0
TRX_001868,CLI_0363,2023-08-14,Virement reçu,2077.77,0.0
TRX_001869,CLI_0363,2021-03-16,Prélèvement,993.9,0.0
TRX_001870,CLI_0363,2021-08-31,Prélèvement,216.14,0.0
TRX_001871,CLI_0364,2023-10-08,Paiement carte,34.66,0.07
TRX_001872,CLI_0364,2024-05-02,Retrait DAB,37.61,1.5
TRX_001873,CLI_0364,2024-11-26,Retrait DAB,72.46,1.5
TRX_001874,CLI_0364,2025-12-05,Chèque,129.22,0.3
TRX_001875,CLI_0365,2024-04-15,Retrait DAB,228.78,1.5
TRX_001876,CLI_0365,2024-02-04,Virement reçu,4978.53,0.0
TRX_001877,CLI_0365,2025-12-06,Virement,3361.69,1.0
TRX_001878,CLI_0365,2023-05-07,Virement,2518.05,1.0
TRX_001879,CLI_0365,2025-09-14,Prélèvement,927.02,0.0
TRX_001880,CLI_0365,2021-10-22,Retrait DAB,24.44,1.5
TRX_001881,CLI_0366,2024-11-23,Virement,1924.3,1.0
TRX_001882,CLI_0366,2025-10-07,Prélèvement,291.93,0.0
TRX_001883,CLI_0366,2022-08-26,Chèque,540.06,0.3
TRX_001884,CLI_0366,2023-04-20,Chèque,466.67,0.3
TRX_001885,CLI_0366,2024-10-09,Chèque,987.91,0.3
TRX_001886,CLI_0366,2020-08-20,Virement,374.04,0.5
TRX_001887,CLI_0366,2023-04-15,Paiement carte,79.67,0.16
TRX_001888,CLI_0366,2025-06-18,Prélèvement,100.18,0.0
TRX_001889,CLI_0367,2026-01-07,Virement,1468.76,1.0
TRX_001890,CLI_0367,2024-07-04,Paiement carte,191.0,0.38
TRX_001891,CLI_0367,2026-01-04,Chèque,243.59,0.3
TRX_001892,CLI_0367,2024-03-19,Dépôt,1776.84,0.0
TRX_001893,CLI_0368,2025-08-29,Prélèvement,888.29,0.0
TRX_001894,CLI_0368,2025-02-13,Paiement carte,290.12,0.58
TRX_001895,CLI_0368,2025-09-14,Retrait DAB,112.86,1.5
TRX_001896,CLI_0369,2023-10-10,Prélèvement,532.36,0.0
TRX_001897,CLI_0369,2025-06-28,Virement reçu,2545.63,0.0
TRX_001898,CLI_0369,2022-03-14,Virement reçu,639.7,0.0
TRX_001899,CLI_0369,2025-01-16,Dépôt,809.56,0.0
TRX_001900,CLI_0369,2022-08-25,Retrait DAB,87.5,1.5
TRX_001901,CLI_0369,2024-08-29,Virement reçu,176.91,0.0
TRX_001902,CLI_0369,2023-08-21,Prélèvement,392.09,0.0
TRX_001903,CLI_0369,2023-12-26,Virement,540.13,0.5
TRX_001904,CLI_0370,2026-02-22,Prélèvement,137.89,0.0
TRX_001905,CLI_0370,2025-05-14,Prélèvement,145.89,0.0
TRX_001906,CLI_0370,2026-02-05,Paiement carte,107.52,0.22
TRX_001907,CLI_0371,2025-10-27,Virement,3229.5,1.0
TRX_001908,CLI_0371,2025-08-07,Chèque,227.12,0.3
TRX_001909,CLI_0371,2025-10-02,Dépôt,1845.22,0.0
TRX_001910,CLI_0372,2022-09-18,Paiement carte,477.98,0.96
TRX_001911,CLI_0372,2023-05-28,Virement,3093.54,1.0
TRX_001912,CLI_0372,2022-04-12,Dépôt,52.47,0.0
TRX_001913,CLI_0372,2025-11-30,Paiement carte,448.06,0.9
TRX_001914,CLI_0372,2025-11-25,Dépôt,1067.34,0.0
TRX_001915,CLI_0372,2022-11-29,Retrait DAB,93.55,1.5
TRX_001916,CLI_0372,2022-07-18,Prélèvement,778.92,0.0
TRX_001917,CLI_0372,2022-12-04,Paiement carte,464.07,0.93
TRX_001918,CLI_0372,2022-07-22,Virement reçu,2470.09,0.0
TRX_001919,CLI_0372,2025-07-05,Retrait DAB,108.35,1.5
TRX_001920,CLI_0373,2025-10-08,Virement reçu,351.0,0.0
TRX_001921,CLI_0373,2021-11-05,Virement,2532.93,1.0
TRX_001922,CLI_0373,2023-07-04,Virement reçu,704.26,0.0
TRX_001923,CLI_0373,2022-05-17,Virement reçu,2064.75,0.0
TRX_001924,CLI_0374,2023-09-18,Chèque,795.56,0.3
TRX_001925,CLI_0374,2021-04-22,Prélèvement,813.01,0.0
TRX_001926,CLI_0374,2023-06-11,Prélèvement,195.74,0.0
TRX_001927,CLI_0374,2022-06-25,Dépôt,764.77,0.0
TRX_001928,CLI_0374,2025-02-15,Virement reçu,1929.43,0.0
TRX_001929,CLI_0375,2025-08-13,Chèque,802.52,0.3
TRX_001930,CLI_0375,2025-09-29,Virement reçu,1871.88,0.0
TRX_001931,CLI_0375,2025-05-26,Virement,2091.45,1.0
TRX_001932,CLI_0375,2026-02-04,Paiement carte,406.59,0.81
TRX_001933,CLI_0375,2025-08-19,Virement reçu,1958.49,0.0
TRX_001934,CLI_0375,2025-04-26,Retrait DAB,33.22,1.5
TRX_001935,CLI_0375,2025-03-09,Paiement carte,96.46,0.19
TRX_001936,CLI_0375,2026-02-13,Paiement carte,478.39,0.96
TRX_001937,CLI_0375,2025-11-30,Retrait DAB,39.71,1.5
TRX_001938,CLI_0375,2025-11-21,Virement reçu,1839.16,0.0
TRX_001939,CLI_0376,2025-11-28,Prélèvement,599.64,0.0
TRX_001940,CLI_0376,2022-07-04,Dépôt,1827.12,0.0
TRX_001941,CLI_0376,2024-04-24,Retrait DAB,175.15,1.5
TRX_001942,CLI_0376,2025-08-31,Retrait DAB,68.86,1.5
TRX_001943,CLI_0376,2022-03-18,Virement,1955.65,1.0
TRX_001944,CLI_0376,2022-02-24,Paiement carte,423.14,0.85
TRX_001945,CLI_0376,2023-09-24,Chèque,679.79,0.3
TRX_001946,CLI_0376,2023-05-14,Dépôt,1318.91,0.0
TRX_001947,CLI_0376,2024-07-12,Paiement carte,434.74,0.87
TRX_001948,CLI_0376,2020-06-02,Chèque,904.58,0.3
TRX_001949,CLI_0377,2026-02-15,Paiement carte,56.48,0.11
TRX_001950,CLI_0377,2024-04-29,Virement,2766.22,1.0
TRX_001951,CLI_0377,2025-04-30,Chèque,766.46,0.3
TRX_001952,CLI_0377,2024-08-17,Retrait DAB,231.94,1.5
TRX_001953,CLI_0377,2023-08-23,Virement reçu,3072.91,0.0
TRX_001954,CLI_0377,2025-06-17,Prélèvement,208.45,0.0
TRX_001955,CLI_0377,2026-01-28,Chèque,817.68,0.3
TRX_001956,CLI_0377,2024-02-25,Dépôt,1454.22,0.0
TRX_001957,CLI_0378,2023-11-05,Retrait DAB,149.87,1.5
TRX_001958,CLI_0378,2024-07-22,Virement reçu,952.49,0.0
TRX_001959,CLI_0378,2024-01-24,Virement,1753.64,1.0
TRX_001960,CLI_0378,2022-10-19,Dépôt,85.26,0.0
TRX_001961,CLI_0378,2025-12-14,Virement,2061.62,1.0
TRX_001962,CLI_0378,2022-07-03,Chèque,594.89,0.3
TRX_001963,CLI_0378,2022-12-26,Prélèvement,638.6,0.0
TRX_001964,CLI_0378,2022-06-08,Prélèvement,680.32,0.0
TRX_001965,CLI_0378,2022-11-10,Paiement carte,419.78,0.84
TRX_001966,CLI_0378,2023-05-02,Virement,1155.77,1.0
TRX_001967,CLI_0379,2020-11-05,Dépôt,972.33,0.0
TRX_001968,CLI_0379,2024-11-05,Virement reçu,2646.46,0.0
TRX_001969,CLI_0380,2024-12-25,Dépôt,1950.78,0.0
TRX_001970,CLI_0380,2025-09-25,Virement reçu,4228.44,0.0
TRX_001971,CLI_0380,2025-07-18,Retrait DAB,160.25,1.5
TRX_001972,CLI_0380,2022-07-06,Retrait DAB,294.8,1.5
TRX_001973,CLI_0380,2023-06-23,Dépôt,239.88,0.0
TRX_001974,CLI_0380,2022-08-20,Virement,1585.02,1.0
TRX_001975,CLI_0381,2022-10-22,Virement reçu,4649.03,0.0
TRX_001976,CLI_0381,2025-12-23,Chèque,159.06,0.3
TRX_001977,CLI_0381,2021-05-13,Paiement carte,279.21,0.56
TRX_001978,CLI_0382,2025-10-13,Virement reçu,4811.9,0.0
TRX_001979,CLI_0382,2023-09-16,Retrait DAB,237.02,1.5
TRX_001980,CLI_0383,2025-01-15,Virement reçu,3073.29,0.0
TRX_001981,CLI_0383,2026-02-08,Paiement carte,426.24,0.85
TRX_001982,CLI_0383,2025-10-12,Retrait DAB,171.54,1.5
TRX_001983,CLI_0383,2025-09-14,Virement reçu,4038.91,0.0
TRX_001984,CLI_0384,2025-10-26,Chèque,156.2,0.3
TRX_001985,CLI_0384,2025-12-19,Dépôt,798.7,0.0
TRX_001986,CLI_0384,2025-10-22,Virement reçu,2277.76,0.0
TRX_001987,CLI_0385,2024-08-30,Chèque,192.25,0.3
TRX_001988,CLI_0385,2025-04-26,Virement,2723.78,1.0
TRX_001989,CLI_0385,2025-01-26,Dépôt,216.03,0.0
TRX_001990,CLI_0385,2024-09-26,Virement,1584.43,1.0
TRX_001991,CLI_0385,2025-02-10,Dépôt,1501.96,0.0
TRX_001992,CLI_0386,2025-11-06,Prélèvement,954.12,0.0
TRX_001993,CLI_0386,2025-07-30,Dépôt,673.46,0.0
TRX_001994,CLI_0386,2025-08-28,Dépôt,1742.79,0.0
TRX_001995,CLI_0387,2023-11-04,Dépôt,622.9,0.0
TRX_001996,CLI_0388,2025-01-23,Virement reçu,3540.57,0.0
TRX_001997,CLI_0388,2021-08-04,Chèque,434.55,0.3
TRX_001998,CLI_0388,2024-06-03,Virement reçu,186.8,0.0
TRX_001999,CLI_0388,2025-07-20,Virement reçu,3545.68,0.0
TRX_002000,CLI_0388,2025-03-13,Virement,206.33,0.5
TRX_002001,CLI_0388,2022-04-12,Chèque,668.07,0.3
TRX_002002,CLI_0388,2022-06-06,Dépôt,369.05,0.0
TRX_002003,CLI_0388,2024-11-28,Dépôt,1152.93,0.0
TRX_002004,CLI_0389,2024-01-13,Virement reçu,1943.33,0.0
TRX_002005,CLI_0389,2023-01-10,Dépôt,766.31,0.0
TRX_002006,CLI_0389,2025-07-03,Paiement carte,267.71,0.54
TRX_002007,CLI_0389,2024-02-12,Retrait DAB,246.46,1.5
TRX_002008,CLI_0389,2025-03-23,Retrait DAB,121.3,1.5
TRX_002009,CLI_0390,2025-04-16,Paiement carte,366.93,0.73
TRX_002010,CLI_0390,2025-08-14,Chèque,384.81,0.3
TRX_002011,CLI_0390,2025-01-07,Dépôt,717.26,0.0
TRX_002012,CLI_0390,2024-07-21,Dépôt,429.2,0.0
TRX_002013,CLI_0390,2024-05-28,Paiement carte,285.35,0.57
TRX_002014,CLI_0391,2026-02-24,Dépôt,1313.05,0.0
TRX_002015,CLI_0391,2026-02-02,Retrait DAB,28.2,1.5
TRX_002016,CLI_0392,2024-07-27,Paiement carte,356.8,0.71
TRX_002017,CLI_0392,2025-07-20,Paiement carte,186.4,0.37
TRX_002018,CLI_0392,2020-07-14,Virement reçu,475.94,0.0
TRX_002019,CLI_0392,2020-12-02,Retrait DAB,139.36,1.5
TRX_002020,CLI_0392,2020-09-18,Dépôt,912.55,0.0
TRX_002021,CLI_0392,2022-01-18,Retrait DAB,207.23,1.5
TRX_002022,CLI_0392,2020-08-09,Retrait DAB,108.32,1.5
TRX_002023,CLI_0392,2023-01-08,Prélèvement,698.47,0.0
TRX_002024,CLI_0392,2024-01-24,Virement,4370.29,1.0
TRX_002025,CLI_0393,2025-11-19,Chèque,133.81,0.3
TRX_002026,CLI_0393,2025-08-27,Chèque,745.46,0.3
TRX_002027,CLI_0394,2024-08-11,Dépôt,571.15,0.0
TRX_002028,CLI_0394,2025-12-06,Dépôt,871.95,0.0
TRX_002029,CLI_0394,2023-12-06,Virement,562.55,0.5
TRX_002030,CLI_0394,2023-04-11,Paiement carte,71.6,0.14
TRX_002031,CLI_0394,2025-01-21,Prélèvement,443.71,0.0
TRX_002032,CLI_0394,2023-11-03,Retrait DAB,233.48,1.5
TRX_002033,CLI_0394,2025-02-13,Dépôt,1805.61,0.0
TRX_002034,CLI_0395,2022-10-17,Prélèvement,149.96,0.0
TRX_002035,CLI_0395,2022-10-30,Chèque,704.82,0.3
TRX_002036,CLI_0395,2023-01-29,Virement,3213.6,1.0
TRX_002037,CLI_0395,2024-08-04,Paiement carte,404.82,0.81
TRX_002038,CLI_0395,2024-08-01,Prélèvement,833.99,0.0
TRX_002039,CLI_0395,2025-07-05,Virement,4354.2,1.0
TRX_002040,CLI_0395,2025-06-13,Retrait DAB,135.96,1.5
TRX_002041,CLI_0395,2025-11-02,Paiement carte,351.95,0.7
TRX_002042,CLI_0395,2022-05-13,Paiement carte,141.44,0.28
TRX_002043,CLI_0396,2026-01-22,Virement reçu,2639.21,0.0
TRX_002044,CLI_0396,2025-09-28,Chèque,133.78,0.3
TRX_002045,CLI_0396,2024-05-23,Dépôt,1160.0,0.0
TRX_002046,CLI_0396,2025-12-04,Retrait DAB,277.82,1.5
TRX_002047,CLI_0396,2024-03-25,Virement reçu,4845.25,0.0
TRX_002048,CLI_0396,2025-09-28,Paiement carte,274.87,0.55
TRX_002049,CLI_0396,2024-05-06,Chèque,512.38,0.3
TRX_002050,CLI_0396,2024-04-13,Chèque,950.52,0.3
TRX_002051,CLI_0397,2025-05-14,Retrait DAB,78.54,1.5
TRX_002052,CLI_0397,2026-02-17,Chèque,863.63,0.3
TRX_002053,CLI_0397,2025-07-04,Paiement carte,453.95,0.91
TRX_002054,CLI_0397,2026-02-11,Virement,2753.82,1.0
TRX_002055,CLI_0397,2026-02-12,Chèque,666.48,0.3
TRX_002056,CLI_0397,2025-03-20,Virement reçu,1358.88,0.0
TRX_002057,CLI_0397,2025-10-24,Chèque,820.72,0.3
TRX_002058,CLI_0397,2025-09-28,Virement,3197.4,1.0
TRX_002059,CLI_0398,2025-07-22,Virement,2568.23,1.0
TRX_002060,CLI_0398,2025-05-04,Dépôt,1668.9,0.0
TRX_002061,CLI_0398,2024-08-07,Retrait DAB,205.92,1.5
TRX_002062,CLI_0398,2025-12-30,Dépôt,709.82,0.0
TRX_002063,CLI_0398,2024-11-26,Retrait DAB,281.95,1.5
TRX_002064,CLI_0398,2025-11-22,Virement reçu,4569.82,0.0
TRX_002065,CLI_0398,2025-02-07,Prélèvement,248.88,0.0
TRX_002066,CLI_0398,2024-08-16,Virement reçu,293.15,0.0
TRX_002067,CLI_0398,2025-08-02,Paiement carte,373.24,0.75
TRX_002068,CLI_0399,2025-12-26,Dépôt,1937.34,0.0
TRX_002069,CLI_0399,2025-09-26,Dépôt,1785.18,0.0
TRX_002070,CLI_0399,2025-01-21,Prélèvement,620.51,0.0
TRX_002071,CLI_0399,2025-07-15,Retrait DAB,168.41,1.5
TRX_002072,CLI_0399,2026-01-12,Paiement carte,23.64,0.05
TRX_002073,CLI_0399,2025-02-19,Prélèvement,284.32,0.0
TRX_002074,CLI_0400,2025-04-11,Virement,3691.1,1.0
TRX_002075,CLI_0400,2025-09-01,Dépôt,1041.29,0.0
TRX_002076,CLI_0400,2024-06-21,Dépôt,1984.07,0.0
TRX_002077,CLI_0400,2025-06-14,Retrait DAB,94.51,1.5
TRX_002078,CLI_0400,2024-07-28,Paiement carte,418.26,0.84
TRX_002079,CLI_0400,2025-09-27,Paiement carte,219.13,0.44
TRX_002080,CLI_0400,2024-09-12,Chèque,683.86,0.3
TRX_002081,CLI_0400,2024-09-17,Paiement carte,366.36,0.73
TRX_002082,CLI_0401,2025-05-14,Prélèvement,708.73,0.0
TRX_002083,CLI_0402,2024-10-30,Paiement carte,227.05,0.45
TRX_002084,CLI_0402,2025-10-01,Dépôt,1144.8,0.0
TRX_002085,CLI_0403,2025-09-13,Dépôt,909.18,0.0
TRX_002086,CLI_0403,2025-12-29,Virement reçu,4299.06,0.0
TRX_002087,CLI_0403,2025-12-06,Prélèvement,700.0,0.0
TRX_002088,CLI_0403,2025-09-25,Virement,4423.96,1.0
TRX_002089,CLI_0403,2025-10-01,Chèque,283.16,0.3
TRX_002090,CLI_0403,2025-11-12,Retrait DAB,264.54,1.5
TRX_002091,CLI_0403,2026-01-16,Dépôt,166.54,0.0
TRX_002092,CLI_0403,2025-08-16,Virement,4454.14,1.0
TRX_002093,CLI_0403,2026-01-12,Paiement carte,171.25,0.34
TRX_002094,CLI_0404,2025-11-15,Retrait DAB,135.85,1.5
TRX_002095,CLI_0404,2025-10-27,Prélèvement,334.29,0.0
TRX_002096,CLI_0404,2025-10-20,Retrait DAB,229.47,1.5
TRX_002097,CLI_0404,2025-12-29,Virement reçu,1120.56,0.0
TRX_002098,CLI_0404,2025-08-05,Chèque,284.7,0.3
TRX_002099,CLI_0404,2025-10-16,Prélèvement,230.04,0.0
TRX_002100,CLI_0404,2025-10-27,Dépôt,294.95,0.0
TRX_002101,CLI_0405,2025-05-10,Dépôt,878.35,0.0
TRX_002102,CLI_0405,2024-07-11,Paiement carte,198.92,0.4
TRX_002103,CLI_0405,2024-03-29,Chèque,923.87,0.3
TRX_002104,CLI_0405,2024-10-09,Prélèvement,773.84,0.0
TRX_002105,CLI_0405,2026-01-14,Retrait DAB,161.43,1.5
TRX_002106,CLI_0405,2024-07-21,Chèque,989.53,0.3
TRX_002107,CLI_0405,2026-02-27,Chèque,518.75,0.3
TRX_002108,CLI_0405,2024-05-10,Virement,385.37,0.5
TRX_002109,CLI_0406,2026-01-29,Virement,2975.07,1.0
TRX_002110,CLI_0406,2025-11-27,Dépôt,250.66,0.0
TRX_002111,CLI_0406,2026-02-22,Prélèvement,743.62,0.0
TRX_002112,CLI_0406,2026-02-15,Chèque,448.52,0.3
TRX_002113,CLI_0406,2026-02-08,Retrait DAB,239.63,1.5
TRX_002114,CLI_0406,2025-10-28,Retrait DAB,158.01,1.5
TRX_002115,CLI_0406,2026-01-23,Chèque,262.79,0.3
TRX_002116,CLI_0407,2023-08-12,Retrait DAB,266.86,1.5
TRX_002117,CLI_0407,2025-07-06,Paiement carte,262.44,0.52
TRX_002118,CLI_0407,2023-02-12,Retrait DAB,236.9,1.5
TRX_002119,CLI_0407,2024-02-29,Virement reçu,2854.51,0.0
TRX_002120,CLI_0407,2026-01-02,Prélèvement,575.07,0.0
TRX_002121,CLI_0407,2024-02-18,Dépôt,273.75,0.0
TRX_002122,CLI_0407,2025-12-03,Chèque,213.52,0.3
TRX_002123,CLI_0407,2024-06-09,Dépôt,1082.59,0.0
TRX_002124,CLI_0407,2025-09-12,Dépôt,574.28,0.0
TRX_002125,CLI_0407,2023-10-13,Virement reçu,203.08,0.0
TRX_002126,CLI_0407,2023-02-03,Paiement carte,364.19,0.73
TRX_002127,CLI_0408,2024-03-11,Virement reçu,1071.21,0.0
TRX_002128,CLI_0408,2023-11-17,Virement,805.62,0.5
TRX_002129,CLI_0408,2022-05-11,Prélèvement,999.49,0.0
TRX_002130,CLI_0408,2021-04-06,Retrait DAB,194.27,1.5
TRX_002131,CLI_0409,2025-04-27,Chèque,157.24,0.3
TRX_002132,CLI_0409,2025-07-08,Virement,2803.27,1.0
TRX_002133,CLI_0410,2023-06-29,Virement reçu,343.01,0.0
TRX_002134,CLI_0410,2020-12-06,Virement,563.94,0.5
TRX_002135,CLI_0411,2025-05-15,Virement reçu,3634.0,0.0
TRX_002136,CLI_0412,2023-07-18,Virement reçu,3457.49,0.0
TRX_002137,CLI_0412,2025-09-21,Retrait DAB,294.93,1.5
TRX_002138,CLI_0412,2022-08-17,Virement,3486.42,1.0
TRX_002139,CLI_0412,2023-08-31,Chèque,894.87,0.3
TRX_002140,CLI_0412,2025-08-30,Paiement carte,474.62,0.95
TRX_002141,CLI_0412,2023-04-27,Paiement carte,248.51,0.5
TRX_002142,CLI_0412,2024-11-15,Virement reçu,3541.39,0.0
TRX_002143,CLI_0413,2023-11-07,Retrait DAB,170.67,1.5
TRX_002144,CLI_0413,2026-01-04,Chèque,163.5,0.3
TRX_002145,CLI_0413,2023-10-15,Prélèvement,937.33,0.0
TRX_002146,CLI_0413,2024-05-29,Dépôt,1544.38,0.0
TRX_002147,CLI_0413,2025-11-10,Dépôt,1333.0,0.0
TRX_002148,CLI_0414,2025-08-06,Virement,2300.51,1.0
TRX_002149,CLI_0414,2023-09-17,Prélèvement,806.63,0.0
TRX_002150,CLI_0414,2025-01-31,Retrait DAB,173.18,1.5
TRX_002151,CLI_0414,2024-07-14,Paiement carte,328.48,0.66
TRX_002152,CLI_0414,2024-09-13,Virement reçu,3793.46,0.0
TRX_002153,CLI_0414,2024-01-15,Virement,3147.85,1.0
TRX_002154,CLI_0414,2024-07-28,Virement reçu,2746.39,0.0
TRX_002155,CLI_0414,2024-08-02,Retrait DAB,229.89,1.5
TRX_002156,CLI_0414,2025-05-09,Retrait DAB,223.72,1.5
TRX_002157,CLI_0414,2024-04-05,Dépôt,1278.25,0.0
TRX_002158,CLI_0414,2024-05-16,Chèque,423.81,0.3
TRX_002159,CLI_0415,2021-06-30,Virement reçu,4855.15,0.0
TRX_002160,CLI_0415,2022-08-05,Paiement carte,65.07,0.13
TRX_002161,CLI_0415,2026-02-21,Chèque,341.65,0.3
TRX_002162,CLI_0415,2021-04-25,Dépôt,1010.18,0.0
TRX_002163,CLI_0416,2022-06-19,Prélèvement,205.49,0.0
TRX_002164,CLI_0416,2021-09-29,Retrait DAB,97.55,1.5
TRX_002165,CLI_0416,2025-12-04,Paiement carte,42.24,0.08
TRX_002166,CLI_0416,2024-07-30,Prélèvement,720.69,0.0
TRX_002167,CLI_0416,2021-05-21,Virement reçu,1267.23,0.0
TRX_002168,CLI_0416,2023-01-14,Dépôt,807.92,0.0
TRX_002169,CLI_0416,2024-09-11,Dépôt,915.22,0.0
TRX_002170,CLI_0416,2025-10-15,Virement reçu,4467.44,0.0
TRX_002171,CLI_0417,2025-08-07,Prélèvement,74.55,0.0
TRX_002172,CLI_0417,2024-11-05,Prélèvement,260.69,0.0
TRX_002173,CLI_0417,2025-04-13,Prélèvement,791.45,0.0
TRX_002174,CLI_0417,2024-11-14,Retrait DAB,76.33,1.5
TRX_002175,CLI_0417,2025-05-16,Retrait DAB,42.42,1.5
TRX_002176,CLI_0417,2024-12-07,Dépôt,975.18,0.0
TRX_002177,CLI_0417,2024-01-17,Prélèvement,59.47,0.0
TRX_002178,CLI_0417,2025-07-04,Prélèvement,130.53,0.0
TRX_002179,CLI_0418,2024-06-12,Chèque,794.33,0.3
TRX_002180,CLI_0418,2024-02-01,Retrait DAB,276.24,1.5
TRX_002181,CLI_0418,2024-01-26,Paiement carte,428.71,0.86
TRX_002182,CLI_0418,2024-02-16,Virement reçu,3447.56,0.0
TRX_002183,CLI_0418,2024-03-13,Retrait DAB,34.65,1.5
TRX_002184,CLI_0419,2023-08-17,Dépôt,1698.75,0.0
TRX_002185,CLI_0420,2025-09-29,Virement reçu,2591.55,0.0
TRX_002186,CLI_0420,2025-03-01,Prélèvement,271.26,0.0
TRX_002187,CLI_0420,2025-06-11,Chèque,860.8,0.3
TRX_002188,CLI_0421,2026-01-04,Prélèvement,248.95,0.0
TRX_002189,CLI_0421,2025-10-18,Virement,2731.71,1.0
TRX_002190,CLI_0421,2025-11-06,Retrait DAB,226.42,1.5
TRX_002191,CLI_0422,2024-03-09,Paiement carte,113.78,0.23
TRX_002192,CLI_0422,2023-07-27,Paiement carte,398.34,0.8
TRX_002193,CLI_0422,2026-01-18,Chèque,268.22,0.3
TRX_002194,CLI_0422,2025-06-09,Virement reçu,426.63,0.0
TRX_002195,CLI_0422,2023-05-27,Prélèvement,998.63,0.0
TRX_002196,CLI_0423,2026-01-25,Prélèvement,126.02,0.0
TRX_002197,CLI_0423,2025-02-15,Prélèvement,391.49,0.0
TRX_002198,CLI_0423,2025-03-27,Virement,4306.01,1.0
TRX_002199,CLI_0423,2026-01-17,Dépôt,503.58,0.0
TRX_002200,CLI_0424,2025-09-01,Retrait DAB,279.33,1.5
TRX_002201,CLI_0424,2025-08-21,Dépôt,67.74,0.0
TRX_002202,CLI_0424,2025-08-28,Prélèvement,121.64,0.0
TRX_002203,CLI_0425,2025-11-06,Prélèvement,685.85,0.0
TRX_002204,CLI_0425,2025-05-03,Virement reçu,4452.53,0.0
TRX_002205,CLI_0425,2025-01-18,Retrait DAB,148.78,1.5
TRX_002206,CLI_0426,2021-05-13,Virement reçu,3154.72,0.0
TRX_002207,CLI_0426,2025-10-26,Prélèvement,972.03,0.0
TRX_002208,CLI_0426,2026-02-08,Chèque,603.06,0.3
TRX_002209,CLI_0426,2025-09-24,Virement reçu,1748.33,0.0
TRX_002210,CLI_0427,2025-10-10,Retrait DAB,294.19,1.5
TRX_002211,CLI_0427,2024-06-20,Chèque,726.73,0.3
TRX_002212,CLI_0427,2025-01-14,Paiement carte,339.27,0.68
TRX_002213,CLI_0427,2025-04-13,Prélèvement,278.65,0.0
TRX_002214,CLI_0427,2024-05-30,Prélèvement,756.42,0.0
TRX_002215,CLI_0427,2024-08-02,Virement,3776.33,1.0
TRX_002216,CLI_0427,2025-02-05,Chèque,385.56,0.3
TRX_002217,CLI_0427,2023-12-30,Retrait DAB,155.44,1.5
TRX_002218,CLI_0428,2025-06-15,Prélèvement,58.07,0.0
TRX_002219,CLI_0428,2025-12-01,Virement reçu,3828.93,0.0
TRX_002220,CLI_0429,2024-03-19,Chèque,147.64,0.3
TRX_002221,CLI_0429,2024-03-22,Virement,3799.17,1.0
TRX_002222,CLI_0430,2021-08-19,Paiement carte,441.89,0.88
TRX_002223,CLI_0430,2025-07-02,Dépôt,1207.61,0.0
TRX_002224,CLI_0430,2023-05-22,Virement reçu,3078.53,0.0
TRX_002225,CLI_0430,2022-06-18,Chèque,463.03,0.3
TRX_002226,CLI_0430,2023-03-17,Prélèvement,692.65,0.0
TRX_002227,CLI_0430,2023-01-14,Paiement carte,103.07,0.21
TRX_002228,CLI_0431,2025-03-11,Virement,671.78,0.5
TRX_002229,CLI_0431,2024-04-01,Virement reçu,3314.41,0.0
TRX_002230,CLI_0431,2025-06-18,Paiement carte,177.16,0.35
TRX_002231,CLI_0431,2024-11-16,Retrait DAB,229.3,1.5
TRX_002232,CLI_0432,2025-08-28,Dépôt,61.44,0.0
TRX_002233,CLI_0432,2026-02-26,Dépôt,203.09,0.0
TRX_002234,CLI_0432,2026-01-21,Dépôt,1768.45,0.0
TRX_002235,CLI_0432,2024-08-29,Dépôt,201.86,0.0
TRX_002236,CLI_0432,2024-11-09,Paiement carte,356.33,0.71
TRX_002237,CLI_0432,2025-10-31,Chèque,928.03,0.3
TRX_002238,CLI_0432,2024-09-02,Prélèvement,307.15,0.0
TRX_002239,CLI_0432,2026-01-03,Dépôt,772.46,0.0
TRX_002240,CLI_0433,2025-03-08,Virement reçu,2564.91,0.0
TRX_002241,CLI_0433,2024-03-08,Dépôt,1341.12,0.0
TRX_002242,CLI_0433,2025-02-27,Dépôt,1829.57,0.0
TRX_002243,CLI_0433,2025-11-03,Virement,4381.59,1.0
TRX_002244,CLI_0433,2024-08-09,Retrait DAB,160.51,1.5
TRX_002245,CLI_0433,2025-04-22,Paiement carte,224.45,0.45
TRX_002246,CLI_0433,2024-12-04,Chèque,405.72,0.3
TRX_002247,CLI_0433,2024-11-15,Paiement carte,362.32,0.72
TRX_002248,CLI_0433,2024-07-16,Paiement carte,150.62,0.3
TRX_002249,CLI_0434,2025-12-16,Dépôt,935.22,0.0
TRX_002250,CLI_0434,2025-10-15,Virement reçu,1578.14,0.0
TRX_002251,CLI_0434,2026-02-11,Prélèvement,414.82,0.0
TRX_002252,CLI_0434,2026-01-28,Chèque,868.96,0.3
TRX_002253,CLI_0434,2026-01-25,Virement,3770.1,1.0
TRX_002254,CLI_0434,2026-02-07,Virement,1434.35,1.0
TRX_002255,CLI_0434,2025-11-17,Chèque,205.75,0.3
TRX_002256,CLI_0434,2026-02-28,Virement reçu,1334.79,0.0
TRX_002257,CLI_0434,2026-02-18,Prélèvement,924.72,0.0
TRX_002258,CLI_0434,2026-01-10,Paiement carte,294.98,0.59
TRX_002259,CLI_0435,2023-08-10,Paiement carte,279.84,0.56
TRX_002260,CLI_0435,2021-12-07,Prélèvement,947.24,0.0
TRX_002261,CLI_0436,2025-06-08,Dépôt,1070.41,0.0
TRX_002262,CLI_0436,2022-08-12,Paiement carte,67.21,0.13
TRX_002263,CLI_0436,2021-05-11,Retrait DAB,56.14,1.5
TRX_002264,CLI_0436,2023-12-25,Virement reçu,2730.61,0.0
TRX_002265,CLI_0436,2022-03-09,Virement reçu,4689.19,0.0
TRX_002266,CLI_0436,2021-09-25,Virement,1610.93,1.0
TRX_002267,CLI_0436,2021-08-17,Virement reçu,4360.75,0.0
TRX_002268,CLI_0436,2025-05-21,Virement reçu,3844.07,0.0
TRX_002269,CLI_0436,2024-06-01,Virement,1314.28,1.0
TRX_002270,CLI_0436,2024-08-27,Virement reçu,278.07,0.0
TRX_002271,CLI_0437,2026-01-13,Dépôt,1470.56,0.0
TRX_002272,CLI_0437,2025-01-11,Prélèvement,239.69,0.0
TRX_002273,CLI_0438,2025-06-10,Dépôt,441.71,0.0
TRX_002274,CLI_0438,2025-06-11,Virement,1597.94,1.0
TRX_002275,CLI_0438,2025-12-27,Prélèvement,548.28,0.0
TRX_002276,CLI_0438,2025-05-19,Dépôt,1321.14,0.0
TRX_002277,CLI_0438,2026-02-18,Virement reçu,3919.47,0.0
TRX_002278,CLI_0438,2026-02-13,Prélèvement,778.81,0.0
TRX_002279,CLI_0438,2025-02-20,Chèque,975.42,0.3
TRX_002280,CLI_0438,2025-02-11,Prélèvement,321.55,0.0
TRX_002281,CLI_0438,2025-12-27,Virement reçu,448.44,0.0
TRX_002282,CLI_0438,2024-12-25,Paiement carte,179.37,0.36
TRX_002283,CLI_0438,2025-05-05,Retrait DAB,228.12,1.5
TRX_002284,CLI_0439,2025-05-23,Retrait DAB,135.36,1.5
TRX_002285,CLI_0439,2022-06-01,Virement,778.15,0.5
TRX_002286,CLI_0439,2021-11-11,Prélèvement,682.48,0.0
TRX_002287,CLI_0439,2020-06-05,Dépôt,1073.11,0.0
TRX_002288,CLI_0439,2023-03-24,Virement,3232.94,1.0
TRX_002289,CLI_0439,2025-07-13,Paiement carte,175.62,0.35
TRX_002290,CLI_0439,2025-12-24,Dépôt,1818.39,0.0
TRX_002291,CLI_0439,2020-06-14,Dépôt,1195.37,0.0
TRX_002292,CLI_0440,2024-03-07,Prélèvement,436.72,0.0
TRX_002293,CLI_0440,2022-08-19,Dépôt,1371.48,0.0
TRX_002294,CLI_0440,2025-02-10,Paiement carte,121.1,0.24
TRX_002295,CLI_0440,2023-12-17,Paiement carte,304.97,0.61
TRX_002296,CLI_0440,2023-11-22,Virement,3517.49,1.0
TRX_002297,CLI_0440,2024-10-14,Dépôt,226.47,0.0
TRX_002298,CLI_0440,2021-06-14,Prélèvement,522.65,0.0
TRX_002299,CLI_0440,2024-06-25,Retrait DAB,93.66,1.5
TRX_002300,CLI_0440,2024-11-21,Virement reçu,3649.49,0.0
TRX_002301,CLI_0440,2024-07-16,Chèque,270.6,0.3
TRX_002302,CLI_0441,2025-05-19,Prélèvement,866.03,0.0
TRX_002303,CLI_0442,2022-12-02,Prélèvement,238.1,0.0
TRX_002304,CLI_0442,2023-06-23,Virement,2246.31,1.0
TRX_002305,CLI_0442,2024-08-07,Virement,2102.84,1.0
TRX_002306,CLI_0442,2023-06-17,Chèque,486.03,0.3
TRX_002307,CLI_0442,2022-10-29,Virement reçu,2969.25,0.0
TRX_002308,CLI_0442,2025-11-19,Chèque,569.06,0.3
TRX_002309,CLI_0442,2026-01-10,Retrait DAB,61.94,1.5
TRX_002310,CLI_0442,2024-07-02,Virement,421.34,0.5
TRX_002311,CLI_0443,2024-03-30,Virement,1551.27,1.0
TRX_002312,CLI_0443,2025-04-10,Prélèvement,593.67,0.0
TRX_002313,CLI_0443,2024-07-23,Virement reçu,2265.08,0.0
TRX_002314,CLI_0443,2024-11-26,Dépôt,726.1,0.0
TRX_002315,CLI_0443,2025-12-16,Virement reçu,3757.62,0.0
TRX_002316,CLI_0443,2026-01-25,Dépôt,1792.34,0.0
TRX_002317,CLI_0444,2025-08-31,Chèque,165.56,0.3
TRX_002318,CLI_0444,2025-08-20,Prélèvement,936.01,0.0
TRX_002319,CLI_0444,2025-05-03,Virement reçu,2033.3,0.0
TRX_002320,CLI_0444,2025-09-06,Retrait DAB,241.95,1.5
TRX_002321,CLI_0444,2024-02-28,Virement,1467.81,1.0
TRX_002322,CLI_0444,2024-11-24,Retrait DAB,200.98,1.5
TRX_002323,CLI_0444,2025-02-03,Paiement carte,437.92,0.88
TRX_002324,CLI_0444,2024-04-01,Chèque,137.48,0.3
TRX_002325,CLI_0444,2025-04-04,Chèque,847.57,0.3
TRX_002326,CLI_0445,2025-11-01,Virement,4307.85,1.0
TRX_002327,CLI_0445,2025-02-10,Paiement carte,320.55,0.64
TRX_002328,CLI_0445,2024-09-01,Virement,1340.69,1.0
TRX_002329,CLI_0445,2025-01-23,Retrait DAB,175.48,1.5
TRX_002330,CLI_0445,2025-10-08,Paiement carte,268.51,0.54
TRX_002331,CLI_0445,2025-10-06,Prélèvement,672.66,0.0
TRX_002332,CLI_0445,2024-11-17,Dépôt,504.72,0.0
TRX_002333,CLI_0445,2024-06-15,Virement,4335.57,1.0
TRX_002334,CLI_0446,2021-05-06,Paiement carte,269.49,0.54
TRX_002335,CLI_0446,2023-08-01,Paiement carte,206.43,0.41
TRX_002336,CLI_0446,2023-11-29,Retrait DAB,103.27,1.5
TRX_002337,CLI_0446,2024-04-30,Prélèvement,697.64,0.0
TRX_002338,CLI_0446,2025-12-05,Dépôt,455.19,0.0
TRX_002339,CLI_0446,2025-12-10,Paiement carte,401.48,0.8
TRX_002340,CLI_0447,2022-09-23,Dépôt,474.67,0.0
TRX_002341,CLI_0447,2023-01-09,Virement reçu,3417.49,0.0
TRX_002342,CLI_0447,2023-05-07,Prélèvement,813.05,0.0
TRX_002343,CLI_0447,2021-09-23,Virement,2853.2,1.0
TRX_002344,CLI_0447,2021-11-08,Paiement carte,373.03,0.75
TRX_002345,CLI_0447,2025-03-23,Chèque,695.67,0.3
TRX_002346,CLI_0447,2022-05-19,Virement reçu,1842.1,0.0
TRX_002347,CLI_0447,2022-11-18,Chèque,827.97,0.3
TRX_002348,CLI_0447,2025-03-03,Paiement carte,154.4,0.31
TRX_002349,CLI_0447,2024-01-15,Virement,2898.94,1.0
TRX_002350,CLI_0447,2023-08-04,Retrait DAB,228.71,1.5
TRX_002351,CLI_0448,2025-10-29,Chèque,304.49,0.3
TRX_002352,CLI_0448,2025-12-08,Prélèvement,436.09,0.0
TRX_002353,CLI_0448,2025-01-21,Virement reçu,4271.18,0.0
TRX_002354,CLI_0448,2025-04-29,Virement reçu,4012.57,0.0
TRX_002355,CLI_0448,2025-06-09,Retrait DAB,94.81,1.5
TRX_002356,CLI_0449,2024-05-07,Retrait DAB,205.21,1.5
TRX_002357,CLI_0449,2024-12-31,Dépôt,1811.38,0.0
TRX_002358,CLI_0449,2025-09-13,Retrait DAB,47.59,1.5
TRX_002359,CLI_0449,2024-03-05,Virement,1237.19,1.0
TRX_002360,CLI_0450,2026-02-03,Retrait DAB,250.65,1.5
TRX_002361,CLI_0450,2025-02-15,Paiement carte,429.94,0.86
TRX_002362,CLI_0451,2025-12-28,Dépôt,350.23,0.0
TRX_002363,CLI_0452,2024-04-24,Virement,2396.15,1.0
TRX_002364,CLI_0452,2025-07-11,Prélèvement,611.74,0.0
TRX_002365,CLI_0452,2021-12-12,Retrait DAB,268.32,1.5
TRX_002366,CLI_0452,2025-07-14,Retrait DAB,268.88,1.5
TRX_002367,CLI_0452,2026-01-11,Virement reçu,3754.1,0.0
TRX_002368,CLI_0452,2023-07-19,Paiement carte,27.23,0.05
TRX_002369,CLI_0452,2025-04-30,Virement,2917.85,1.0
TRX_002370,CLI_0452,2024-06-24,Prélèvement,797.25,0.0
TRX_002371,CLI_0453,2024-03-29,Prélèvement,135.22,0.0
TRX_002372,CLI_0453,2025-01-21,Paiement carte,481.16,0.96
TRX_002373,CLI_0453,2024-07-20,Retrait DAB,246.03,1.5
TRX_002374,CLI_0453,2024-02-19,Chèque,513.67,0.3
TRX_002375,CLI_0453,2026-02-08,Paiement carte,119.57,0.24
TRX_002376,CLI_0453,2025-09-14,Virement,4673.93,1.0
TRX_002377,CLI_0453,2024-06-18,Retrait DAB,116.49,1.5
TRX_002378,CLI_0453,2024-09-16,Virement reçu,888.82,0.0
TRX_002379,CLI_0453,2025-05-05,Retrait DAB,177.69,1.5
TRX_002380,CLI_0454,2026-02-17,Dépôt,396.87,0.0
TRX_002381,CLI_0454,2025-12-10,Prélèvement,894.11,0.0
TRX_002382,CLI_0454,2026-02-19,Virement reçu,2265.35,0.0
TRX_002383,CLI_0454,2026-01-19,Chèque,228.56,0.3
TRX_002384,CLI_0454,2026-01-22,Virement,3844.83,1.0
TRX_002385,CLI_0454,2025-12-27,Retrait DAB,241.19,1.5
TRX_002386,CLI_0454,2025-12-11,Retrait DAB,199.0,1.5
TRX_002387,CLI_0454,2026-01-25,Virement reçu,4281.98,0.0
TRX_002388,CLI_0454,2026-02-14,Chèque,763.64,0.3
TRX_002389,CLI_0454,2025-12-29,Dépôt,1770.3,0.0
TRX_002390,CLI_0455,2025-10-24,Paiement carte,46.3,0.09
TRX_002391,CLI_0455,2024-08-21,Dépôt,1986.02,0.0
TRX_002392,CLI_0455,2024-06-10,Chèque,467.1,0.3
TRX_002393,CLI_0455,2024-12-23,Virement reçu,1508.27,0.0
TRX_002394,CLI_0455,2024-12-30,Virement reçu,2833.61,0.0
TRX_002395,CLI_0455,2024-03-15,Retrait DAB,105.21,1.5
TRX_002396,CLI_0455,2025-04-10,Virement,523.64,0.5
TRX_002397,CLI_0455,2025-07-04,Prélèvement,51.36,0.0
TRX_002398,CLI_0455,2025-02-26,Paiement carte,230.3,0.46
TRX_002399,CLI_0455,2024-12-17,Prélèvement,845.02,0.0
TRX_002400,CLI_0456,2025-12-07,Retrait DAB,299.78,1.5
TRX_002401,CLI_0456,2024-12-14,Virement,1505.55,1.0
TRX_002402,CLI_0457,2024-07-28,Chèque,638.37,0.3
TRX_002403,CLI_0457,2023-08-18,Chèque,641.64,0.3
TRX_002404,CLI_0458,2024-04-03,Virement,1497.41,1.0
TRX_002405,CLI_0458,2025-08-11,Dépôt,1596.04,0.0
TRX_002406,CLI_0458,2023-04-07,Chèque,915.18,0.3
TRX_002407,CLI_0458,2025-10-30,Dépôt,1951.42,0.0
TRX_002408,CLI_0458,2023-12-27,Prélèvement,270.68,0.0
TRX_002409,CLI_0458,2025-01-11,Paiement carte,441.84,0.88
TRX_002410,CLI_0459,2025-09-25,Retrait DAB,100.43,1.5
TRX_002411,CLI_0459,2024-08-19,Prélèvement,535.77,0.0
TRX_002412,CLI_0459,2023-05-08,Chèque,826.02,0.3
TRX_002413,CLI_0459,2025-09-10,Virement reçu,344.34,0.0
TRX_002414,CLI_0459,2023-07-17,Prélèvement,623.23,0.0
TRX_002415,CLI_0459,2023-01-01,Paiement carte,405.32,0.81
TRX_002416,CLI_0459,2024-12-20,Virement reçu,868.89,0.0
TRX_002417,CLI_0459,2025-09-22,Virement,173.61,0.5
TRX_002418,CLI_0459,2022-10-27,Retrait DAB,107.56,1.5
TRX_002419,CLI_0459,2023-01-17,Virement reçu,2981.9,0.0
TRX_002420,CLI_0459,2026-02-17,Chèque,224.45,0.3
TRX_002421,CLI_0460,2021-10-04,Retrait DAB,154.93,1.5
TRX_002422,CLI_0460,2023-11-21,Virement,2565.35,1.0
TRX_002423,CLI_0461,2021-06-12,Dépôt,585.1,0.0
TRX_002424,CLI_0461,2023-10-17,Virement,2060.15,1.0
TRX_002425,CLI_0461,2023-10-16,Virement reçu,3913.86,0.0
TRX_002426,CLI_0461,2022-08-23,Retrait DAB,283.54,1.5
TRX_002427,CLI_0462,2023-03-18,Prélèvement,573.02,0.0
TRX_002428,CLI_0462,2023-09-10,Retrait DAB,251.25,1.5
TRX_002429,CLI_0463,2025-12-20,Retrait DAB,54.99,1.5
TRX_002430,CLI_0463,2026-02-19,Paiement carte,62.21,0.12
TRX_002431,CLI_0463,2026-01-24,Virement,3472.95,1.0
TRX_002432,CLI_0463,2025-10-14,Prélèvement,296.8,0.0
TRX_002433,CLI_0463,2025-09-15,Retrait DAB,91.31,1.5
TRX_002434,CLI_0463,2025-09-04,Virement,4991.16,1.0
TRX_002435,CLI_0463,2026-01-12,Dépôt,416.46,0.0
TRX_002436,CLI_0464,2025-11-16,Prélèvement,550.48,0.0
TRX_002437,CLI_0464,2026-01-18,Dépôt,161.34,0.0
TRX_002438,CLI_0465,2025-03-26,Retrait DAB,195.8,1.5
TRX_002439,CLI_0465,2024-09-25,Virement reçu,1889.62,0.0
TRX_002440,CLI_0465,2025-02-18,Dépôt,1094.06,0.0
TRX_002441,CLI_0466,2022-09-10,Prélèvement,752.5,0.0
TRX_002442,CLI_0466,2021-09-19,Retrait DAB,139.37,1.5
TRX_002443,CLI_0467,2024-10-31,Dépôt,1151.44,0.0
TRX_002444,CLI_0467,2025-06-03,Virement,980.32,0.5
TRX_002445,CLI_0467,2023-08-31,Virement,588.84,0.5
TRX_002446,CLI_0467,2025-07-29,Virement reçu,367.11,0.0
TRX_002447,CLI_0467,2023-03-21,Virement,3365.98,1.0
TRX_002448,CLI_0467,2025-01-31,Virement,4056.93,1.0
TRX_002449,CLI_0468,2023-05-27,Paiement carte,74.13,0.15
TRX_002450,CLI_0468,2025-02-11,Prélèvement,273.79,0.0
TRX_002451,CLI_0468,2025-06-02,Dépôt,1868.38,0.0
TRX_002452,CLI_0469,2025-07-02,Retrait DAB,187.33,1.5
TRX_002453,CLI_0469,2025-06-20,Chèque,828.48,0.3
TRX_002454,CLI_0469,2025-04-12,Virement reçu,4020.75,0.0
TRX_002455,CLI_0469,2026-01-24,Virement reçu,4667.43,0.0
TRX_002456,CLI_0469,2026-02-19,Dépôt,1551.95,0.0
TRX_002457,CLI_0469,2025-02-10,Chèque,772.93,0.3
TRX_002458,CLI_0469,2026-01-27,Paiement carte,124.71,0.25
TRX_002459,CLI_0469,2025-10-18,Prélèvement,106.93,0.0
TRX_002460,CLI_0469,2025-02-17,Chèque,565.84,0.3
TRX_002461,CLI_0469,2026-02-15,Virement reçu,709.73,0.0
TRX_002462,CLI_0470,2025-01-11,Virement,2084.51,1.0
TRX_002463,CLI_0471,2025-10-03,Retrait DAB,44.92,1.5
TRX_002464,CLI_0471,2025-10-23,Paiement carte,260.65,0.52
TRX_002465,CLI_0471,2024-07-01,Prélèvement,922.6,0.0
TRX_002466,CLI_0472,2025-08-09,Chèque,240.88,0.3
TRX_002467,CLI_0472,2026-02-18,Dépôt,764.94,0.0
TRX_002468,CLI_0472,2025-09-08,Retrait DAB,193.35,1.5
TRX_002469,CLI_0472,2025-10-12,Prélèvement,201.43,0.0
TRX_002470,CLI_0472,2025-12-30,Virement reçu,4843.31,0.0
TRX_002471,CLI_0472,2025-09-26,Chèque,923.27,0.3
TRX_002472,CLI_0473,2024-01-24,Paiement carte,362.41,0.72
TRX_002473,CLI_0473,2024-12-22,Virement,3751.68,1.0
TRX_002474,CLI_0473,2022-08-10,Paiement carte,262.08,0.52
TRX_002475,CLI_0473,2022-11-16,Retrait DAB,112.68,1.5
TRX_002476,CLI_0473,2024-12-04,Paiement carte,420.35,0.84
TRX_002477,CLI_0473,2023-03-14,Retrait DAB,106.76,1.5
TRX_002478,CLI_0473,2024-03-12,Dépôt,1039.64,0.0
TRX_002479,CLI_0473,2025-06-18,Prélèvement,431.19,0.0
TRX_002480,CLI_0473,2025-02-02,Virement,4289.88,1.0
TRX_002481,CLI_0473,2024-07-07,Chèque,488.73,0.3
TRX_002482,CLI_0474,2025-05-18,Chèque,917.57,0.3
TRX_002483,CLI_0474,2021-12-22,Retrait DAB,238.76,1.5
TRX_002484,CLI_0474,2024-06-28,Virement reçu,195.07,0.0
TRX_002485,CLI_0474,2021-10-09,Chèque,394.31,0.3
TRX_002486,CLI_0474,2023-01-25,Dépôt,1274.52,0.0
TRX_002487,CLI_0474,2023-12-17,Paiement carte,144.84,0.29
TRX_002488,CLI_0474,2024-09-07,Paiement carte,455.7,0.91
TRX_002489,CLI_0474,2022-09-17,Dépôt,1286.08,0.0
TRX_002490,CLI_0475,2022-11-20,Dépôt,491.0,0.0
TRX_002491,CLI_0475,2022-05-30,Paiement carte,437.69,0.88
TRX_002492,CLI_0475,2023-09-03,Virement,4091.37,1.0
TRX_002493,CLI_0475,2023-06-06,Prélèvement,272.23,0.0
TRX_002494,CLI_0475,2026-01-30,Virement reçu,1083.1,0.0
TRX_002495,CLI_0475,2024-10-31,Paiement carte,360.42,0.72
TRX_002496,CLI_0475,2025-12-01,Paiement carte,164.33,0.33
TRX_002497,CLI_0475,2024-09-12,Chèque,375.76,0.3
TRX_002498,CLI_0475,2023-06-09,Dépôt,346.97,0.0
TRX_002499,CLI_0475,2025-05-30,Prélèvement,300.78,0.0
TRX_002500,CLI_0475,2022-06-28,Virement reçu,2194.79,0.0
TRX_002501,CLI_0476,2024-08-01,Virement,1747.91,1.0
TRX_002502,CLI_0476,2024-12-22,Virement reçu,1710.16,0.0
TRX_002503,CLI_0476,2024-01-18,Chèque,356.42,0.3
TRX_002504,CLI_0476,2023-07-23,Virement,2443.59,1.0
TRX_002505,CLI_0476,2024-02-24,Dépôt,402.24,0.0
TRX_002506,CLI_0476,2023-06-05,Retrait DAB,155.98,1.5
TRX_002507,CLI_0477,2025-11-05,Virement,1401.38,1.0
TRX_002508,CLI_0477,2025-09-09,Prélèvement,778.87,0.0
TRX_002509,CLI_0477,2025-07-01,Paiement carte,110.88,0.22
TRX_002510,CLI_0477,2025-03-01,Dépôt,677.29,0.0
TRX_002511,CLI_0477,2025-03-21,Virement reçu,2380.89,0.0
TRX_002512,CLI_0477,2025-11-26,Chèque,948.88,0.3
TRX_002513,CLI_0477,2025-08-07,Retrait DAB,280.88,1.5
TRX_002514,CLI_0477,2025-10-05,Virement reçu,1113.67,0.0
TRX_002515,CLI_0477,2025-12-29,Virement,1855.27,1.0
TRX_002516,CLI_0477,2025-03-12,Prélèvement,191.93,0.0
TRX_002517,CLI_0477,2025-04-06,Dépôt,1044.47,0.0
TRX_002518,CLI_0478,2025-07-02,Chèque,559.61,0.3
TRX_002519,CLI_0478,2021-12-08,Chèque,529.34,0.3
TRX_002520,CLI_0478,2022-10-04,Virement reçu,4191.01,0.0
TRX_002521,CLI_0478,2022-10-09,Paiement carte,380.38,0.76
TRX_002522,CLI_0478,2024-11-30,Retrait DAB,155.35,1.5
TRX_002523,CLI_0479,2025-07-15,Dépôt,275.04,0.0
TRX_002524,CLI_0479,2025-10-19,Paiement carte,402.75,0.81
TRX_002525,CLI_0480,2022-01-29,Prélèvement,450.69,0.0
TRX_002526,CLI_0480,2024-10-20,Retrait DAB,84.32,1.5
TRX_002527,CLI_0481,2024-06-03,Dépôt,1724.74,0.0
TRX_002528,CLI_0481,2025-10-23,Virement reçu,3181.48,0.0
TRX_002529,CLI_0481,2024-06-08,Paiement carte,383.8,0.77
TRX_002530,CLI_0482,2025-11-28,Retrait DAB,84.67,1.5
TRX_002531,CLI_0482,2024-02-23,Dépôt,1613.73,0.0
TRX_002532,CLI_0482,2023-12-02,Dépôt,1710.4,0.0
TRX_002533,CLI_0482,2025-04-29,Paiement carte,246.7,0.49
TRX_002534,CLI_0482,2024-04-02,Chèque,474.46,0.3
TRX_002535,CLI_0482,2024-09-20,Virement,4891.48,1.0
TRX_002536,CLI_0482,2024-12-06,Dépôt,441.1,0.0
TRX_002537,CLI_0483,2026-02-25,Virement,3277.43,1.0
TRX_002538,CLI_0483,2020-09-23,Virement reçu,1960.04,0.0
TRX_002539,CLI_0483,2023-11-12,Chèque,779.55,0.3
TRX_002540,CLI_0483,2022-09-27,Virement,3394.4,1.0
TRX_002541,CLI_0484,2024-11-01,Chèque,188.99,0.3
TRX_002542,CLI_0484,2023-06-06,Prélèvement,821.57,0.0
TRX_002543,CLI_0484,2025-09-04,Virement reçu,4343.51,0.0
TRX_002544,CLI_0484,2025-06-19,Virement reçu,943.63,0.0
TRX_002545,CLI_0484,2025-01-14,Virement reçu,4267.51,0.0
TRX_002546,CLI_0484,2025-05-26,Paiement carte,440.15,0.88
TRX_002547,CLI_0484,2025-05-24,Paiement carte,279.22,0.56
TRX_002548,CLI_0484,2024-06-09,Virement reçu,3315.28,0.0
TRX_002549,CLI_0484,2024-03-24,Paiement carte,197.3,0.39
TRX_002550,CLI_0485,2023-10-02,Prélèvement,713.17,0.0
TRX_002551,CLI_0486,2024-11-17,Paiement carte,167.08,0.33
TRX_002552,CLI_0486,2023-10-14,Chèque,184.17,0.3
TRX_002553,CLI_0487,2024-04-16,Prélèvement,200.98,0.0
TRX_002554,CLI_0487,2023-07-27,Chèque,148.11,0.3
TRX_002555,CLI_0487,2025-09-16,Prélèvement,473.41,0.0
TRX_002556,CLI_0487,2022-09-15,Virement,341.81,0.5
TRX_002557,CLI_0488,2024-04-02,Virement reçu,3854.89,0.0
TRX_002558,CLI_0488,2024-02-05,Prélèvement,523.05,0.0
TRX_002559,CLI_0488,2026-01-27,Paiement carte,161.92,0.32
TRX_002560,CLI_0488,2025-11-23,Paiement carte,407.86,0.82
TRX_002561,CLI_0489,2025-10-18,Virement,2734.65,1.0
TRX_002562,CLI_0490,2023-04-14,Virement reçu,454.71,0.0
TRX_002563,CLI_0490,2024-11-04,Chèque,361.33,0.3
TRX_002564,CLI_0490,2025-01-25,Chèque,894.01,0.3
TRX_002565,CLI_0490,2025-11-25,Paiement carte,82.04,0.16
TRX_002566,CLI_0491,2024-11-08,Prélèvement,974.7,0.0
TRX_002567,CLI_0491,2023-11-28,Dépôt,1591.61,0.0
TRX_002568,CLI_0491,2023-09-27,Dépôt,523.74,0.0
TRX_002569,CLI_0492,2024-10-10,Paiement carte,228.92,0.46
TRX_002570,CLI_0492,2024-03-30,Prélèvement,56.74,0.0
TRX_002571,CLI_0492,2023-04-18,Paiement carte,411.51,0.82
TRX_002572,CLI_0493,2024-12-11,Virement,1534.78,1.0
TRX_002573,CLI_0493,2024-10-17,Paiement carte,193.8,0.39
TRX_002574,CLI_0493,2025-08-26,Prélèvement,533.49,0.0
TRX_002575,CLI_0493,2025-07-19,Dépôt,672.14,0.0
TRX_002576,CLI_0493,2023-01-24,Paiement carte,484.79,0.97
TRX_002577,CLI_0493,2024-08-13,Dépôt,1869.5,0.0
TRX_002578,CLI_0494,2024-09-16,Virement,1560.94,1.0
TRX_002579,CLI_0494,2022-11-12,Dépôt,296.61,0.0
TRX_002580,CLI_0494,2025-05-12,Virement reçu,4228.52,0.0
TRX_002581,CLI_0495,2025-10-18,Virement,4267.1,1.0
TRX_002582,CLI_0495,2025-12-11,Paiement carte,213.02,0.43
TRX_002583,CLI_0496,2021-03-10,Prélèvement,121.85,0.0
TRX_002584,CLI_0496,2023-06-05,Paiement carte,292.76,0.59
TRX_002585,CLI_0496,2026-02-02,Virement,3248.88,1.0
TRX_002586,CLI_0496,2026-02-28,Dépôt,1707.19,0.0
TRX_002587,CLI_0496,2021-04-14,Prélèvement,327.89,0.0
TRX_002588,CLI_0497,2025-05-15,Virement reçu,1832.52,0.0
TRX_002589,CLI_0497,2026-02-15,Virement reçu,749.1,0.0
TRX_002590,CLI_0497,2025-12-02,Virement,3394.18,1.0
TRX_002591,CLI_0497,2025-12-18,Virement reçu,2592.59,0.0
TRX_002592,CLI_0497,2025-07-23,Chèque,749.01,0.3
TRX_002593,CLI_0497,2025-09-02,Retrait DAB,118.75,1.5
TRX_002594,CLI_0497,2025-10-06,Virement,1695.94,1.0
TRX_002595,CLI_0497,2025-01-03,Dépôt,971.52,0.0
TRX_002596,CLI_0497,2024-01-29,Paiement carte,439.93,0.88
TRX_002597,CLI_0497,2025-04-26,Dépôt,128.55,0.0
TRX_002598,CLI_0498,2025-06-14,Dépôt,356.87,0.0
TRX_002599,CLI_0498,2025-01-24,Paiement carte,25.22,0.05
TRX_002600,CLI_0498,2025-02-15,Chèque,952.21,0.3
TRX_002601,CLI_0498,2024-12-17,Retrait DAB,87.4,1.5
TRX_002602,CLI_0498,2024-08-09,Virement,1275.75,1.0
TRX_002603,CLI_0498,2026-01-31,Dépôt,212.59,0.0
TRX_002604,CLI_0498,2024-12-27,Virement reçu,4649.69,0.0
TRX_002605,CLI_0498,2025-09-19,Retrait DAB,182.33,1.5
TRX_002606,CLI_0498,2024-04-22,Virement reçu,3368.48,0.0
TRX_002607,CLI_0499,2025-11-26,Dépôt,1426.23,0.0
TRX_002608,CLI_0499,2025-06-23,Dépôt,1650.64,0.0
TRX_002609,CLI_0499,2025-04-24,Virement reçu,1258.08,0.0
TRX_002610,CLI_0500,2023-02-02,Chèque,268.1,0.3
TRX_002611,CLI_0500,2025-08-03,Dépôt,1670.93,0.0
TRX_002612,CLI_0500,2021-08-09,Retrait DAB,234.7,1.5
TRX_002613,CLI_0500,2024-03-03,Virement,1818.15,1.0
TRX_002614,CLI_0500,2022-03-01,Dépôt,784.78,0.0
TRX_002615,CLI_0500,2021-11-19,Chèque,580.2,0.3
TRX_002616,CLI_0500,2025-11-06,Retrait DAB,20.07,1.5
TRX_002617,CLI_0500,2022-11-13,Prélèvement,279.18,0.0
TRX_002618,CLI_0500,2024-11-27,Retrait DAB,78.3,1.5
TRX_002619,CLI_0500,2022-12-30,Chèque,325.43,0.3
TRX_002620,CLI_0501,2022-05-29,Virement,917.14,0.5
TRX_002621,CLI_0501,2025-02-14,Virement,3072.64,1.0
TRX_002622,CLI_0501,2024-05-08,Prélèvement,723.67,0.0
TRX_002623,CLI_0501,2026-01-25,Dépôt,91.06,0.0
TRX_002624,CLI_0501,2025-02-09,Prélèvement,84.6,0.0
TRX_002625,CLI_0501,2024-08-29,Paiement carte,452.25,0.9
TRX_002626,CLI_0501,2023-01-15,Chèque,165.98,0.3
TRX_002627,CLI_0501,2021-12-13,Retrait DAB,270.37,1.5
TRX_002628,CLI_0501,2025-05-09,Virement reçu,1218.01,0.0
TRX_002629,CLI_0501,2022-04-16,Paiement carte,372.61,0.75
TRX_002630,CLI_0501,2021-12-24,Chèque,378.76,0.3
TRX_002631,CLI_0502,2023-09-11,Chèque,813.4,0.3
TRX_002632,CLI_0502,2020-12-02,Retrait DAB,189.06,1.5
TRX_002633,CLI_0502,2021-03-17,Prélèvement,518.67,0.0
TRX_002634,CLI_0502,2024-01-28,Chèque,136.06,0.3
TRX_002635,CLI_0503,2023-11-24,Chèque,445.13,0.3
TRX_002636,CLI_0503,2024-11-08,Chèque,237.01,0.3
TRX_002637,CLI_0503,2024-08-15,Chèque,700.04,0.3
TRX_002638,CLI_0503,2024-07-16,Prélèvement,320.07,0.0
TRX_002639,CLI_0503,2025-04-26,Paiement carte,297.03,0.59
TRX_002640,CLI_0504,2024-12-06,Prélèvement,481.5,0.0
TRX_002641,CLI_0505,2025-11-06,Virement,4984.36,1.0
TRX_002642,CLI_0505,2025-09-26,Chèque,238.32,0.3
TRX_002643,CLI_0505,2025-07-12,Virement,4328.52,1.0
TRX_002644,CLI_0506,2025-12-14,Paiement carte,394.15,0.79
TRX_002645,CLI_0506,2026-01-13,Paiement carte,203.46,0.41
TRX_002646,CLI_0506,2025-12-31,Paiement carte,326.56,0.65
TRX_002647,CLI_0506,2026-02-26,Chèque,235.55,0.3
TRX_002648,CLI_0506,2026-01-30,Prélèvement,936.02,0.0
TRX_002649,CLI_0506,2026-01-10,Virement reçu,1976.99,0.0
TRX_002650,CLI_0506,2026-02-21,Paiement carte,367.47,0.73
TRX_002651,CLI_0506,2026-01-22,Retrait DAB,25.7,1.5
TRX_002652,CLI_0506,2025-12-11,Dépôt,450.11,0.0
TRX_002653,CLI_0506,2026-01-17,Virement,2486.7,1.0
TRX_002654,CLI_0507,2025-05-31,Chèque,846.49,0.3
TRX_002655,CLI_0507,2025-11-11,Paiement carte,158.31,0.32
TRX_002656,CLI_0507,2025-06-28,Dépôt,962.11,0.0
TRX_002657,CLI_0507,2024-09-20,Virement,1436.69,1.0
TRX_002658,CLI_0507,2026-02-04,Virement reçu,2371.4,0.0
TRX_002659,CLI_0507,2025-08-06,Chèque,899.05,0.3
TRX_002660,CLI_0507,2025-10-25,Dépôt,937.49,0.0
TRX_002661,CLI_0507,2025-05-15,Retrait DAB,175.66,1.5
TRX_002662,CLI_0507,2025-05-12,Retrait DAB,133.11,1.5
TRX_002663,CLI_0508,2024-11-12,Retrait DAB,284.13,1.5
TRX_002664,CLI_0508,2025-09-08,Paiement carte,264.91,0.53
TRX_002665,CLI_0508,2025-04-08,Virement reçu,3417.76,0.0
TRX_002666,CLI_0508,2025-02-19,Dépôt,1568.11,0.0
TRX_002667,CLI_0508,2025-07-15,Virement reçu,741.97,0.0
TRX_002668,CLI_0508,2025-02-04,Retrait DAB,188.27,1.5
TRX_002669,CLI_0508,2026-02-15,Virement,268.06,0.5
TRX_002670,CLI_0508,2024-08-12,Chèque,547.81,0.3
TRX_002671,CLI_0508,2024-10-12,Virement,858.73,0.5
TRX_002672,CLI_0508,2025-09-29,Virement,996.32,0.5
TRX_002673,CLI_0509,2023-10-09,Virement,165.71,0.5
TRX_002674,CLI_0509,2024-09-01,Paiement carte,19.53,0.04
TRX_002675,CLI_0510,2023-05-17,Prélèvement,528.51,0.0
TRX_002676,CLI_0510,2025-06-21,Retrait DAB,71.14,1.5
TRX_002677,CLI_0510,2022-10-25,Prélèvement,595.28,0.0
TRX_002678,CLI_0510,2021-08-05,Virement,3223.28,1.0
TRX_002679,CLI_0510,2024-11-16,Virement,2827.88,1.0
TRX_002680,CLI_0511,2023-09-18,Dépôt,67.55,0.0
TRX_002681,CLI_0511,2025-05-24,Chèque,332.03,0.3
TRX_002682,CLI_0512,2022-01-17,Dépôt,893.9,0.0
TRX_002683,CLI_0512,2024-05-28,Virement,2472.5,1.0
TRX_002684,CLI_0512,2024-10-19,Virement,3275.7,1.0
TRX_002685,CLI_0512,2021-04-24,Chèque,116.52,0.3
TRX_002686,CLI_0512,2024-03-21,Prélèvement,671.29,0.0
TRX_002687,CLI_0513,2025-07-28,Virement reçu,1618.25,0.0
TRX_002688,CLI_0513,2026-02-12,Virement reçu,520.39,0.0
TRX_002689,CLI_0513,2025-11-02,Chèque,181.84,0.3
TRX_002690,CLI_0513,2025-04-21,Virement,4623.8,1.0
TRX_002691,CLI_0513,2026-01-08,Prélèvement,704.82,0.0
TRX_002692,CLI_0513,2025-05-26,Retrait DAB,55.59,1.5
TRX_002693,CLI_0513,2025-09-13,Virement reçu,1847.94,0.0
TRX_002694,CLI_0514,2025-04-30,Virement reçu,4194.3,0.0
TRX_002695,CLI_0514,2025-11-10,Retrait DAB,32.23,1.5
TRX_002696,CLI_0514,2025-10-27,Virement reçu,1259.5,0.0
TRX_002697,CLI_0514,2026-02-27,Chèque,900.77,0.3
TRX_002698,CLI_0514,2025-09-04,Retrait DAB,22.57,1.5
TRX_002699,CLI_0514,2025-06-13,Chèque,281.26,0.3
TRX_002700,CLI_0515,2025-11-07,Retrait DAB,191.75,1.5
TRX_002701,CLI_0515,2025-11-04,Paiement carte,138.22,0.28
TRX_002702,CLI_0515,2026-01-27,Retrait DAB,38.76,1.5
TRX_002703,CLI_0515,2025-11-04,Retrait DAB,27.89,1.5
TRX_002704,CLI_0515,2025-12-26,Prélèvement,282.51,0.0
TRX_002705,CLI_0515,2026-02-09,Virement,4419.28,1.0
TRX_002706,CLI_0515,2026-02-22,Prélèvement,445.12,0.0
TRX_002707,CLI_0515,2026-01-28,Prélèvement,734.32,0.0
TRX_002708,CLI_0516,2025-09-02,Paiement carte,61.5,0.12
TRX_002709,CLI_0516,2024-03-02,Prélèvement,703.98,0.0
TRX_002710,CLI_0516,2025-05-18,Chèque,242.61,0.3
TRX_002711,CLI_0516,2025-01-26,Prélèvement,798.29,0.0
TRX_002712,CLI_0516,2025-08-01,Virement reçu,1624.08,0.0
TRX_002713,CLI_0516,2024-02-28,Paiement carte,170.18,0.34
TRX_002714,CLI_0516,2025-11-13,Retrait DAB,23.02,1.5
TRX_002715,CLI_0516,2024-02-25,Virement,3534.96,1.0
TRX_002716,CLI_0517,2021-11-05,Virement,4546.57,1.0
TRX_002717,CLI_0517,2024-08-22,Virement reçu,700.16,0.0
TRX_002718,CLI_0517,2022-11-04,Chèque,580.63,0.3
TRX_002719,CLI_0517,2023-12-09,Virement,4409.37,1.0
TRX_002720,CLI_0517,2024-03-24,Prélèvement,439.52,0.0
TRX_002721,CLI_0517,2025-02-05,Virement reçu,2461.78,0.0
TRX_002722,CLI_0517,2021-06-10,Virement,445.26,0.5
TRX_002723,CLI_0517,2025-03-01,Paiement carte,146.29,0.29
TRX_002724,CLI_0518,2023-07-14,Prélèvement,947.87,0.0
TRX_002725,CLI_0518,2025-12-18,Retrait DAB,99.15,1.5
TRX_002726,CLI_0518,2024-03-26,Dépôt,948.69,0.0
TRX_002727,CLI_0519,2021-06-19,Dépôt,1839.63,0.0
TRX_002728,CLI_0519,2025-05-31,Chèque,277.7,0.3
TRX_002729,CLI_0520,2025-07-16,Paiement carte,71.88,0.14
TRX_002730,CLI_0521,2025-12-10,Paiement carte,331.54,0.66
TRX_002731,CLI_0521,2026-02-23,Chèque,524.5,0.3
TRX_002732,CLI_0521,2025-09-07,Dépôt,1164.67,0.0
TRX_002733,CLI_0521,2025-10-17,Virement,327.37,0.5
TRX_002734,CLI_0522,2022-10-10,Virement reçu,3627.8,0.0
TRX_002735,CLI_0522,2025-03-16,Chèque,778.43,0.3
TRX_002736,CLI_0522,2023-04-28,Virement,1173.39,1.0
TRX_002737,CLI_0522,2023-10-19,Dépôt,913.93,0.0
TRX_002738,CLI_0522,2025-11-10,Retrait DAB,192.99,1.5
TRX_002739,CLI_0522,2022-06-27,Virement reçu,3872.87,0.0
TRX_002740,CLI_0522,2022-04-26,Paiement carte,60.94,0.12
TRX_002741,CLI_0522,2020-12-05,Virement reçu,4815.59,0.0
TRX_002742,CLI_0522,2025-12-29,Virement reçu,4462.08,0.0
TRX_002743,CLI_0522,2021-02-15,Retrait DAB,95.7,1.5
TRX_002744,CLI_0523,2024-05-21,Chèque,566.49,0.3
TRX_002745,CLI_0523,2023-04-19,Virement,2362.85,1.0
TRX_002746,CLI_0523,2026-02-08,Paiement carte,164.07,0.33
TRX_002747,CLI_0524,2026-01-05,Virement reçu,3711.61,0.0
TRX_002748,CLI_0524,2025-12-13,Prélèvement,116.6,0.0
TRX_002749,CLI_0524,2025-11-02,Paiement carte,433.63,0.87
TRX_002750,CLI_0524,2025-12-10,Retrait DAB,159.88,1.5
TRX_002751,CLI_0524,2026-01-30,Virement,2248.69,1.0
TRX_002752,CLI_0525,2025-04-01,Virement reçu,3158.54,0.0
TRX_002753,CLI_0525,2023-09-23,Paiement carte,74.7,0.15
TRX_002754,CLI_0525,2022-03-10,Virement reçu,3805.54,0.0
TRX_002755,CLI_0526,2024-08-20,Virement reçu,1284.65,0.0
TRX_002756,CLI_0526,2023-12-10,Prélèvement,508.86,0.0
TRX_002757,CLI_0527,2022-01-17,Prélèvement,409.43,0.0
TRX_002758,CLI_0527,2021-12-26,Virement reçu,3773.66,0.0
TRX_002759,CLI_0527,2025-03-03,Prélèvement,141.98,0.0
TRX_002760,CLI_0527,2024-08-02,Paiement carte,243.27,0.49
TRX_002761,CLI_0528,2022-03-03,Chèque,510.49,0.3
TRX_002762,CLI_0528,2024-11-05,Virement reçu,2049.09,0.0
TRX_002763,CLI_0528,2023-07-17,Paiement carte,169.11,0.34
TRX_002764,CLI_0528,2024-10-22,Chèque,983.3,0.3
TRX_002765,CLI_0528,2024-05-02,Virement,760.26,0.5
TRX_002766,CLI_0528,2022-01-08,Retrait DAB,108.15,1.5
TRX_002767,CLI_0528,2022-02-16,Retrait DAB,155.94,1.5
TRX_002768,CLI_0528,2025-11-09,Virement,2442.2,1.0
TRX_002769,CLI_0528,2024-02-02,Virement,2409.7,1.0
TRX_002770,CLI_0529,2024-03-17,Chèque,441.93,0.3
TRX_002771,CLI_0529,2025-06-13,Virement reçu,2559.48,0.0
TRX_002772,CLI_0529,2025-01-30,Paiement carte,306.48,0.61
TRX_002773,CLI_0530,2025-07-14,Prélèvement,157.4,0.0
TRX_002774,CLI_0530,2025-10-10,Prélèvement,769.55,0.0
TRX_002775,CLI_0530,2022-12-06,Virement,3811.99,1.0
TRX_002776,CLI_0530,2023-04-27,Paiement carte,406.79,0.81
TRX_002777,CLI_0531,2025-09-17,Virement,2754.63,1.0
TRX_002778,CLI_0531,2025-03-14,Dépôt,305.61,0.0
TRX_002779,CLI_0531,2024-01-03,Prélèvement,777.85,0.0
TRX_002780,CLI_0532,2026-01-23,Virement reçu,1398.94,0.0
TRX_002781,CLI_0532,2025-11-11,Virement,3698.12,1.0
TRX_002782,CLI_0532,2025-11-17,Virement reçu,3216.1,0.0
TRX_002783,CLI_0532,2025-11-01,Retrait DAB,265.0,1.5
TRX_002784,CLI_0532,2026-02-08,Chèque,174.46,0.3
TRX_002785,CLI_0532,2025-11-07,Paiement carte,458.39,0.92
TRX_002786,CLI_0532,2026-01-12,Prélèvement,328.68,0.0
TRX_002787,CLI_0532,2026-02-09,Dépôt,1006.85,0.0
TRX_002788,CLI_0532,2025-11-03,Chèque,494.75,0.3
TRX_002789,CLI_0533,2023-10-12,Virement,1977.51,1.0
TRX_002790,CLI_0533,2025-12-21,Dépôt,1599.59,0.0
TRX_002791,CLI_0533,2024-06-02,Virement,2335.95,1.0
TRX_002792,CLI_0533,2024-04-27,Paiement carte,93.68,0.19
TRX_002793,CLI_0534,2022-10-10,Chèque,558.2,0.3
TRX_002794,CLI_0534,2025-07-27,Virement reçu,822.52,0.0
TRX_002795,CLI_0534,2024-09-08,Paiement carte,309.71,0.62
TRX_002796,CLI_0534,2022-09-14,Virement,2872.16,1.0
TRX_002797,CLI_0534,2024-09-20,Dépôt,1443.67,0.0
TRX_002798,CLI_0535,2025-11-13,Prélèvement,60.77,0.0
TRX_002799,CLI_0535,2024-08-11,Chèque,593.77,0.3
TRX_002800,CLI_0535,2024-01-02,Chèque,976.05,0.3
TRX_002801,CLI_0535,2023-01-24,Dépôt,905.44,0.0
TRX_002802,CLI_0536,2023-03-05,Retrait DAB,270.62,1.5
TRX_002803,CLI_0536,2022-07-22,Virement,4863.06,1.0
TRX_002804,CLI_0536,2023-09-26,Prélèvement,866.36,0.0
TRX_002805,CLI_0536,2024-07-12,Prélèvement,154.52,0.0
TRX_002806,CLI_0536,2026-02-08,Retrait DAB,285.28,1.5
TRX_002807,CLI_0536,2025-04-21,Prélèvement,452.19,0.0
TRX_002808,CLI_0536,2024-08-29,Prélèvement,58.84,0.0
TRX_002809,CLI_0536,2025-06-18,Virement,2267.73,1.0
TRX_002810,CLI_0536,2022-12-13,Virement,325.74,0.5
TRX_002811,CLI_0536,2025-09-29,Dépôt,1110.56,0.0
TRX_002812,CLI_0536,2024-04-23,Chèque,404.7,0.3
TRX_002813,CLI_0537,2023-12-18,Virement,3104.53,1.0
TRX_002814,CLI_0537,2025-10-22,Virement,4357.13,1.0
TRX_002815,CLI_0537,2023-02-11,Virement,3343.32,1.0
TRX_002816,CLI_0537,2024-01-31,Virement,2226.84,1.0
TRX_002817,CLI_0537,2024-09-01,Paiement carte,411.52,0.82
TRX_002818,CLI_0537,2025-09-29,Virement reçu,4537.35,0.0
TRX_002819,CLI_0537,2023-10-15,Prélèvement,163.77,0.0
TRX_002820,CLI_0537,2023-11-18,Virement reçu,2706.47,0.0
TRX_002821,CLI_0537,2024-08-05,Dépôt,604.8,0.0
TRX_002822,CLI_0537,2025-08-08,Paiement carte,33.06,0.07
TRX_002823,CLI_0538,2022-09-28,Prélèvement,869.63,0.0
TRX_002824,CLI_0538,2024-10-28,Virement reçu,898.22,0.0
TRX_002825,CLI_0538,2021-08-12,Dépôt,1634.21,0.0
TRX_002826,CLI_0538,2022-05-30,Virement reçu,4281.64,0.0
TRX_002827,CLI_0538,2024-03-15,Dépôt,1832.96,0.0
TRX_002828,CLI_0538,2021-11-23,Virement reçu,1399.9,0.0
TRX_002829,CLI_0538,2026-01-13,Chèque,913.56,0.3
TRX_002830,CLI_0538,2023-02-02,Retrait DAB,109.79,1.5
TRX_002831,CLI_0539,2024-07-26,Virement,347.49,0.5
TRX_002832,CLI_0539,2024-12-16,Prélèvement,91.69,0.0
TRX_002833,CLI_0540,2026-01-18,Virement,2277.95,1.0
TRX_002834,CLI_0540,2026-01-06,Dépôt,549.77,0.0
TRX_002835,CLI_0540,2026-02-09,Chèque,271.37,0.3
TRX_002836,CLI_0540,2026-02-27,Prélèvement,686.46,0.0
TRX_002837,CLI_0540,2026-02-22,Chèque,100.36,0.3
TRX_002838,CLI_0540,2026-01-20,Retrait DAB,245.65,1.5
TRX_002839,CLI_0541,2021-05-05,Prélèvement,125.67,0.0
TRX_002840,CLI_0541,2021-09-04,Chèque,143.71,0.3
TRX_002841,CLI_0541,2021-11-18,Virement reçu,2294.97,0.0
TRX_002842,CLI_0541,2025-10-11,Paiement carte,228.36,0.46
TRX_002843,CLI_0541,2023-11-01,Prélèvement,900.86,0.0
TRX_002844,CLI_0541,2021-12-10,Virement reçu,718.15,0.0
TRX_002845,CLI_0541,2021-04-15,Virement,704.09,0.5
TRX_002846,CLI_0542,2026-02-01,Retrait DAB,28.33,1.5
TRX_002847,CLI_0542,2025-10-31,Prélèvement,118.15,0.0
TRX_002848,CLI_0542,2025-12-09,Retrait DAB,204.76,1.5
TRX_002849,CLI_0542,2025-11-13,Dépôt,891.59,0.0
TRX_002850,CLI_0542,2025-12-14,Virement,3841.66,1.0
TRX_002851,CLI_0542,2025-09-15,Virement reçu,4963.73,0.0
TRX_002852,CLI_0542,2025-09-02,Dépôt,1335.12,0.0
TRX_002853,CLI_0542,2025-10-04,Prélèvement,97.93,0.0
TRX_002854,CLI_0543,2022-01-19,Paiement carte,268.47,0.54
TRX_002855,CLI_0543,2024-10-10,Virement,4141.7,1.0
TRX_002856,CLI_0544,2022-02-15,Prélèvement,567.64,0.0
TRX_002857,CLI_0545,2025-12-18,Paiement carte,475.42,0.95
TRX_002858,CLI_0545,2025-03-29,Dépôt,1131.91,0.0
TRX_002859,CLI_0545,2023-09-30,Paiement carte,177.1,0.35
TRX_002860,CLI_0545,2023-01-13,Virement reçu,4813.14,0.0
TRX_002861,CLI_0545,2025-09-18,Retrait DAB,173.27,1.5
TRX_002862,CLI_0545,2023-03-18,Chèque,157.83,0.3
TRX_002863,CLI_0545,2022-07-15,Retrait DAB,199.98,1.5
TRX_002864,CLI_0545,2023-03-13,Virement,2979.66,1.0
TRX_002865,CLI_0545,2023-04-01,Virement reçu,4489.39,0.0
TRX_002866,CLI_0546,2024-12-09,Chèque,538.72,0.3
TRX_002867,CLI_0546,2024-05-05,Paiement carte,188.42,0.38
TRX_002868,CLI_0546,2024-05-26,Virement,3232.99,1.0
TRX_002869,CLI_0547,2025-09-28,Dépôt,889.12,0.0
TRX_002870,CLI_0548,2025-10-01,Virement,1930.35,1.0
TRX_002871,CLI_0548,2025-03-16,Prélèvement,686.47,0.0
TRX_002872,CLI_0548,2022-09-28,Dépôt,190.36,0.0
TRX_002873,CLI_0548,2025-06-02,Prélèvement,293.85,0.0
TRX_002874,CLI_0548,2024-08-29,Retrait DAB,219.89,1.5
TRX_002875,CLI_0549,2021-09-03,Paiement carte,396.75,0.79
TRX_002876,CLI_0549,2024-12-11,Prélèvement,79.65,0.0
TRX_002877,CLI_0549,2024-06-14,Retrait DAB,290.72,1.5
TRX_002878,CLI_0550,2023-07-14,Prélèvement,338.12,0.0
TRX_002879,CLI_0550,2024-04-10,Prélèvement,394.45,0.0
TRX_002880,CLI_0551,2023-02-23,Virement reçu,3375.67,0.0
TRX_002881,CLI_0551,2026-02-26,Virement,4865.87,1.0
TRX_002882,CLI_0551,2024-07-16,Prélèvement,626.49,0.0
TRX_002883,CLI_0551,2023-08-04,Chèque,207.93,0.3
TRX_002884,CLI_0551,2025-07-30,Paiement carte,167.16,0.33
TRX_002885,CLI_0551,2025-04-24,Prélèvement,874.26,0.0
TRX_002886,CLI_0551,2024-11-22,Prélèvement,270.94,0.0
TRX_002887,CLI_0552,2024-01-07,Dépôt,835.21,0.0
TRX_002888,CLI_0552,2023-03-30,Chèque,287.06,0.3
TRX_002889,CLI_0552,2025-12-09,Dépôt,1636.14,0.0
TRX_002890,CLI_0552,2023-04-26,Dépôt,1498.52,0.0
TRX_002891,CLI_0552,2025-06-18,Chèque,695.43,0.3
TRX_002892,CLI_0552,2023-08-26,Virement,1258.05,1.0
TRX_002893,CLI_0552,2024-09-02,Chèque,188.07,0.3
TRX_002894,CLI_0552,2025-04-15,Paiement carte,292.32,0.58
TRX_002895,CLI_0552,2023-07-30,Dépôt,1129.67,0.0
TRX_002896,CLI_0552,2025-01-06,Chèque,269.55,0.3
TRX_002897,CLI_0553,2025-12-19,Retrait DAB,165.18,1.5
TRX_002898,CLI_0553,2024-09-16,Virement reçu,1826.31,0.0
TRX_002899,CLI_0553,2025-11-14,Virement reçu,1246.88,0.0
TRX_002900,CLI_0553,2025-05-12,Prélèvement,97.29,0.0
TRX_002901,CLI_0554,2024-01-04,Paiement carte,330.58,0.66
TRX_002902,CLI_0554,2022-10-31,Dépôt,1090.55,0.0
TRX_002903,CLI_0554,2022-01-04,Dépôt,1890.88,0.0
TRX_002904,CLI_0554,2020-05-24,Paiement carte,204.18,0.41
TRX_002905,CLI_0554,2020-11-01,Virement,3499.93,1.0
TRX_002906,CLI_0555,2025-11-29,Virement reçu,2611.62,0.0
TRX_002907,CLI_0556,2026-01-27,Virement,2329.26,1.0
TRX_002908,CLI_0556,2025-08-19,Dépôt,968.03,0.0
TRX_002909,CLI_0556,2025-06-16,Paiement carte,356.25,0.71
TRX_002910,CLI_0556,2023-10-18,Paiement carte,470.91,0.94
TRX_002911,CLI_0557,2024-10-10,Prélèvement,663.47,0.0
TRX_002912,CLI_0557,2023-08-15,Dépôt,76.36,0.0
TRX_002913,CLI_0557,2025-07-01,Virement,894.64,0.5
TRX_002914,CLI_0557,2025-04-30,Virement reçu,4926.08,0.0
TRX_002915,CLI_0557,2024-07-11,Prélèvement,122.19,0.0
TRX_002916,CLI_0557,2023-10-04,Retrait DAB,210.06,1.5
TRX_002917,CLI_0558,2025-10-30,Prélèvement,948.49,0.0
TRX_002918,CLI_0559,2023-04-03,Virement,1247.58,1.0
TRX_002919,CLI_0559,2025-06-08,Virement reçu,1421.21,0.0
TRX_002920,CLI_0560,2025-05-29,Prélèvement,420.58,0.0
TRX_002921,CLI_0560,2025-11-03,Chèque,275.09,0.3
TRX_002922,CLI_0560,2026-02-25,Virement reçu,3685.23,0.0
TRX_002923,CLI_0560,2024-08-14,Paiement carte,85.53,0.17
TRX_002924,CLI_0560,2025-11-07,Chèque,870.08,0.3
TRX_002925,CLI_0561,2024-02-10,Chèque,270.17,0.3
TRX_002926,CLI_0561,2025-08-10,Prélèvement,905.86,0.0
TRX_002927,CLI_0561,2025-05-30,Virement reçu,3403.52,0.0
TRX_002928,CLI_0562,2025-09-25,Virement reçu,587.53,0.0
TRX_002929,CLI_0562,2025-12-21,Virement,3060.45,1.0
TRX_002930,CLI_0562,2025-12-18,Virement,692.71,0.5
TRX_002931,CLI_0562,2025-08-16,Virement reçu,485.62,0.0
TRX_002932,CLI_0562,2025-07-20,Dépôt,1078.26,0.0
TRX_002933,CLI_0562,2025-02-16,Retrait DAB,132.78,1.5
TRX_002934,CLI_0562,2025-09-06,Chèque,629.93,0.3
TRX_002935,CLI_0562,2025-06-18,Virement reçu,537.19,0.0
TRX_002936,CLI_0562,2025-12-10,Dépôt,890.42,0.0
TRX_002937,CLI_0563,2024-01-16,Chèque,857.21,0.3
TRX_002938,CLI_0563,2021-12-23,Chèque,621.79,0.3
TRX_002939,CLI_0564,2024-07-05,Virement,1694.55,1.0
TRX_002940,CLI_0564,2024-02-24,Retrait DAB,46.53,1.5
TRX_002941,CLI_0565,2025-11-23,Virement,1808.15,1.0
TRX_002942,CLI_0565,2024-08-28,Virement reçu,3636.82,0.0
TRX_002943,CLI_0566,2025-06-09,Virement,401.88,0.5
TRX_002944,CLI_0566,2025-01-30,Paiement carte,89.62,0.18
TRX_002945,CLI_0566,2025-06-10,Paiement carte,448.57,0.9
TRX_002946,CLI_0566,2025-10-17,Virement,3461.52,1.0
TRX_002947,CLI_0566,2025-06-10,Retrait DAB,89.97,1.5
TRX_002948,CLI_0566,2025-03-04,Virement reçu,421.44,0.0
TRX_002949,CLI_0567,2024-11-05,Dépôt,964.63,0.0
TRX_002950,CLI_0567,2025-03-26,Prélèvement,529.2,0.0
TRX_002951,CLI_0567,2025-08-06,Prélèvement,605.82,0.0
TRX_002952,CLI_0567,2024-12-23,Virement reçu,2614.53,0.0
TRX_002953,CLI_0567,2025-12-31,Virement reçu,2528.88,0.0
TRX_002954,CLI_0567,2025-03-31,Chèque,399.46,0.3
TRX_002955,CLI_0567,2025-04-16,Retrait DAB,39.93,1.5
TRX_002956,CLI_0567,2025-08-25,Retrait DAB,45.07,1.5
TRX_002957,CLI_0568,2026-02-18,Virement reçu,2288.77,0.0
TRX_002958,CLI_0568,2026-01-08,Retrait DAB,91.16,1.5
TRX_002959,CLI_0568,2025-07-03,Virement,4143.16,1.0
TRX_002960,CLI_0568,2025-12-13,Retrait DAB,155.87,1.5
TRX_002961,CLI_0568,2026-01-23,Paiement carte,276.27,0.55
TRX_002962,CLI_0569,2025-11-28,Dépôt,632.78,0.0
TRX_002963,CLI_0569,2025-05-18,Paiement carte,104.56,0.21
TRX_002964,CLI_0569,2025-12-14,Virement reçu,669.28,0.0
TRX_002965,CLI_0569,2025-12-14,Retrait DAB,192.55,1.5
TRX_002966,CLI_0569,2025-11-03,Dépôt,915.52,0.0
TRX_002967,CLI_0570,2024-05-07,Chèque,451.34,0.3
TRX_002968,CLI_0570,2026-01-22,Virement reçu,2137.3,0.0
TRX_002969,CLI_0570,2022-08-27,Prélèvement,495.72,0.0
TRX_002970,CLI_0570,2024-11-07,Virement,1901.77,1.0
TRX_002971,CLI_0570,2022-09-26,Paiement carte,59.3,0.12
TRX_002972,CLI_0571,2024-04-25,Retrait DAB,35.43,1.5
TRX_002973,CLI_0571,2024-01-11,Virement,4450.58,1.0
TRX_002974,CLI_0571,2024-04-10,Retrait DAB,216.84,1.5
TRX_002975,CLI_0571,2024-02-16,Virement reçu,1159.02,0.0
TRX_002976,CLI_0572,2022-06-10,Paiement carte,221.51,0.44
TRX_002977,CLI_0572,2022-06-15,Chèque,835.81,0.3
TRX_002978,CLI_0572,2022-10-03,Dépôt,1693.75,0.0
TRX_002979,CLI_0572,2025-02-15,Virement,2650.23,1.0
TRX_002980,CLI_0572,2023-04-03,Paiement carte,431.8,0.86
TRX_002981,CLI_0572,2025-06-08,Dépôt,60.62,0.0
TRX_002982,CLI_0573,2026-02-12,Prélèvement,171.04,0.0
TRX_002983,CLI_0573,2024-10-31,Retrait DAB,198.99,1.5
TRX_002984,CLI_0573,2024-09-06,Paiement carte,46.82,0.09
TRX_002985,CLI_0573,2025-07-28,Virement reçu,757.59,0.0
TRX_002986,CLI_0573,2023-07-25,Retrait DAB,200.53,1.5
TRX_002987,CLI_0574,2024-02-09,Virement,3883.24,1.0
TRX_002988,CLI_0574,2023-08-22,Chèque,858.13,0.3
TRX_002989,CLI_0574,2025-10-29,Prélèvement,772.58,0.0
TRX_002990,CLI_0574,2025-12-01,Dépôt,378.01,0.0
TRX_002991,CLI_0574,2025-05-21,Retrait DAB,253.4,1.5
TRX_002992,CLI_0574,2024-09-24,Dépôt,430.46,0.0
TRX_002993,CLI_0574,2024-07-16,Virement reçu,4473.8,0.0
TRX_002994,CLI_0575,2025-09-06,Chèque,341.09,0.3
TRX_002995,CLI_0575,2024-10-14,Paiement carte,305.96,0.61
TRX_002996,CLI_0575,2025-07-14,Virement reçu,4369.53,0.0
TRX_002997,CLI_0575,2025-10-28,Dépôt,1997.86,0.0
TRX_002998,CLI_0575,2025-05-29,Paiement carte,307.8,0.62
TRX_002999,CLI_0575,2025-02-25,Retrait DAB,133.32,1.5
TRX_003000,CLI_0575,2025-06-17,Prélèvement,263.95,0.0
TRX_003001,CLI_0575,2026-01-31,Retrait DAB,91.99,1.5
TRX_003002,CLI_0575,2024-05-08,Chèque,531.51,0.3
TRX_003003,CLI_0575,2024-08-07,Prélèvement,398.91,0.0
TRX_003004,CLI_0575,2025-03-24,Retrait DAB,275.87,1.5
TRX_003005,CLI_0576,2025-04-12,Chèque,445.18,0.3
TRX_003006,CLI_0576,2024-08-08,Prélèvement,844.79,0.0
TRX_003007,CLI_0577,2023-06-12,Retrait DAB,253.24,1.5
TRX_003008,CLI_0577,2024-01-08,Prélèvement,713.27,0.0
TRX_003009,CLI_0577,2024-12-06,Prélèvement,326.84,0.0
TRX_003010,CLI_0577,2025-06-15,Dépôt,705.51,0.0
TRX_003011,CLI_0577,2023-01-24,Prélèvement,343.05,0.0
TRX_003012,CLI_0577,2022-06-13,Chèque,118.04,0.3
TRX_003013,CLI_0577,2025-06-08,Virement reçu,2954.59,0.0
TRX_003014,CLI_0577,2025-03-14,Chèque,728.95,0.3
TRX_003015,CLI_0578,2024-08-01,Prélèvement,684.04,0.0
TRX_003016,CLI_0578,2024-10-26,Virement,162.55,0.5
TRX_003017,CLI_0578,2024-04-08,Retrait DAB,264.03,1.5
TRX_003018,CLI_0578,2025-10-06,Prélèvement,474.4,0.0
TRX_003019,CLI_0578,2025-05-22,Retrait DAB,116.03,1.5
TRX_003020,CLI_0579,2026-01-12,Prélèvement,739.2,0.0
TRX_003021,CLI_0579,2025-12-01,Dépôt,208.07,0.0
TRX_003022,CLI_0579,2025-10-18,Virement reçu,3610.62,0.0
TRX_003023,CLI_0580,2022-12-19,Retrait DAB,265.76,1.5
TRX_003024,CLI_0580,2022-01-06,Retrait DAB,247.68,1.5
TRX_003025,CLI_0581,2024-11-01,Dépôt,1773.34,0.0
TRX_003026,CLI_0581,2024-01-13,Dépôt,1869.99,0.0
TRX_003027,CLI_0581,2024-06-03,Virement,4307.84,1.0
TRX_003028,CLI_0582,2022-11-07,Paiement carte,289.05,0.58
TRX_003029,CLI_0582,2025-07-05,Chèque,875.0,0.3
TRX_003030,CLI_0582,2023-07-11,Paiement carte,48.39,0.1
TRX_003031,CLI_0582,2024-07-03,Prélèvement,118.95,0.0
TRX_003032,CLI_0582,2022-09-25,Virement reçu,4266.56,0.0
TRX_003033,CLI_0582,2025-10-09,Dépôt,465.06,0.0
TRX_003034,CLI_0582,2024-07-26,Virement reçu,3376.89,0.0
TRX_003035,CLI_0582,2024-05-14,Paiement carte,276.01,0.55
TRX_003036,CLI_0583,2025-08-20,Chèque,974.36,0.3
TRX_003037,CLI_0583,2026-01-12,Virement reçu,1453.57,0.0
TRX_003038,CLI_0583,2025-06-08,Chèque,813.15,0.3
TRX_003039,CLI_0584,2024-07-16,Virement reçu,4737.26,0.0
TRX_003040,CLI_0584,2023-11-07,Retrait DAB,136.2,1.5
TRX_003041,CLI_0584,2025-03-27,Virement,1702.02,1.0
TRX_003042,CLI_0584,2025-06-22,Paiement carte,307.28,0.61
TRX_003043,CLI_0584,2021-08-06,Prélèvement,933.93,0.0
TRX_003044,CLI_0584,2025-03-04,Dépôt,1682.01,0.0
TRX_003045,CLI_0584,2022-01-10,Retrait DAB,298.74,1.5
TRX_003046,CLI_0584,2021-07-05,Paiement carte,21.06,0.04
TRX_003047,CLI_0584,2024-10-31,Chèque,201.57,0.3
TRX_003048,CLI_0584,2022-08-10,Paiement carte,308.64,0.62
TRX_003049,CLI_0584,2023-05-17,Virement,4120.82,1.0
TRX_003050,CLI_0585,2024-10-29,Virement,2791.42,1.0
TRX_003051,CLI_0585,2024-02-03,Dépôt,1509.3,0.0
TRX_003052,CLI_0585,2025-12-13,Prélèvement,794.73,0.0
TRX_003053,CLI_0585,2024-07-22,Prélèvement,358.38,0.0
TRX_003054,CLI_0586,2025-01-26,Virement,2578.47,1.0
TRX_003055,CLI_0586,2025-10-17,Chèque,604.31,0.3
TRX_003056,CLI_0586,2025-08-31,Virement reçu,3670.21,0.0
TRX_003057,CLI_0586,2025-12-24,Virement,1838.74,1.0
TRX_003058,CLI_0586,2025-10-04,Paiement carte,310.22,0.62
TRX_003059,CLI_0586,2025-04-24,Paiement carte,296.83,0.59
TRX_003060,CLI_0586,2025-06-26,Dépôt,1117.85,0.0
TRX_003061,CLI_0586,2025-11-20,Dépôt,1298.94,0.0
TRX_003062,CLI_0586,2025-02-12,Virement reçu,1371.3,0.0
TRX_003063,CLI_0586,2025-07-18,Paiement carte,51.48,0.1
TRX_003064,CLI_0586,2025-03-31,Virement reçu,684.43,0.0
TRX_003065,CLI_0587,2025-03-05,Retrait DAB,160.06,1.5
TRX_003066,CLI_0587,2024-12-10,Retrait DAB,255.32,1.5
TRX_003067,CLI_0587,2022-11-05,Retrait DAB,216.36,1.5
TRX_003068,CLI_0587,2024-09-17,Retrait DAB,240.93,1.5
TRX_003069,CLI_0587,2024-07-03,Paiement carte,181.98,0.36
TRX_003070,CLI_0587,2025-12-03,Virement,2082.8,1.0
TRX_003071,CLI_0587,2023-12-27,Virement reçu,2029.04,0.0
TRX_003072,CLI_0588,2024-01-26,Virement reçu,4387.0,0.0
TRX_003073,CLI_0588,2023-11-29,Chèque,794.6,0.3
TRX_003074,CLI_0588,2024-01-23,Retrait DAB,137.01,1.5
TRX_003075,CLI_0588,2022-07-01,Chèque,773.57,0.3
TRX_003076,CLI_0588,2025-08-29,Paiement carte,481.05,0.96
TRX_003077,CLI_0588,2025-08-31,Paiement carte,234.9,0.47
TRX_003078,CLI_0588,2022-05-12,Chèque,314.58,0.3
TRX_003079,CLI_0588,2024-11-14,Dépôt,1886.54,0.0
TRX_003080,CLI_0588,2022-01-23,Prélèvement,623.56,0.0
TRX_003081,CLI_0588,2022-09-29,Retrait DAB,49.47,1.5
TRX_003082,CLI_0589,2023-09-30,Chèque,468.03,0.3
TRX_003083,CLI_0589,2024-01-11,Retrait DAB,205.35,1.5
TRX_003084,CLI_0590,2020-12-08,Dépôt,1084.86,0.0
TRX_003085,CLI_0590,2024-10-21,Paiement carte,135.06,0.27
TRX_003086,CLI_0590,2021-01-23,Virement,3410.66,1.0
TRX_003087,CLI_0590,2022-11-11,Virement reçu,2758.62,0.0
TRX_003088,CLI_0590,2025-09-10,Retrait DAB,85.25,1.5
TRX_003089,CLI_0590,2022-11-21,Prélèvement,594.95,0.0
TRX_003090,CLI_0590,2023-09-07,Paiement carte,412.55,0.83
TRX_003091,CLI_0590,2024-07-19,Dépôt,105.71,0.0
TRX_003092,CLI_0590,2024-10-19,Prélèvement,649.31,0.0
TRX_003093,CLI_0591,2024-05-15,Prélèvement,734.59,0.0
TRX_003094,CLI_0591,2025-05-23,Retrait DAB,160.09,1.5
TRX_003095,CLI_0591,2026-01-01,Virement,4481.09,1.0
TRX_003096,CLI_0591,2024-12-11,Chèque,927.88,0.3
TRX_003097,CLI_0591,2024-12-15,Paiement carte,37.03,0.07
TRX_003098,CLI_0591,2025-11-07,Prélèvement,829.61,0.0
TRX_003099,CLI_0591,2023-05-27,Chèque,133.93,0.3
TRX_003100,CLI_0591,2023-04-08,Prélèvement,398.81,0.0
TRX_003101,CLI_0592,2025-01-15,Retrait DAB,194.25,1.5
TRX_003102,CLI_0592,2026-02-06,Chèque,736.05,0.3
TRX_003103,CLI_0592,2026-02-02,Paiement carte,156.04,0.31
TRX_003104,CLI_0592,2024-08-27,Virement reçu,2119.27,0.0
TRX_003105,CLI_0593,2025-06-29,Paiement carte,294.59,0.59
TRX_003106,CLI_0593,2025-03-10,Paiement carte,360.05,0.72
TRX_003107,CLI_0593,2025-05-16,Virement,4591.55,1.0
TRX_003108,CLI_0593,2025-01-08,Chèque,734.95,0.3
TRX_003109,CLI_0593,2025-06-18,Paiement carte,339.17,0.68
TRX_003110,CLI_0594,2023-02-26,Dépôt,1454.2,0.0
TRX_003111,CLI_0594,2024-10-22,Dépôt,1368.19,0.0
TRX_003112,CLI_0594,2025-06-23,Dépôt,1426.04,0.0
TRX_003113,CLI_0594,2025-03-24,Chèque,540.31,0.3
TRX_003114,CLI_0594,2024-03-24,Virement reçu,1976.39,0.0
TRX_003115,CLI_0594,2025-06-13,Virement reçu,1188.2,0.0
TRX_003116,CLI_0595,2022-06-17,Retrait DAB,40.77,1.5
TRX_003117,CLI_0595,2024-08-30,Virement reçu,1040.88,0.0
TRX_003118,CLI_0596,2025-04-14,Virement,334.41,0.5
TRX_003119,CLI_0596,2026-01-15,Retrait DAB,258.05,1.5
TRX_003120,CLI_0596,2024-02-16,Dépôt,1995.29,0.0
TRX_003121,CLI_0596,2023-11-01,Prélèvement,892.6,0.0
TRX_003122,CLI_0596,2024-07-26,Paiement carte,407.11,0.81
TRX_003123,CLI_0596,2026-02-18,Virement reçu,1934.1,0.0
TRX_003124,CLI_0596,2024-01-19,Retrait DAB,84.77,1.5
TRX_003125,CLI_0596,2024-02-17,Virement,3700.77,1.0
TRX_003126,CLI_0597,2024-04-08,Retrait DAB,69.47,1.5
TRX_003127,CLI_0597,2024-09-05,Virement reçu,2943.12,0.0
TRX_003128,CLI_0597,2026-01-22,Retrait DAB,273.13,1.5
TRX_003129,CLI_0598,2022-05-26,Retrait DAB,255.38,1.5
TRX_003130,CLI_0598,2023-10-06,Dépôt,1702.9,0.0
TRX_003131,CLI_0598,2025-09-16,Virement,3880.69,1.0
TRX_003132,CLI_0599,2024-08-31,Prélèvement,815.46,0.0
TRX_003133,CLI_0599,2026-01-30,Virement reçu,3052.31,0.0
TRX_003134,CLI_0599,2022-10-24,Chèque,366.24,0.3
TRX_003135,CLI_0599,2022-04-25,Dépôt,1782.01,0.0
TRX_003136,CLI_0599,2026-01-02,Prélèvement,848.57,0.0
TRX_003137,CLI_0599,2024-10-31,Retrait DAB,152.41,1.5
TRX_003138,CLI_0599,2023-07-23,Chèque,135.17,0.3
TRX_003139,CLI_0600,2026-01-24,Chèque,933.65,0.3
TRX_003140,CLI_0600,2025-10-18,Retrait DAB,289.26,1.5
TRX_003141,CLI_0601,2026-01-09,Virement,3414.31,1.0
TRX_003142,CLI_0601,2026-02-22,Dépôt,229.92,0.0
TRX_003143,CLI_0601,2026-01-07,Chèque,756.57,0.3
TRX_003144,CLI_0601,2025-11-14,Virement,1801.71,1.0
TRX_003145,CLI_0601,2025-11-13,Dépôt,1378.05,0.0
TRX_003146,CLI_0601,2025-12-20,Retrait DAB,124.41,1.5
TRX_003147,CLI_0601,2026-02-10,Paiement carte,81.33,0.16
TRX_003148,CLI_0601,2026-01-04,Prélèvement,435.8,0.0
TRX_003149,CLI_0601,2025-11-04,Prélèvement,157.04,0.0
TRX_003150,CLI_0602,2025-06-14,Dépôt,1002.78,0.0
TRX_003151,CLI_0602,2025-07-18,Chèque,642.9,0.3
TRX_003152,CLI_0602,2025-07-01,Chèque,393.02,0.3
TRX_003153,CLI_0603,2025-12-25,Dépôt,1683.85,0.0
TRX_003154,CLI_0603,2026-01-27,Chèque,894.5,0.3
TRX_003155,CLI_0603,2025-12-16,Chèque,929.84,0.3
TRX_003156,CLI_0604,2024-12-12,Virement reçu,3154.24,0.0
TRX_003157,CLI_0604,2025-01-01,Virement reçu,376.03,0.0
TRX_003158,CLI_0605,2026-02-08,Chèque,904.58,0.3
TRX_003159,CLI_0605,2025-08-28,Paiement carte,487.43,0.97
TRX_003160,CLI_0605,2025-11-24,Virement,326.68,0.5
TRX_003161,CLI_0605,2025-08-28,Chèque,420.2,0.3
TRX_003162,CLI_0605,2025-09-01,Virement,1143.18,1.0
TRX_003163,CLI_0605,2025-11-29,Retrait DAB,231.67,1.5
TRX_003164,CLI_0605,2025-10-17,Virement reçu,3236.95,0.0
TRX_003165,CLI_0606,2024-04-28,Prélèvement,240.15,0.0
TRX_003166,CLI_0606,2025-03-19,Dépôt,673.2,0.0
TRX_003167,CLI_0606,2026-02-14,Chèque,632.63,0.3
TRX_003168,CLI_0606,2024-02-04,Prélèvement,118.62,0.0
TRX_003169,CLI_0606,2023-09-03,Virement,822.52,0.5
TRX_003170,CLI_0606,2021-08-02,Prélèvement,119.58,0.0
TRX_003171,CLI_0606,2021-09-13,Chèque,831.09,0.3
TRX_003172,CLI_0607,2024-11-24,Prélèvement,765.65,0.0
TRX_003173,CLI_0607,2024-11-12,Prélèvement,730.51,0.0
TRX_003174,CLI_0608,2025-04-08,Prélèvement,735.22,0.0
TRX_003175,CLI_0608,2024-12-29,Prélèvement,198.61,0.0
TRX_003176,CLI_0608,2024-08-17,Paiement carte,426.47,0.85
TRX_003177,CLI_0608,2024-09-20,Virement,3658.33,1.0
TRX_003178,CLI_0608,2024-06-17,Chèque,857.64,0.3
TRX_003179,CLI_0609,2026-01-02,Chèque,550.32,0.3
TRX_003180,CLI_0609,2025-12-20,Virement,1851.82,1.0
TRX_003181,CLI_0609,2025-10-21,Virement,1459.39,1.0
TRX_003182,CLI_0609,2025-09-09,Chèque,678.52,0.3
TRX_003183,CLI_0609,2026-02-16,Dépôt,1400.96,0.0
TRX_003184,CLI_0609,2026-01-30,Virement,4367.74,1.0
TRX_003185,CLI_0610,2025-10-13,Virement,2686.28,1.0
TRX_003186,CLI_0610,2025-06-24,Virement,2636.39,1.0
TRX_003187,CLI_0610,2025-03-20,Retrait DAB,181.81,1.5
TRX_003188,CLI_0610,2026-01-22,Virement,3771.65,1.0
TRX_003189,CLI_0610,2025-04-05,Chèque,968.22,0.3
TRX_003190,CLI_0610,2025-04-19,Dépôt,193.45,0.0
TRX_003191,CLI_0610,2025-05-31,Dépôt,154.2,0.0
TRX_003192,CLI_0610,2025-05-28,Prélèvement,940.67,0.0
TRX_003193,CLI_0610,2026-01-24,Retrait DAB,168.37,1.5
TRX_003194,CLI_0611,2022-11-11,Virement,2822.07,1.0
TRX_003195,CLI_0611,2023-07-08,Chèque,765.66,0.3
TRX_003196,CLI_0611,2024-04-03,Dépôt,1023.52,0.0
TRX_003197,CLI_0611,2024-08-25,Retrait DAB,96.24,1.5
TRX_003198,CLI_0612,2023-04-24,Chèque,658.74,0.3
TRX_003199,CLI_0612,2025-03-21,Chèque,747.09,0.3
TRX_003200,CLI_0613,2025-12-31,Dépôt,1489.78,0.0
TRX_003201,CLI_0613,2024-08-19,Dépôt,325.97,0.0
TRX_003202,CLI_0613,2025-07-21,Virement,4424.1,1.0
TRX_003203,CLI_0613,2024-03-26,Chèque,624.16,0.3
TRX_003204,CLI_0613,2025-07-30,Chèque,214.16,0.3
TRX_003205,CLI_0613,2023-12-30,Dépôt,950.75,0.0
TRX_003206,CLI_0613,2024-07-25,Virement reçu,4239.48,0.0
TRX_003207,CLI_0613,2024-06-29,Retrait DAB,271.32,1.5
TRX_003208,CLI_0613,2024-06-08,Chèque,338.18,0.3
TRX_003209,CLI_0613,2025-06-18,Virement,3585.2,1.0
TRX_003210,CLI_0613,2025-12-27,Virement,589.93,0.5
TRX_003211,CLI_0614,2022-12-11,Dépôt,742.81,0.0
TRX_003212,CLI_0614,2025-11-13,Retrait DAB,33.77,1.5
TRX_003213,CLI_0614,2022-08-15,Paiement carte,25.22,0.05
TRX_003214,CLI_0614,2021-09-30,Prélèvement,576.47,0.0
TRX_003215,CLI_0614,2024-07-10,Paiement carte,383.4,0.77
TRX_003216,CLI_0614,2025-04-20,Prélèvement,560.51,0.0
TRX_003217,CLI_0614,2023-02-05,Paiement carte,421.98,0.84
TRX_003218,CLI_0614,2021-10-23,Chèque,130.08,0.3
TRX_003219,CLI_0615,2026-02-01,Retrait DAB,98.25,1.5
TRX_003220,CLI_0615,2021-04-05,Paiement carte,295.11,0.59
TRX_003221,CLI_0615,2021-03-08,Dépôt,157.93,0.0
TRX_003222,CLI_0615,2021-04-30,Paiement carte,80.84,0.16
TRX_003223,CLI_0616,2025-03-06,Virement reçu,4619.31,0.0
TRX_003224,CLI_0616,2024-10-08,Dépôt,880.49,0.0
TRX_003225,CLI_0616,2023-05-20,Virement,4929.07,1.0
TRX_003226,CLI_0616,2024-12-28,Paiement carte,281.49,0.56
TRX_003227,CLI_0616,2023-10-20,Paiement carte,466.11,0.93
TRX_003228,CLI_0616,2024-09-28,Paiement carte,12.62,0.03
TRX_003229,CLI_0616,2024-11-25,Virement reçu,3766.37,0.0
TRX_003230,CLI_0617,2026-02-20,Paiement carte,464.88,0.93
TRX_003231,CLI_0617,2025-09-15,Dépôt,156.83,0.0
TRX_003232,CLI_0617,2025-11-01,Retrait DAB,138.04,1.5
TRX_003233,CLI_0617,2026-02-23,Paiement carte,356.69,0.71
TRX_003234,CLI_0617,2025-09-06,Chèque,516.42,0.3
TRX_003235,CLI_0618,2025-05-16,Chèque,261.68,0.3
TRX_003236,CLI_0618,2025-12-10,Virement reçu,4802.01,0.0
TRX_003237,CLI_0618,2025-10-16,Prélèvement,415.9,0.0
TRX_003238,CLI_0618,2025-04-17,Virement reçu,1773.69,0.0
TRX_003239,CLI_0618,2025-12-18,Virement reçu,4385.57,0.0
TRX_003240,CLI_0618,2025-06-03,Paiement carte,286.29,0.57
TRX_003241,CLI_0618,2025-11-21,Dépôt,1057.07,0.0
TRX_003242,CLI_0618,2025-05-24,Virement,3662.19,1.0
TRX_003243,CLI_0618,2025-06-23,Paiement carte,294.12,0.59
TRX_003244,CLI_0619,2025-06-13,Virement reçu,3058.4,0.0
TRX_003245,CLI_0619,2023-10-10,Virement reçu,903.27,0.0
TRX_003246,CLI_0619,2024-02-24,Virement,3706.17,1.0
TRX_003247,CLI_0619,2025-03-29,Prélèvement,336.17,0.0
TRX_003248,CLI_0619,2025-02-06,Prélèvement,490.22,0.0
TRX_003249,CLI_0619,2025-06-20,Virement,3037.21,1.0
TRX_003250,CLI_0619,2024-07-04,Chèque,254.15,0.3
TRX_003251,CLI_0619,2025-08-01,Virement reçu,3734.03,0.0
TRX_003252,CLI_0619,2026-01-01,Retrait DAB,104.74,1.5
TRX_003253,CLI_0620,2023-02-25,Chèque,215.76,0.3
TRX_003254,CLI_0620,2024-07-30,Retrait DAB,144.82,1.5
TRX_003255,CLI_0621,2023-11-15,Virement reçu,728.12,0.0
TRX_003256,CLI_0621,2024-08-02,Paiement carte,218.42,0.44
TRX_003257,CLI_0621,2023-12-03,Dépôt,532.05,0.0
TRX_003258,CLI_0621,2022-10-08,Prélèvement,760.96,0.0
TRX_003259,CLI_0621,2025-07-05,Paiement carte,138.4,0.28
TRX_003260,CLI_0622,2024-12-25,Virement,4469.92,1.0
TRX_003261,CLI_0622,2025-03-08,Paiement carte,106.26,0.21
TRX_003262,CLI_0622,2025-07-12,Prélèvement,633.15,0.0
TRX_003263,CLI_0623,2025-01-08,Prélèvement,598.31,0.0
TRX_003264,CLI_0623,2021-08-31,Virement,4687.58,1.0
TRX_003265,CLI_0623,2025-08-21,Virement,4346.79,1.0
TRX_003266,CLI_0623,2026-02-26,Virement,4914.64,1.0
TRX_003267,CLI_0623,2024-04-17,Virement reçu,2686.39,0.0
TRX_003268,CLI_0623,2021-08-25,Prélèvement,798.53,0.0
TRX_003269,CLI_0623,2023-08-24,Dépôt,1688.78,0.0
TRX_003270,CLI_0623,2025-04-23,Retrait DAB,201.45,1.5
TRX_003271,CLI_0623,2022-05-10,Retrait DAB,114.85,1.5
TRX_003272,CLI_0624,2023-07-04,Chèque,737.89,0.3
TRX_003273,CLI_0624,2023-05-24,Virement reçu,1319.82,0.0
TRX_003274,CLI_0624,2025-11-17,Chèque,391.99,0.3
TRX_003275,CLI_0624,2025-09-22,Chèque,400.79,0.3
TRX_003276,CLI_0624,2025-07-30,Prélèvement,74.46,0.0
TRX_003277,CLI_0624,2024-08-11,Virement reçu,1771.13,0.0
TRX_003278,CLI_0624,2025-10-03,Paiement carte,403.62,0.81
TRX_003279,CLI_0625,2025-07-07,Retrait DAB,142.46,1.5
TRX_003280,CLI_0625,2025-08-15,Retrait DAB,281.14,1.5
TRX_003281,CLI_0625,2025-08-13,Dépôt,1283.32,0.0
TRX_003282,CLI_0625,2024-02-25,Chèque,359.47,0.3
TRX_003283,CLI_0626,2024-08-10,Paiement carte,153.88,0.31
TRX_003284,CLI_0626,2024-11-07,Paiement carte,205.8,0.41
TRX_003285,CLI_0626,2025-10-12,Retrait DAB,258.68,1.5
TRX_003286,CLI_0626,2025-07-29,Paiement carte,255.15,0.51
TRX_003287,CLI_0626,2025-10-22,Virement,3426.61,1.0
TRX_003288,CLI_0626,2024-08-11,Prélèvement,422.37,0.0
TRX_003289,CLI_0626,2026-01-30,Virement reçu,1391.67,0.0
TRX_003290,CLI_0626,2025-05-15,Virement reçu,4777.74,0.0
TRX_003291,CLI_0626,2024-12-24,Paiement carte,305.75,0.61
TRX_003292,CLI_0627,2025-04-23,Prélèvement,740.77,0.0
TRX_003293,CLI_0627,2024-12-22,Virement reçu,103.51,0.0
TRX_003294,CLI_0627,2025-03-11,Paiement carte,469.06,0.94
TRX_003295,CLI_0628,2021-09-25,Dépôt,1377.79,0.0
TRX_003296,CLI_0628,2026-01-03,Virement reçu,1014.23,0.0
TRX_003297,CLI_0628,2025-10-10,Paiement carte,141.99,0.28
TRX_003298,CLI_0628,2022-04-05,Dépôt,1611.29,0.0
TRX_003299,CLI_0628,2021-02-17,Paiement carte,232.4,0.46
TRX_003300,CLI_0628,2023-06-17,Paiement carte,338.56,0.68
TRX_003301,CLI_0628,2024-09-28,Dépôt,670.79,0.0
TRX_003302,CLI_0628,2024-06-17,Chèque,443.11,0.3
TRX_003303,CLI_0629,2025-04-15,Retrait DAB,91.95,1.5
TRX_003304,CLI_0629,2024-08-29,Virement,202.46,0.5
TRX_003305,CLI_0629,2026-02-22,Virement,1193.14,1.0
TRX_003306,CLI_0630,2021-04-16,Chèque,653.58,0.3
TRX_003307,CLI_0630,2022-08-17,Retrait DAB,154.73,1.5
TRX_003308,CLI_0631,2025-06-15,Virement,1226.6,1.0
TRX_003309,CLI_0632,2025-10-25,Retrait DAB,184.26,1.5
TRX_003310,CLI_0632,2025-02-16,Virement,3159.43,1.0
TRX_003311,CLI_0632,2025-04-06,Retrait DAB,202.92,1.5
TRX_003312,CLI_0632,2025-01-23,Paiement carte,44.48,0.09
TRX_003313,CLI_0632,2025-01-17,Virement,3192.07,1.0
TRX_003314,CLI_0633,2024-08-09,Prélèvement,412.09,0.0
TRX_003315,CLI_0633,2024-07-20,Virement reçu,2118.08,0.0
TRX_003316,CLI_0633,2024-12-26,Dépôt,1468.78,0.0
TRX_003317,CLI_0634,2021-04-19,Virement reçu,4288.23,0.0
TRX_003318,CLI_0634,2021-03-11,Chèque,936.62,0.3
TRX_003319,CLI_0634,2022-07-14,Virement,1002.68,1.0
TRX_003320,CLI_0634,2022-09-19,Prélèvement,465.02,0.0
TRX_003321,CLI_0634,2020-12-07,Dépôt,815.15,0.0
TRX_003322,CLI_0635,2025-03-30,Virement,2125.98,1.0
TRX_003323,CLI_0635,2025-08-15,Virement reçu,1110.39,0.0
TRX_003324,CLI_0635,2025-07-07,Dépôt,1759.29,0.0
TRX_003325,CLI_0635,2025-10-10,Paiement carte,87.56,0.18
TRX_003326,CLI_0636,2025-11-03,Virement,1116.6,1.0
TRX_003327,CLI_0637,2026-01-09,Paiement carte,349.01,0.7
TRX_003328,CLI_0637,2025-11-15,Virement,1977.04,1.0
TRX_003329,CLI_0637,2025-06-29,Paiement carte,435.86,0.87
TRX_003330,CLI_0637,2025-11-06,Paiement carte,288.48,0.58
TRX_003331,CLI_0637,2025-07-02,Dépôt,907.04,0.0
TRX_003332,CLI_0637,2025-03-09,Chèque,160.52,0.3
TRX_003333,CLI_0637,2025-09-25,Virement,2376.98,1.0
TRX_003334,CLI_0638,2024-04-15,Retrait DAB,192.07,1.5
TRX_003335,CLI_0638,2025-12-02,Dépôt,1672.72,0.0
TRX_003336,CLI_0638,2025-01-14,Prélèvement,519.31,0.0
TRX_003337,CLI_0638,2024-10-24,Retrait DAB,53.17,1.5
TRX_003338,CLI_0638,2025-07-30,Prélèvement,62.96,0.0
TRX_003339,CLI_0639,2024-02-12,Virement reçu,3520.15,0.0
TRX_003340,CLI_0639,2026-01-30,Chèque,811.23,0.3
TRX_003341,CLI_0640,2021-11-12,Chèque,546.09,0.3
TRX_003342,CLI_0640,2024-06-12,Prélèvement,450.06,0.0
TRX_003343,CLI_0640,2023-01-20,Retrait DAB,134.95,1.5
TRX_003344,CLI_0641,2021-05-08,Retrait DAB,58.18,1.5
TRX_003345,CLI_0641,2024-04-19,Paiement carte,106.38,0.21
TRX_003346,CLI_0641,2025-08-05,Prélèvement,102.57,0.0
TRX_003347,CLI_0641,2024-08-02,Virement reçu,1070.84,0.0
TRX_003348,CLI_0641,2021-08-07,Virement reçu,145.08,0.0
TRX_003349,CLI_0641,2025-10-25,Dépôt,1273.15,0.0
TRX_003350,CLI_0641,2021-08-13,Dépôt,666.93,0.0
TRX_003351,CLI_0641,2022-12-21,Retrait DAB,292.48,1.5
TRX_003352,CLI_0641,2021-06-17,Dépôt,427.75,0.0
TRX_003353,CLI_0642,2025-11-26,Paiement carte,492.38,0.98
TRX_003354,CLI_0642,2025-08-12,Prélèvement,332.87,0.0
TRX_003355,CLI_0642,2025-05-22,Chèque,639.73,0.3
TRX_003356,CLI_0643,2024-05-25,Virement reçu,4706.88,0.0
TRX_003357,CLI_0643,2025-01-11,Dépôt,1789.54,0.0
TRX_003358,CLI_0643,2025-01-09,Paiement carte,272.41,0.54
TRX_003359,CLI_0643,2026-01-16,Dépôt,1110.01,0.0
TRX_003360,CLI_0643,2025-01-22,Prélèvement,671.09,0.0
TRX_003361,CLI_0643,2025-05-06,Paiement carte,199.65,0.4
TRX_003362,CLI_0643,2024-11-20,Dépôt,1312.08,0.0
TRX_003363,CLI_0643,2025-08-17,Paiement carte,31.94,0.06
TRX_003364,CLI_0644,2025-09-06,Chèque,772.0,0.3
TRX_003365,CLI_0644,2025-05-02,Prélèvement,139.13,0.0
TRX_003366,CLI_0644,2023-11-08,Virement reçu,2611.66,0.0
TRX_003367,CLI_0644,2025-10-09,Dépôt,1150.18,0.0
TRX_003368,CLI_0644,2024-04-28,Dépôt,1013.61,0.0
TRX_003369,CLI_0644,2025-03-14,Prélèvement,745.28,0.0
TRX_003370,CLI_0644,2025-08-26,Chèque,445.41,0.3
TRX_003371,CLI_0645,2025-05-29,Retrait DAB,108.65,1.5
TRX_003372,CLI_0645,2025-11-20,Dépôt,830.3,0.0
TRX_003373,CLI_0645,2025-10-27,Chèque,235.45,0.3
TRX_003374,CLI_0646,2025-12-05,Paiement carte,144.87,0.29
TRX_003375,CLI_0647,2025-05-28,Virement reçu,2263.52,0.0
TRX_003376,CLI_0647,2025-09-29,Virement,2504.01,1.0
TRX_003377,CLI_0647,2025-02-27,Prélèvement,856.33,0.0
TRX_003378,CLI_0647,2024-04-10,Paiement carte,355.97,0.71
TRX_003379,CLI_0648,2025-10-23,Prélèvement,429.15,0.0
TRX_003380,CLI_0648,2025-10-24,Virement reçu,2135.65,0.0
TRX_003381,CLI_0648,2025-12-01,Chèque,467.17,0.3
TRX_003382,CLI_0648,2026-01-05,Paiement carte,169.03,0.34
TRX_003383,CLI_0648,2025-12-06,Chèque,803.52,0.3
TRX_003384,CLI_0648,2025-10-02,Virement reçu,3819.08,0.0
TRX_003385,CLI_0648,2025-11-07,Chèque,530.78,0.3
TRX_003386,CLI_0648,2025-12-30,Retrait DAB,32.51,1.5
TRX_003387,CLI_0648,2025-11-28,Virement reçu,1616.84,0.0
TRX_003388,CLI_0648,2025-10-27,Retrait DAB,101.84,1.5
TRX_003389,CLI_0649,2025-02-28,Paiement carte,251.19,0.5
TRX_003390,CLI_0649,2025-03-03,Virement,4415.19,1.0
TRX_003391,CLI_0649,2024-12-02,Prélèvement,442.27,0.0
TRX_003392,CLI_0649,2024-07-30,Prélèvement,560.62,0.0
TRX_003393,CLI_0650,2025-10-28,Paiement carte,343.07,0.69
TRX_003394,CLI_0650,2025-12-12,Dépôt,1237.61,0.0
TRX_003395,CLI_0651,2025-05-04,Paiement carte,343.49,0.69
TRX_003396,CLI_0651,2020-11-11,Prélèvement,165.2,0.0
TRX_003397,CLI_0651,2022-03-27,Retrait DAB,51.85,1.5
TRX_003398,CLI_0651,2021-12-23,Virement,2113.71,1.0
TRX_003399,CLI_0651,2023-05-07,Chèque,683.05,0.3
TRX_003400,CLI_0651,2023-07-25,Virement reçu,3589.15,0.0
TRX_003401,CLI_0651,2022-06-03,Virement reçu,974.41,0.0
TRX_003402,CLI_0651,2020-12-02,Virement reçu,489.98,0.0
TRX_003403,CLI_0651,2025-11-24,Chèque,946.36,0.3
TRX_003404,CLI_0651,2020-09-02,Virement,1377.27,1.0
TRX_003405,CLI_0652,2021-06-12,Retrait DAB,49.62,1.5
TRX_003406,CLI_0653,2023-10-11,Chèque,795.27,0.3
TRX_003407,CLI_0653,2021-02-23,Paiement carte,92.73,0.19
TRX_003408,CLI_0653,2024-07-05,Virement reçu,4126.83,0.0
TRX_003409,CLI_0653,2021-06-12,Paiement carte,386.93,0.77
TRX_003410,CLI_0653,2022-01-04,Prélèvement,616.89,0.0
TRX_003411,CLI_0653,2021-09-09,Dépôt,707.54,0.0
TRX_003412,CLI_0654,2025-08-27,Dépôt,287.68,0.0
TRX_003413,CLI_0655,2024-01-27,Dépôt,1191.26,0.0
TRX_003414,CLI_0655,2025-08-06,Chèque,423.41,0.3
TRX_003415,CLI_0655,2025-05-12,Chèque,527.82,0.3
TRX_003416,CLI_0655,2025-03-16,Retrait DAB,121.78,1.5
TRX_003417,CLI_0655,2025-02-15,Virement,3240.93,1.0
TRX_003418,CLI_0656,2025-08-23,Dépôt,458.59,0.0
TRX_003419,CLI_0657,2025-11-12,Chèque,443.27,0.3
TRX_003420,CLI_0657,2026-02-08,Retrait DAB,59.44,1.5
TRX_003421,CLI_0658,2025-08-01,Chèque,755.98,0.3
TRX_003422,CLI_0658,2025-12-10,Virement reçu,4666.37,0.0
TRX_003423,CLI_0658,2025-09-01,Chèque,350.98,0.3
TRX_003424,CLI_0658,2025-06-14,Paiement carte,475.6,0.95
TRX_003425,CLI_0659,2022-11-22,Prélèvement,622.86,0.0
TRX_003426,CLI_0659,2022-04-08,Prélèvement,104.28,0.0
TRX_003427,CLI_0660,2025-12-05,Retrait DAB,251.41,1.5
TRX_003428,CLI_0660,2026-02-01,Paiement carte,457.74,0.92
TRX_003429,CLI_0660,2025-12-16,Chèque,891.94,0.3
TRX_003430,CLI_0660,2025-10-26,Paiement carte,499.87,1.0
TRX_003431,CLI_0661,2024-07-22,Retrait DAB,233.73,1.5
TRX_003432,CLI_0661,2025-06-27,Virement,2973.65,1.0
TRX_003433,CLI_0661,2023-05-05,Dépôt,559.43,0.0
TRX_003434,CLI_0661,2023-12-10,Paiement carte,491.13,0.98
TRX_003435,CLI_0661,2025-05-24,Prélèvement,903.0,0.0
TRX_003436,CLI_0661,2023-02-14,Chèque,215.66,0.3
TRX_003437,CLI_0661,2022-05-18,Retrait DAB,27.32,1.5
TRX_003438,CLI_0661,2024-03-25,Virement reçu,3472.82,0.0
TRX_003439,CLI_0661,2023-08-18,Chèque,643.72,0.3
TRX_003440,CLI_0661,2023-04-18,Virement,4685.5,1.0
TRX_003441,CLI_0661,2025-03-08,Dépôt,506.31,0.0
TRX_003442,CLI_0662,2023-10-10,Chèque,333.29,0.3
TRX_003443,CLI_0662,2025-10-01,Virement reçu,192.75,0.0
TRX_003444,CLI_0662,2025-12-01,Virement,275.87,0.5
TRX_003445,CLI_0662,2025-08-12,Chèque,923.37,0.3
TRX_003446,CLI_0663,2025-06-14,Prélèvement,925.64,0.0
TRX_003447,CLI_0664,2023-03-29,Dépôt,85.82,0.0
TRX_003448,CLI_0664,2023-12-23,Retrait DAB,95.75,1.5
TRX_003449,CLI_0664,2025-05-27,Virement reçu,4043.16,0.0
TRX_003450,CLI_0664,2023-11-09,Chèque,653.94,0.3
TRX_003451,CLI_0664,2025-08-30,Virement,3793.52,1.0
TRX_003452,CLI_0665,2025-11-26,Chèque,297.75,0.3
TRX_003453,CLI_0665,2025-01-25,Chèque,494.8,0.3
TRX_003454,CLI_0665,2025-08-24,Paiement carte,393.18,0.79
TRX_003455,CLI_0666,2023-05-26,Paiement carte,155.86,0.31
TRX_003456,CLI_0666,2024-10-14,Retrait DAB,204.73,1.5
TRX_003457,CLI_0666,2023-11-10,Chèque,223.28,0.3
TRX_003458,CLI_0666,2024-09-03,Retrait DAB,212.32,1.5
TRX_003459,CLI_0667,2024-05-11,Chèque,346.61,0.3
TRX_003460,CLI_0667,2024-03-21,Paiement carte,164.27,0.33
TRX_003461,CLI_0667,2025-07-16,Retrait DAB,52.71,1.5
TRX_003462,CLI_0667,2026-01-17,Chèque,345.84,0.3
TRX_003463,CLI_0667,2025-07-29,Paiement carte,112.66,0.23
TRX_003464,CLI_0667,2025-12-25,Virement,2331.11,1.0
TRX_003465,CLI_0668,2025-11-17,Chèque,734.78,0.3
TRX_003466,CLI_0669,2025-10-08,Chèque,748.24,0.3
TRX_003467,CLI_0670,2026-02-20,Paiement carte,179.22,0.36
TRX_003468,CLI_0670,2026-02-10,Chèque,991.95,0.3
TRX_003469,CLI_0670,2026-01-31,Virement reçu,599.57,0.0
TRX_003470,CLI_0670,2026-02-12,Chèque,464.18,0.3
TRX_003471,CLI_0670,2026-01-01,Chèque,156.2,0.3
TRX_003472,CLI_0670,2026-01-09,Virement reçu,4123.28,0.0
TRX_003473,CLI_0670,2026-01-22,Dépôt,230.07,0.0
TRX_003474,CLI_0670,2025-12-28,Retrait DAB,208.72,1.5
TRX_003475,CLI_0670,2026-02-11,Dépôt,160.14,0.0
TRX_003476,CLI_0670,2026-02-28,Virement reçu,3396.99,0.0
TRX_003477,CLI_0670,2026-01-30,Paiement carte,423.09,0.85
TRX_003478,CLI_0671,2025-12-23,Virement,1184.07,1.0
TRX_003479,CLI_0671,2026-01-10,Virement,3417.66,1.0
TRX_003480,CLI_0671,2025-12-10,Virement reçu,3883.98,0.0
TRX_003481,CLI_0671,2025-08-15,Virement reçu,2418.74,0.0
TRX_003482,CLI_0672,2025-11-05,Chèque,750.65,0.3
TRX_003483,CLI_0672,2024-02-14,Virement,1110.37,1.0
TRX_003484,CLI_0673,2025-11-20,Prélèvement,849.72,0.0
TRX_003485,CLI_0673,2025-10-02,Retrait DAB,244.38,1.5
TRX_003486,CLI_0673,2026-02-17,Virement,2111.47,1.0
TRX_003487,CLI_0673,2025-06-24,Prélèvement,268.58,0.0
TRX_003488,CLI_0673,2025-09-03,Dépôt,841.86,0.0
TRX_003489,CLI_0673,2025-07-04,Chèque,843.6,0.3
TRX_003490,CLI_0673,2026-02-27,Virement reçu,1215.4,0.0
TRX_003491,CLI_0673,2025-11-25,Chèque,571.99,0.3
TRX_003492,CLI_0674,2023-10-08,Paiement carte,183.2,0.37
TRX_003493,CLI_0674,2025-07-20,Chèque,677.99,0.3
TRX_003494,CLI_0674,2021-09-06,Retrait DAB,88.78,1.5
TRX_003495,CLI_0675,2024-08-12,Virement reçu,4384.63,0.0
TRX_003496,CLI_0675,2025-10-16,Chèque,865.9,0.3
TRX_003497,CLI_0675,2025-01-17,Chèque,799.48,0.3
TRX_003498,CLI_0675,2024-12-01,Prélèvement,305.6,0.0
TRX_003499,CLI_0675,2024-05-13,Paiement carte,407.83,0.82
TRX_003500,CLI_0676,2024-09-28,Prélèvement,974.39,0.0
TRX_003501,CLI_0676,2024-10-24,Paiement carte,490.07,0.98
TRX_003502,CLI_0676,2026-01-19,Dépôt,573.14,0.0
TRX_003503,CLI_0677,2022-06-26,Virement,4450.51,1.0
TRX_003504,CLI_0677,2021-05-10,Dépôt,249.42,0.0
TRX_003505,CLI_0677,2024-11-08,Dépôt,1501.05,0.0
TRX_003506,CLI_0678,2025-04-24,Virement,3566.86,1.0
TRX_003507,CLI_0678,2025-12-19,Prélèvement,79.62,0.0
TRX_003508,CLI_0678,2025-05-28,Virement reçu,4363.96,0.0
TRX_003509,CLI_0678,2025-02-21,Virement,779.4,0.5
TRX_003510,CLI_0678,2025-10-17,Dépôt,298.26,0.0
TRX_003511,CLI_0679,2024-08-26,Dépôt,1426.47,0.0
TRX_003512,CLI_0679,2024-03-06,Prélèvement,916.06,0.0
TRX_003513,CLI_0679,2023-09-13,Retrait DAB,202.7,1.5
TRX_003514,CLI_0679,2023-12-05,Dépôt,1558.91,0.0
TRX_003515,CLI_0679,2023-10-12,Virement,1855.98,1.0
TRX_003516,CLI_0679,2025-06-18,Dépôt,407.24,0.0
TRX_003517,CLI_0679,2024-09-01,Chèque,678.5,0.3
TRX_003518,CLI_0679,2026-01-11,Paiement carte,170.61,0.34
TRX_003519,CLI_0679,2025-10-08,Virement reçu,4314.36,0.0
TRX_003520,CLI_0679,2024-11-01,Virement,700.88,0.5
TRX_003521,CLI_0680,2022-10-25,Virement reçu,4748.4,0.0
TRX_003522,CLI_0680,2022-07-30,Prélèvement,211.27,0.0
TRX_003523,CLI_0680,2023-04-14,Retrait DAB,290.38,1.5
TRX_003524,CLI_0680,2025-11-03,Paiement carte,17.28,0.03
TRX_003525,CLI_0680,2021-10-04,Paiement carte,245.75,0.49
TRX_003526,CLI_0681,2025-08-10,Dépôt,1649.54,0.0
TRX_003527,CLI_0681,2025-08-15,Chèque,288.39,0.3
TRX_003528,CLI_0682,2024-07-24,Virement reçu,736.5,0.0
TRX_003529,CLI_0682,2024-01-14,Paiement carte,360.56,0.72
TRX_003530,CLI_0683,2023-07-25,Paiement carte,346.08,0.69
TRX_003531,CLI_0683,2023-05-15,Virement,4183.03,1.0
TRX_003532,CLI_0683,2024-03-06,Retrait DAB,89.99,1.5
TRX_003533,CLI_0684,2021-11-23,Dépôt,1474.31,0.0
TRX_003534,CLI_0684,2023-02-07,Prélèvement,556.23,0.0
TRX_003535,CLI_0685,2025-11-26,Dépôt,997.81,0.0
TRX_003536,CLI_0685,2026-01-10,Virement,1637.53,1.0
TRX_003537,CLI_0685,2025-05-26,Paiement carte,79.5,0.16
TRX_003538,CLI_0685,2025-07-28,Chèque,292.42,0.3
TRX_003539,CLI_0685,2025-11-02,Virement reçu,617.02,0.0
TRX_003540,CLI_0685,2025-12-10,Virement reçu,3447.04,0.0
TRX_003541,CLI_0685,2025-09-06,Virement reçu,3337.56,0.0
TRX_003542,CLI_0685,2025-12-03,Virement reçu,4757.97,0.0
TRX_003543,CLI_0685,2025-12-23,Virement reçu,3675.42,0.0
TRX_003544,CLI_0685,2025-09-29,Virement,355.02,0.5
TRX_003545,CLI_0685,2025-07-08,Dépôt,1774.28,0.0
TRX_003546,CLI_0686,2022-03-29,Virement,1925.77,1.0
TRX_003547,CLI_0686,2023-10-11,Prélèvement,268.83,0.0
TRX_003548,CLI_0686,2024-07-20,Retrait DAB,177.08,1.5
TRX_003549,CLI_0686,2025-04-23,Virement reçu,759.0,0.0
TRX_003550,CLI_0686,2025-04-07,Virement reçu,1668.91,0.0
TRX_003551,CLI_0686,2026-02-08,Chèque,922.1,0.3
TRX_003552,CLI_0686,2022-03-02,Virement,2105.2,1.0
TRX_003553,CLI_0687,2025-12-19,Dépôt,532.75,0.0
TRX_003554,CLI_0687,2026-02-04,Paiement carte,405.6,0.81
TRX_003555,CLI_0688,2025-02-09,Paiement carte,200.54,0.4
TRX_003556,CLI_0688,2026-02-22,Retrait DAB,33.28,1.5
TRX_003557,CLI_0688,2024-08-19,Dépôt,1612.28,0.0
TRX_003558,CLI_0688,2024-05-18,Dépôt,1228.54,0.0
TRX_003559,CLI_0689,2022-08-30,Retrait DAB,139.82,1.5
TRX_003560,CLI_0689,2022-08-10,Dépôt,435.07,0.0
TRX_003561,CLI_0689,2024-06-02,Retrait DAB,195.46,1.5
TRX_003562,CLI_0689,2024-04-12,Prélèvement,700.53,0.0
TRX_003563,CLI_0690,2023-03-21,Retrait DAB,105.46,1.5
TRX_003564,CLI_0690,2025-09-09,Paiement carte,487.13,0.97
TRX_003565,CLI_0691,2021-12-10,Retrait DAB,155.16,1.5
TRX_003566,CLI_0691,2021-08-30,Retrait DAB,112.68,1.5
TRX_003567,CLI_0692,2021-06-24,Prélèvement,744.55,0.0
TRX_003568,CLI_0692,2024-01-12,Chèque,317.97,0.3
TRX_003569,CLI_0692,2025-11-29,Retrait DAB,68.08,1.5
TRX_003570,CLI_0693,2024-02-28,Paiement carte,399.01,0.8
TRX_003571,CLI_0693,2023-09-22,Retrait DAB,297.02,1.5
TRX_003572,CLI_0693,2025-07-29,Chèque,711.24,0.3
TRX_003573,CLI_0693,2023-08-14,Dépôt,1970.65,0.0
TRX_003574,CLI_0693,2023-11-23,Paiement carte,24.13,0.05
TRX_003575,CLI_0693,2023-01-23,Retrait DAB,114.68,1.5
TRX_003576,CLI_0693,2024-11-22,Chèque,197.07,0.3
TRX_003577,CLI_0693,2022-12-26,Dépôt,561.49,0.0
TRX_003578,CLI_0693,2025-10-28,Virement reçu,4210.55,0.0
TRX_003579,CLI_0693,2024-08-09,Virement,258.38,0.5
TRX_003580,CLI_0694,2022-04-30,Prélèvement,789.45,0.0
TRX_003581,CLI_0694,2020-10-27,Prélèvement,628.14,0.0
TRX_003582,CLI_0694,2022-04-07,Virement,4857.43,1.0
TRX_003583,CLI_0695,2025-08-08,Retrait DAB,241.37,1.5
TRX_003584,CLI_0695,2025-03-04,Virement reçu,754.36,0.0
TRX_003585,CLI_0695,2025-08-07,Paiement carte,162.18,0.32
TRX_003586,CLI_0695,2025-02-08,Paiement carte,311.71,0.62
TRX_003587,CLI_0695,2024-12-31,Paiement carte,348.57,0.7
TRX_003588,CLI_0696,2024-07-07,Virement reçu,1510.61,0.0
TRX_003589,CLI_0696,2025-02-01,Paiement carte,68.93,0.14
TRX_003590,CLI_0696,2024-10-18,Paiement carte,354.73,0.71
TRX_003591,CLI_0697,2025-01-04,Chèque,132.59,0.3
TRX_003592,CLI_0697,2025-02-09,Virement,2800.59,1.0
TRX_003593,CLI_0697,2025-09-03,Virement,3572.54,1.0
TRX_003594,CLI_0697,2025-04-07,Chèque,202.99,0.3
TRX_003595,CLI_0698,2023-04-16,Prélèvement,792.19,0.0
TRX_003596,CLI_0698,2022-08-22,Virement reçu,1893.01,0.0
TRX_003597,CLI_0698,2024-07-19,Chèque,317.44,0.3
TRX_003598,CLI_0698,2023-03-24,Dépôt,1360.79,0.0
TRX_003599,CLI_0698,2025-06-01,Dépôt,433.68,0.0
TRX_003600,CLI_0698,2022-11-20,Dépôt,1796.52,0.0
TRX_003601,CLI_0698,2021-09-20,Dépôt,255.92,0.0
TRX_003602,CLI_0698,2025-12-30,Dépôt,1427.77,0.0
TRX_003603,CLI_0698,2022-09-16,Paiement carte,254.78,0.51
TRX_003604,CLI_0699,2024-11-04,Prélèvement,415.71,0.0
TRX_003605,CLI_0699,2026-01-10,Virement reçu,2071.24,0.0
TRX_003606,CLI_0699,2024-11-22,Retrait DAB,239.32,1.5
TRX_003607,CLI_0700,2022-06-07,Retrait DAB,154.43,1.5
TRX_003608,CLI_0700,2026-02-08,Virement reçu,2507.9,0.0
TRX_003609,CLI_0700,2022-12-20,Paiement carte,363.77,0.73
TRX_003610,CLI_0700,2024-05-19,Dépôt,1878.6,0.0
TRX_003611,CLI_0700,2022-11-18,Chèque,182.13,0.3
TRX_003612,CLI_0700,2024-02-06,Prélèvement,68.53,0.0
TRX_003613,CLI_0701,2024-09-05,Virement,630.03,0.5
TRX_003614,CLI_0701,2025-11-21,Chèque,988.03,0.3
TRX_003615,CLI_0701,2025-12-11,Paiement carte,313.48,0.63
TRX_003616,CLI_0701,2025-05-09,Dépôt,1319.19,0.0
TRX_003617,CLI_0702,2026-02-01,Virement,2483.32,1.0
TRX_003618,CLI_0702,2025-11-09,Virement,1562.41,1.0
TRX_003619,CLI_0702,2026-01-31,Dépôt,1294.28,0.0
TRX_003620,CLI_0702,2025-12-10,Retrait DAB,100.68,1.5
TRX_003621,CLI_0702,2026-02-20,Virement reçu,1256.44,0.0
TRX_003622,CLI_0702,2026-01-09,Prélèvement,743.99,0.0
TRX_003623,CLI_0702,2025-10-10,Chèque,136.29,0.3
TRX_003624,CLI_0702,2025-08-29,Chèque,185.29,0.3
TRX_003625,CLI_0702,2026-01-28,Retrait DAB,21.9,1.5
TRX_003626,CLI_0702,2025-11-07,Chèque,237.65,0.3
TRX_003627,CLI_0702,2025-08-31,Virement reçu,438.05,0.0
TRX_003628,CLI_0703,2025-05-21,Dépôt,713.86,0.0
TRX_003629,CLI_0703,2026-02-17,Paiement carte,495.58,0.99
TRX_003630,CLI_0703,2025-06-01,Paiement carte,266.54,0.53
TRX_003631,CLI_0703,2025-08-23,Prélèvement,244.48,0.0
TRX_003632,CLI_0703,2025-08-15,Chèque,401.34,0.3
TRX_003633,CLI_0704,2025-07-20,Paiement carte,19.67,0.04
TRX_003634,CLI_0704,2021-03-13,Virement,762.4,0.5
TRX_003635,CLI_0704,2025-06-23,Prélèvement,710.44,0.0
TRX_003636,CLI_0704,2021-08-11,Paiement carte,68.92,0.14
TRX_003637,CLI_0704,2025-01-25,Paiement carte,123.06,0.25
TRX_003638,CLI_0704,2022-04-18,Virement reçu,1818.61,0.0
TRX_003639,CLI_0704,2024-12-01,Virement reçu,3812.9,0.0
TRX_003640,CLI_0704,2021-07-24,Virement,2953.76,1.0
TRX_003641,CLI_0704,2022-05-16,Paiement carte,347.61,0.7
TRX_003642,CLI_0704,2025-03-10,Paiement carte,287.84,0.58
TRX_003643,CLI_0704,2024-10-28,Chèque,715.23,0.3
TRX_003644,CLI_0705,2023-04-15,Virement reçu,4661.4,0.0
TRX_003645,CLI_0705,2024-12-05,Prélèvement,155.37,0.0
TRX_003646,CLI_0705,2023-07-24,Virement reçu,2090.62,0.0
TRX_003647,CLI_0705,2022-01-31,Chèque,793.93,0.3
TRX_003648,CLI_0706,2025-12-11,Dépôt,297.72,0.0
TRX_003649,CLI_0706,2025-11-19,Paiement carte,38.68,0.08
TRX_003650,CLI_0707,2024-10-27,Paiement carte,438.72,0.88
TRX_003651,CLI_0707,2024-12-29,Retrait DAB,247.03,1.5
TRX_003652,CLI_0707,2025-06-25,Dépôt,1962.92,0.0
TRX_003653,CLI_0708,2024-10-30,Virement,4500.81,1.0
TRX_003654,CLI_0708,2025-10-06,Paiement carte,368.49,0.74
TRX_003655,CLI_0708,2025-12-01,Retrait DAB,122.76,1.5
TRX_003656,CLI_0708,2025-05-13,Prélèvement,150.82,0.0
TRX_003657,CLI_0708,2024-11-10,Virement reçu,3474.36,0.0
TRX_003658,CLI_0709,2025-12-17,Virement,3693.67,1.0
TRX_003659,CLI_0709,2025-06-02,Dépôt,1748.99,0.0
TRX_003660,CLI_0709,2025-11-03,Paiement carte,104.36,0.21
TRX_003661,CLI_0709,2025-09-04,Virement reçu,578.33,0.0
TRX_003662,CLI_0709,2025-07-31,Paiement carte,449.92,0.9
TRX_003663,CLI_0709,2026-02-06,Virement reçu,1814.49,0.0
TRX_003664,CLI_0710,2026-02-12,Dépôt,1184.22,0.0
TRX_003665,CLI_0710,2025-12-02,Retrait DAB,293.13,1.5
TRX_003666,CLI_0710,2026-01-20,Paiement carte,383.11,0.77
TRX_003667,CLI_0710,2025-12-02,Chèque,481.05,0.3
TRX_003668,CLI_0711,2025-07-25,Retrait DAB,76.84,1.5
TRX_003669,CLI_0711,2024-08-22,Prélèvement,479.28,0.0
TRX_003670,CLI_0711,2026-02-21,Retrait DAB,243.15,1.5
TRX_003671,CLI_0711,2024-12-02,Dépôt,1201.33,0.0
TRX_003672,CLI_0712,2024-09-18,Retrait DAB,216.77,1.5
TRX_003673,CLI_0712,2025-02-10,Virement,3984.25,1.0
TRX_003674,CLI_0712,2025-01-23,Virement,3182.68,1.0
TRX_003675,CLI_0712,2026-02-02,Virement,848.03,0.5
TRX_003676,CLI_0712,2024-12-15,Virement,3579.85,1.0
TRX_003677,CLI_0712,2024-12-12,Paiement carte,341.9,0.68
TRX_003678,CLI_0713,2024-04-03,Virement,2117.56,1.0
TRX_003679,CLI_0713,2024-07-18,Virement reçu,1731.46,0.0
TRX_003680,CLI_0714,2026-02-28,Dépôt,751.83,0.0
TRX_003681,CLI_0714,2025-07-04,Retrait DAB,206.99,1.5
TRX_003682,CLI_0714,2025-07-05,Dépôt,129.16,0.0
TRX_003683,CLI_0714,2025-04-07,Chèque,451.68,0.3
TRX_003684,CLI_0714,2025-11-09,Virement,3975.16,1.0
TRX_003685,CLI_0714,2025-04-24,Virement reçu,4034.73,0.0
TRX_003686,CLI_0715,2026-02-20,Prélèvement,244.03,0.0
TRX_003687,CLI_0715,2026-01-15,Chèque,322.48,0.3
TRX_003688,CLI_0715,2026-02-11,Virement,4980.83,1.0
TRX_003689,CLI_0716,2024-01-27,Paiement carte,490.7,0.98
TRX_003690,CLI_0717,2025-12-12,Retrait DAB,111.74,1.5
TRX_003691,CLI_0717,2024-11-07,Dépôt,459.84,0.0
TRX_003692,CLI_0717,2026-01-01,Paiement carte,253.87,0.51
TRX_003693,CLI_0717,2026-02-04,Virement reçu,2432.5,0.0
TRX_003694,CLI_0717,2025-03-26,Dépôt,1807.94,0.0
TRX_003695,CLI_0717,2024-09-18,Retrait DAB,29.73,1.5
TRX_003696,CLI_0717,2024-06-30,Prélèvement,353.89,0.0
TRX_003697,CLI_0717,2024-06-28,Virement,3023.62,1.0
TRX_003698,CLI_0717,2026-01-24,Dépôt,1229.36,0.0
TRX_003699,CLI_0717,2024-09-12,Chèque,532.11,0.3
TRX_003700,CLI_0718,2023-07-23,Paiement carte,351.06,0.7
TRX_003701,CLI_0718,2025-12-16,Virement,1778.13,1.0
TRX_003702,CLI_0718,2022-12-29,Paiement carte,62.9,0.13
TRX_003703,CLI_0718,2023-08-13,Virement,441.26,0.5
TRX_003704,CLI_0718,2023-12-04,Virement reçu,2985.79,0.0
TRX_003705,CLI_0718,2025-08-21,Paiement carte,265.12,0.53
TRX_003706,CLI_0718,2025-03-26,Chèque,767.98,0.3
TRX_003707,CLI_0718,2025-09-09,Retrait DAB,162.73,1.5
TRX_003708,CLI_0718,2024-12-25,Virement reçu,2169.98,0.0
TRX_003709,CLI_0718,2025-03-05,Chèque,458.28,0.3
TRX_003710,CLI_0719,2025-11-07,Virement,978.55,0.5
TRX_003711,CLI_0720,2022-11-09,Prélèvement,73.88,0.0
TRX_003712,CLI_0721,2022-11-03,Prélèvement,362.91,0.0
TRX_003713,CLI_0721,2023-05-23,Chèque,629.02,0.3
TRX_003714,CLI_0721,2022-11-07,Virement reçu,4251.75,0.0
TRX_003715,CLI_0721,2023-10-26,Chèque,497.15,0.3
TRX_003716,CLI_0722,2023-04-11,Prélèvement,688.66,0.0
TRX_003717,CLI_0722,2025-10-28,Virement reçu,4497.89,0.0
TRX_003718,CLI_0722,2023-12-10,Virement reçu,2291.09,0.0
TRX_003719,CLI_0722,2024-06-25,Paiement carte,224.11,0.45
TRX_003720,CLI_0722,2026-02-23,Prélèvement,795.31,0.0
TRX_003721,CLI_0722,2023-08-11,Retrait DAB,46.12,1.5
TRX_003722,CLI_0722,2025-09-22,Prélèvement,544.83,0.0
TRX_003723,CLI_0722,2025-10-13,Paiement carte,419.83,0.84
TRX_003724,CLI_0722,2023-04-01,Virement,4167.94,1.0
TRX_003725,CLI_0722,2024-01-22,Prélèvement,958.33,0.0
TRX_003726,CLI_0722,2025-08-15,Paiement carte,352.15,0.7
TRX_003727,CLI_0723,2025-12-27,Virement,4159.8,1.0
TRX_003728,CLI_0723,2025-11-12,Dépôt,1587.14,0.0
TRX_003729,CLI_0723,2024-09-14,Prélèvement,296.08,0.0
TRX_003730,CLI_0724,2024-03-04,Dépôt,468.97,0.0
TRX_003731,CLI_0724,2024-09-19,Virement,297.62,0.5
TRX_003732,CLI_0724,2024-05-23,Virement,1085.57,1.0
TRX_003733,CLI_0724,2023-02-05,Virement reçu,975.28,0.0
TRX_003734,CLI_0724,2024-12-10,Paiement carte,175.5,0.35
TRX_003735,CLI_0724,2025-04-20,Virement reçu,2150.4,0.0
TRX_003736,CLI_0724,2025-10-07,Dépôt,1041.65,0.0
TRX_003737,CLI_0725,2024-12-19,Virement,4931.02,1.0
TRX_003738,CLI_0725,2026-01-26,Paiement carte,323.58,0.65
TRX_003739,CLI_0725,2026-01-23,Dépôt,1727.49,0.0
TRX_003740,CLI_0725,2026-01-27,Prélèvement,948.5,0.0
TRX_003741,CLI_0725,2023-09-05,Dépôt,1863.22,0.0
TRX_003742,CLI_0725,2023-06-11,Paiement carte,196.89,0.39
TRX_003743,CLI_0725,2025-02-08,Dépôt,203.39,0.0
TRX_003744,CLI_0725,2023-09-11,Retrait DAB,68.12,1.5
TRX_003745,CLI_0725,2025-09-04,Paiement carte,39.02,0.08
TRX_003746,CLI_0725,2023-12-29,Paiement carte,61.64,0.12
TRX_003747,CLI_0725,2025-04-13,Paiement carte,100.48,0.2
TRX_003748,CLI_0726,2025-09-07,Virement,1109.76,1.0
TRX_003749,CLI_0726,2024-02-22,Retrait DAB,143.54,1.5
TRX_003750,CLI_0726,2024-04-25,Paiement carte,41.85,0.08
TRX_003751,CLI_0726,2025-03-02,Paiement carte,414.4,0.83
TRX_003752,CLI_0726,2024-07-16,Dépôt,295.58,0.0
TRX_003753,CLI_0726,2024-06-20,Dépôt,1811.04,0.0
TRX_003754,CLI_0726,2025-02-20,Dépôt,1735.25,0.0
TRX_003755,CLI_0726,2025-11-12,Prélèvement,491.35,0.0
TRX_003756,CLI_0726,2024-11-18,Virement reçu,3747.4,0.0
TRX_003757,CLI_0727,2024-07-06,Paiement carte,220.05,0.44
TRX_003758,CLI_0727,2026-02-05,Virement reçu,720.89,0.0
TRX_003759,CLI_0727,2024-05-05,Chèque,609.67,0.3
TRX_003760,CLI_0727,2024-12-21,Chèque,458.56,0.3
TRX_003761,CLI_0727,2023-03-26,Dépôt,604.96,0.0
TRX_003762,CLI_0727,2023-06-27,Retrait DAB,67.6,1.5
TRX_003763,CLI_0727,2022-10-22,Virement reçu,1743.16,0.0
TRX_003764,CLI_0728,2025-10-26,Prélèvement,795.82,0.0
TRX_003765,CLI_0728,2025-08-08,Prélèvement,830.5,0.0
TRX_003766,CLI_0728,2025-08-04,Dépôt,1131.25,0.0
TRX_003767,CLI_0728,2025-10-28,Virement,981.01,0.5
TRX_003768,CLI_0728,2026-01-14,Paiement carte,239.2,0.48
TRX_003769,CLI_0729,2024-12-08,Retrait DAB,266.35,1.5
TRX_003770,CLI_0729,2024-03-18,Prélèvement,92.83,0.0
TRX_003771,CLI_0729,2025-02-11,Virement,3682.98,1.0
TRX_003772,CLI_0729,2023-08-09,Retrait DAB,264.16,1.5
TRX_003773,CLI_0729,2026-01-09,Retrait DAB,47.46,1.5
TRX_003774,CLI_0730,2025-11-17,Virement reçu,4167.16,0.0
TRX_003775,CLI_0730,2025-08-08,Prélèvement,96.81,0.0
TRX_003776,CLI_0730,2026-01-31,Virement,4276.95,1.0
TRX_003777,CLI_0730,2025-06-20,Retrait DAB,173.55,1.5
TRX_003778,CLI_0730,2025-12-25,Virement,1066.84,1.0
TRX_003779,CLI_0730,2025-09-12,Virement,1654.55,1.0
TRX_003780,CLI_0731,2025-06-26,Prélèvement,897.55,0.0
TRX_003781,CLI_0731,2025-04-10,Retrait DAB,151.73,1.5
TRX_003782,CLI_0731,2024-11-11,Chèque,575.03,0.3
TRX_003783,CLI_0732,2025-01-21,Chèque,831.42,0.3
TRX_003784,CLI_0732,2023-04-30,Chèque,219.34,0.3
TRX_003785,CLI_0732,2024-07-25,Prélèvement,271.73,0.0
TRX_003786,CLI_0732,2025-12-15,Dépôt,934.07,0.0
TRX_003787,CLI_0732,2023-08-26,Virement reçu,2633.89,0.0
TRX_003788,CLI_0732,2023-05-08,Paiement carte,384.17,0.77
TRX_003789,CLI_0732,2025-08-18,Chèque,502.6,0.3
TRX_003790,CLI_0732,2023-09-09,Virement,3970.34,1.0
TRX_003791,CLI_0732,2023-08-21,Chèque,656.51,0.3
TRX_003792,CLI_0732,2023-04-20,Dépôt,270.54,0.0
TRX_003793,CLI_0733,2023-10-25,Prélèvement,502.26,0.0
TRX_003794,CLI_0733,2023-11-20,Chèque,720.32,0.3
TRX_003795,CLI_0734,2022-07-08,Retrait DAB,228.19,1.5
TRX_003796,CLI_0735,2024-09-11,Virement reçu,2397.21,0.0
TRX_003797,CLI_0735,2025-01-28,Virement reçu,1539.43,0.0
TRX_003798,CLI_0735,2025-06-30,Chèque,349.61,0.3
TRX_003799,CLI_0735,2025-09-04,Paiement carte,255.11,0.51
TRX_003800,CLI_0736,2024-09-13,Prélèvement,452.27,0.0
TRX_003801,CLI_0736,2025-06-11,Retrait DAB,164.18,1.5
TRX_003802,CLI_0736,2024-10-23,Virement,936.32,0.5
TRX_003803,CLI_0736,2024-12-27,Paiement carte,334.82,0.67
TRX_003804,CLI_0736,2025-08-03,Chèque,867.28,0.3
TRX_003805,CLI_0736,2024-06-10,Prélèvement,295.04,0.0
TRX_003806,CLI_0736,2025-10-02,Retrait DAB,157.62,1.5
TRX_003807,CLI_0736,2025-03-24,Dépôt,1952.28,0.0
TRX_003808,CLI_0737,2024-05-07,Virement,2404.82,1.0
TRX_003809,CLI_0737,2024-08-12,Retrait DAB,287.75,1.5
TRX_003810,CLI_0737,2025-11-15,Chèque,790.03,0.3
TRX_003811,CLI_0737,2025-01-11,Retrait DAB,291.48,1.5
TRX_003812,CLI_0737,2025-08-19,Virement reçu,3756.65,0.0
TRX_003813,CLI_0737,2024-07-22,Prélèvement,216.82,0.0
TRX_003814,CLI_0737,2025-12-24,Chèque,158.08,0.3
TRX_003815,CLI_0737,2025-05-09,Paiement carte,293.05,0.59
TRX_003816,CLI_0737,2026-01-28,Prélèvement,389.92,0.0
TRX_003817,CLI_0737,2024-04-03,Chèque,347.91,0.3
TRX_003818,CLI_0738,2024-01-17,Paiement carte,254.53,0.51
TRX_003819,CLI_0738,2023-12-08,Paiement carte,466.45,0.93
TRX_003820,CLI_0738,2024-07-14,Chèque,625.0,0.3
TRX_003821,CLI_0738,2025-06-19,Retrait DAB,170.75,1.5
TRX_003822,CLI_0738,2021-10-21,Paiement carte,232.7,0.47
TRX_003823,CLI_0738,2022-06-16,Chèque,288.36,0.3
TRX_003824,CLI_0739,2023-04-24,Virement reçu,2177.26,0.0
TRX_003825,CLI_0739,2026-02-26,Virement,425.72,0.5
TRX_003826,CLI_0739,2023-09-24,Retrait DAB,20.44,1.5
TRX_003827,CLI_0739,2025-01-07,Paiement carte,266.41,0.53
TRX_003828,CLI_0739,2024-03-05,Paiement carte,178.6,0.36
TRX_003829,CLI_0739,2023-08-07,Paiement carte,498.59,1.0
TRX_003830,CLI_0739,2023-06-18,Virement reçu,3884.81,0.0
TRX_003831,CLI_0739,2024-02-07,Dépôt,1534.49,0.0
TRX_003832,CLI_0740,2021-02-12,Virement reçu,334.99,0.0
TRX_003833,CLI_0740,2023-10-15,Paiement carte,389.95,0.78
TRX_003834,CLI_0741,2025-06-24,Virement reçu,834.33,0.0
TRX_003835,CLI_0741,2024-12-06,Virement reçu,2901.96,0.0
TRX_003836,CLI_0741,2024-12-25,Retrait DAB,91.02,1.5
TRX_003837,CLI_0741,2023-04-09,Chèque,305.26,0.3
TRX_003838,CLI_0741,2024-10-16,Dépôt,72.48,0.0
TRX_003839,CLI_0741,2024-01-18,Virement reçu,738.67,0.0
TRX_003840,CLI_0741,2025-06-28,Paiement carte,161.54,0.32
TRX_003841,CLI_0741,2024-05-17,Dépôt,277.91,0.0
TRX_003842,CLI_0741,2025-09-14,Virement reçu,4930.71,0.0
TRX_003843,CLI_0741,2025-02-28,Chèque,377.77,0.3
TRX_003844,CLI_0742,2025-04-07,Virement reçu,248.86,0.0
TRX_003845,CLI_0742,2023-02-25,Chèque,741.48,0.3
TRX_003846,CLI_0743,2024-06-08,Retrait DAB,37.93,1.5
TRX_003847,CLI_0743,2024-02-13,Virement,4325.93,1.0
TRX_003848,CLI_0743,2025-05-22,Retrait DAB,289.22,1.5
TRX_003849,CLI_0743,2024-12-22,Virement reçu,1309.06,0.0
TRX_003850,CLI_0743,2025-11-24,Virement reçu,2305.47,0.0
TRX_003851,CLI_0744,2025-02-18,Dépôt,1355.05,0.0
TRX_003852,CLI_0744,2025-09-18,Retrait DAB,40.11,1.5
TRX_003853,CLI_0744,2025-04-04,Virement,3761.85,1.0
TRX_003854,CLI_0745,2025-09-28,Dépôt,1325.35,0.0
TRX_003855,CLI_0745,2024-08-16,Dépôt,861.62,0.0
TRX_003856,CLI_0745,2024-10-13,Chèque,261.69,0.3
TRX_003857,CLI_0745,2023-10-09,Virement,3476.63,1.0
TRX_003858,CLI_0745,2023-01-12,Chèque,608.57,0.3
TRX_003859,CLI_0746,2026-02-16,Dépôt,1582.05,0.0
TRX_003860,CLI_0747,2023-11-06,Prélèvement,901.65,0.0
TRX_003861,CLI_0747,2024-02-07,Virement reçu,3217.47,0.0
TRX_003862,CLI_0747,2024-10-07,Dépôt,1474.83,0.0
TRX_003863,CLI_0747,2023-01-07,Virement reçu,4598.25,0.0
TRX_003864,CLI_0747,2022-09-25,Chèque,920.69,0.3
TRX_003865,CLI_0747,2024-06-27,Retrait DAB,226.9,1.5
TRX_003866,CLI_0747,2025-11-30,Dépôt,435.76,0.0
TRX_003867,CLI_0747,2024-05-20,Virement,4232.53,1.0
TRX_003868,CLI_0748,2022-07-13,Chèque,965.97,0.3
TRX_003869,CLI_0748,2025-11-30,Virement,4517.28,1.0
TRX_003870,CLI_0748,2024-10-12,Retrait DAB,95.71,1.5
TRX_003871,CLI_0748,2025-06-22,Virement reçu,4037.35,0.0
TRX_003872,CLI_0748,2022-04-17,Paiement carte,497.85,1.0
TRX_003873,CLI_0749,2024-12-09,Prélèvement,464.94,0.0
TRX_003874,CLI_0749,2026-01-11,Chèque,568.16,0.3
TRX_003875,CLI_0749,2024-05-07,Retrait DAB,102.58,1.5
TRX_003876,CLI_0749,2024-09-18,Retrait DAB,24.27,1.5
TRX_003877,CLI_0749,2023-10-28,Virement reçu,1178.63,0.0
TRX_003878,CLI_0750,2025-02-28,Dépôt,158.71,0.0
TRX_003879,CLI_0750,2024-06-07,Virement,356.79,0.5
TRX_003880,CLI_0750,2024-11-18,Dépôt,1820.24,0.0
TRX_003881,CLI_0751,2024-10-20,Prélèvement,546.44,0.0
TRX_003882,CLI_0751,2026-02-25,Chèque,803.76,0.3
TRX_003883,CLI_0751,2023-07-25,Paiement carte,86.27,0.17
TRX_003884,CLI_0751,2022-02-01,Prélèvement,422.34,0.0
TRX_003885,CLI_0751,2025-07-12,Paiement carte,250.1,0.5
TRX_003886,CLI_0751,2023-11-06,Virement,641.01,0.5
TRX_003887,CLI_0751,2022-01-20,Virement,2155.62,1.0
TRX_003888,CLI_0751,2023-12-03,Prélèvement,350.68,0.0
TRX_003889,CLI_0751,2024-03-17,Prélèvement,83.8,0.0
TRX_003890,CLI_0751,2024-01-15,Virement,770.0,0.5
TRX_003891,CLI_0751,2023-08-11,Virement reçu,3843.78,0.0
TRX_003892,CLI_0752,2024-03-04,Paiement carte,123.48,0.25
TRX_003893,CLI_0752,2024-07-09,Dépôt,403.38,0.0
TRX_003894,CLI_0752,2024-02-18,Chèque,829.27,0.3
TRX_003895,CLI_0752,2023-06-09,Chèque,221.53,0.3
TRX_003896,CLI_0752,2022-09-14,Dépôt,963.87,0.0
TRX_003897,CLI_0752,2024-01-08,Virement reçu,4699.03,0.0
TRX_003898,CLI_0752,2023-08-07,Paiement carte,101.06,0.2
TRX_003899,CLI_0752,2025-02-01,Paiement carte,489.22,0.98
TRX_003900,CLI_0752,2025-04-29,Paiement carte,497.2,0.99
TRX_003901,CLI_0752,2025-11-04,Prélèvement,577.84,0.0
TRX_003902,CLI_0753,2023-06-29,Dépôt,93.43,0.0
TRX_003903,CLI_0753,2023-05-25,Paiement carte,435.87,0.87
TRX_003904,CLI_0753,2025-04-01,Prélèvement,576.42,0.0
TRX_003905,CLI_0753,2025-07-24,Chèque,647.85,0.3
TRX_003906,CLI_0753,2025-08-25,Virement,4642.24,1.0
TRX_003907,CLI_0753,2023-11-16,Paiement carte,335.91,0.67
TRX_003908,CLI_0753,2025-05-03,Virement,3485.18,1.0
TRX_003909,CLI_0753,2023-07-25,Dépôt,1584.59,0.0
TRX_003910,CLI_0754,2024-10-15,Virement,3021.3,1.0
TRX_003911,CLI_0754,2026-02-03,Chèque,924.35,0.3
TRX_003912,CLI_0755,2022-11-09,Virement,4622.36,1.0
TRX_003913,CLI_0755,2021-03-30,Retrait DAB,267.54,1.5
TRX_003914,CLI_0755,2023-10-09,Retrait DAB,146.58,1.5
TRX_003915,CLI_0755,2020-10-16,Dépôt,1721.53,0.0
TRX_003916,CLI_0755,2021-06-04,Virement,337.14,0.5
TRX_003917,CLI_0756,2026-01-31,Retrait DAB,90.62,1.5
TRX_003918,CLI_0756,2026-01-31,Retrait DAB,287.66,1.5
TRX_003919,CLI_0756,2026-01-21,Paiement carte,462.42,0.92
TRX_003920,CLI_0756,2025-12-18,Chèque,511.58,0.3
TRX_003921,CLI_0757,2023-05-01,Prélèvement,204.64,0.0
TRX_003922,CLI_0757,2025-11-01,Paiement carte,249.68,0.5
TRX_003923,CLI_0757,2022-10-20,Retrait DAB,242.28,1.5
TRX_003924,CLI_0757,2024-02-13,Prélèvement,678.29,0.0
TRX_003925,CLI_0757,2023-07-22,Chèque,197.01,0.3
TRX_003926,CLI_0758,2025-05-08,Virement,210.27,0.5
TRX_003927,CLI_0758,2023-04-18,Dépôt,916.02,0.0
TRX_003928,CLI_0759,2022-07-18,Virement,2019.21,1.0
TRX_003929,CLI_0759,2025-06-20,Virement,3147.38,1.0
TRX_003930,CLI_0759,2022-12-06,Paiement carte,484.63,0.97
TRX_003931,CLI_0759,2023-10-20,Retrait DAB,46.57,1.5
TRX_003932,CLI_0759,2023-10-05,Paiement carte,201.11,0.4
TRX_003933,CLI_0760,2023-01-06,Chèque,619.27,0.3
TRX_003934,CLI_0760,2023-03-28,Paiement carte,84.57,0.17
TRX_003935,CLI_0760,2025-10-19,Virement reçu,965.55,0.0
TRX_003936,CLI_0760,2025-10-18,Dépôt,606.45,0.0
TRX_003937,CLI_0760,2021-11-12,Chèque,960.28,0.3
TRX_003938,CLI_0760,2021-11-24,Dépôt,1481.51,0.0
TRX_003939,CLI_0760,2024-09-09,Paiement carte,334.23,0.67
TRX_003940,CLI_0760,2025-05-23,Paiement carte,410.31,0.82
TRX_003941,CLI_0760,2024-11-11,Paiement carte,72.51,0.15
TRX_003942,CLI_0760,2021-12-16,Chèque,873.4,0.3
TRX_003943,CLI_0761,2025-07-18,Virement,2616.8,1.0
TRX_003944,CLI_0761,2025-10-12,Paiement carte,403.49,0.81
TRX_003945,CLI_0761,2025-04-14,Paiement carte,193.09,0.39
TRX_003946,CLI_0761,2025-08-01,Dépôt,806.84,0.0
TRX_003947,CLI_0762,2023-10-30,Virement reçu,2124.65,0.0
TRX_003948,CLI_0762,2024-12-10,Virement reçu,2087.54,0.0
TRX_003949,CLI_0763,2025-09-07,Virement reçu,3009.16,0.0
TRX_003950,CLI_0763,2025-06-02,Chèque,794.83,0.3
TRX_003951,CLI_0763,2025-07-11,Virement reçu,4158.24,0.0
TRX_003952,CLI_0763,2025-04-30,Dépôt,382.53,0.0
TRX_003953,CLI_0763,2025-09-23,Dépôt,1799.97,0.0
TRX_003954,CLI_0763,2025-06-20,Virement reçu,3315.12,0.0
TRX_003955,CLI_0763,2026-01-29,Virement,4421.09,1.0
TRX_003956,CLI_0763,2025-07-25,Dépôt,996.3,0.0
TRX_003957,CLI_0763,2026-01-20,Dépôt,1106.97,0.0
TRX_003958,CLI_0763,2025-05-15,Dépôt,1842.12,0.0
TRX_003959,CLI_0763,2026-01-10,Prélèvement,904.91,0.0
TRX_003960,CLI_0764,2025-05-02,Paiement carte,109.02,0.22
TRX_003961,CLI_0764,2023-12-11,Virement,4767.95,1.0
TRX_003962,CLI_0764,2021-10-19,Virement reçu,2275.54,0.0
TRX_003963,CLI_0765,2024-07-10,Prélèvement,238.72,0.0
TRX_003964,CLI_0765,2021-08-24,Retrait DAB,98.6,1.5
TRX_003965,CLI_0765,2025-12-14,Prélèvement,999.35,0.0
TRX_003966,CLI_0765,2022-12-01,Chèque,341.21,0.3
TRX_003967,CLI_0765,2025-07-01,Chèque,395.92,0.3
TRX_003968,CLI_0766,2025-01-14,Virement,1788.08,1.0
TRX_003969,CLI_0766,2026-01-15,Dépôt,170.01,0.0
TRX_003970,CLI_0766,2023-08-26,Paiement carte,142.29,0.28
TRX_003971,CLI_0766,2020-07-24,Paiement carte,386.53,0.77
TRX_003972,CLI_0767,2021-11-24,Retrait DAB,49.66,1.5
TRX_003973,CLI_0767,2024-03-21,Prélèvement,67.71,0.0
TRX_003974,CLI_0767,2024-02-04,Virement,4042.74,1.0
TRX_003975,CLI_0767,2024-09-23,Retrait DAB,58.61,1.5
TRX_003976,CLI_0767,2023-11-29,Retrait DAB,237.27,1.5
TRX_003977,CLI_0767,2022-04-12,Virement,4007.96,1.0
TRX_003978,CLI_0767,2022-04-29,Dépôt,1098.94,0.0
TRX_003979,CLI_0767,2022-09-17,Retrait DAB,106.71,1.5
TRX_003980,CLI_0767,2022-07-29,Prélèvement,187.78,0.0
TRX_003981,CLI_0767,2023-03-15,Chèque,763.12,0.3
TRX_003982,CLI_0768,2024-10-23,Prélèvement,753.3,0.0
TRX_003983,CLI_0768,2025-06-03,Paiement carte,275.99,0.55
TRX_003984,CLI_0768,2025-01-13,Virement,2695.26,1.0
TRX_003985,CLI_0768,2025-06-22,Prélèvement,380.38,0.0
TRX_003986,CLI_0768,2024-08-20,Virement reçu,2650.55,0.0
TRX_003987,CLI_0769,2025-05-31,Retrait DAB,20.38,1.5
TRX_003988,CLI_0769,2025-11-17,Virement,2535.74,1.0
TRX_003989,CLI_0769,2025-10-12,Prélèvement,765.17,0.0
TRX_003990,CLI_0770,2025-12-06,Retrait DAB,266.23,1.5
TRX_003991,CLI_0770,2025-09-18,Paiement carte,248.98,0.5
TRX_003992,CLI_0771,2022-11-29,Virement,1324.35,1.0
TRX_003993,CLI_0771,2023-05-15,Prélèvement,658.24,0.0
TRX_003994,CLI_0771,2025-07-31,Dépôt,1761.1,0.0
TRX_003995,CLI_0772,2024-07-18,Paiement carte,217.53,0.44
TRX_003996,CLI_0772,2026-01-26,Chèque,614.47,0.3
TRX_003997,CLI_0772,2026-01-18,Paiement carte,452.41,0.9
TRX_003998,CLI_0772,2023-11-12,Retrait DAB,130.46,1.5
TRX_003999,CLI_0772,2023-07-24,Retrait DAB,294.72,1.5
TRX_004000,CLI_0773,2024-11-25,Dépôt,240.53,0.0
TRX_004001,CLI_0773,2024-09-27,Virement,173.49,0.5
TRX_004002,CLI_0773,2024-12-15,Virement,889.39,0.5
TRX_004003,CLI_0773,2024-09-28,Virement reçu,4980.46,0.0
TRX_004004,CLI_0773,2024-04-03,Virement,982.0,0.5
TRX_004005,CLI_0773,2024-05-09,Dépôt,1029.97,0.0
TRX_004006,CLI_0773,2025-03-30,Virement reçu,4257.25,0.0
TRX_004007,CLI_0773,2023-11-19,Prélèvement,69.38,0.0
TRX_004008,CLI_0773,2025-09-27,Dépôt,1228.75,0.0
TRX_004009,CLI_0773,2025-06-05,Chèque,349.32,0.3
TRX_004010,CLI_0773,2023-12-14,Retrait DAB,261.45,1.5
TRX_004011,CLI_0774,2025-06-25,Paiement carte,220.94,0.44
TRX_004012,CLI_0774,2023-09-02,Chèque,520.52,0.3
TRX_004013,CLI_0774,2026-01-02,Prélèvement,278.08,0.0
TRX_004014,CLI_0774,2023-12-31,Retrait DAB,270.49,1.5
TRX_004015,CLI_0774,2024-02-22,Chèque,588.29,0.3
TRX_004016,CLI_0774,2024-07-29,Dépôt,1957.97,0.0
TRX_004017,CLI_0774,2025-07-29,Dépôt,1629.53,0.0
TRX_004018,CLI_0774,2025-09-25,Virement,2822.95,1.0
TRX_004019,CLI_0775,2020-09-01,Chèque,511.32,0.3
TRX_004020,CLI_0775,2023-04-08,Chèque,645.86,0.3
TRX_004021,CLI_0775,2024-02-22,Retrait DAB,189.19,1.5
TRX_004022,CLI_0776,2024-08-30,Prélèvement,453.75,0.0
TRX_004023,CLI_0776,2021-01-02,Virement,1449.69,1.0
TRX_004024,CLI_0776,2023-09-15,Retrait DAB,94.21,1.5
TRX_004025,CLI_0776,2024-05-09,Retrait DAB,170.13,1.5
TRX_004026,CLI_0776,2025-09-16,Virement reçu,2300.83,0.0
TRX_004027,CLI_0776,2023-02-18,Retrait DAB,143.23,1.5
TRX_004028,CLI_0776,2025-09-22,Virement reçu,546.57,0.0
TRX_004029,CLI_0776,2022-03-12,Dépôt,1451.28,0.0
TRX_004030,CLI_0776,2025-09-18,Dépôt,466.79,0.0
TRX_004031,CLI_0777,2024-03-07,Virement,4807.57,1.0
TRX_004032,CLI_0777,2023-07-05,Virement reçu,2547.79,0.0
TRX_004033,CLI_0777,2025-08-06,Dépôt,268.59,0.0
TRX_004034,CLI_0777,2022-12-30,Retrait DAB,143.41,1.5
TRX_004035,CLI_0778,2026-01-05,Paiement carte,273.21,0.55
TRX_004036,CLI_0778,2026-02-13,Virement,1097.32,1.0
TRX_004037,CLI_0778,2026-02-22,Prélèvement,197.96,0.0
TRX_004038,CLI_0778,2026-02-15,Dépôt,1766.82,0.0
TRX_004039,CLI_0779,2023-07-20,Paiement carte,487.15,0.97
TRX_004040,CLI_0779,2022-10-12,Dépôt,65.99,0.0
TRX_004041,CLI_0779,2026-01-28,Chèque,908.93,0.3
TRX_004042,CLI_0779,2023-12-26,Virement reçu,4662.49,0.0
TRX_004043,CLI_0780,2023-11-19,Virement reçu,164.08,0.0
TRX_004044,CLI_0780,2023-06-06,Chèque,254.53,0.3
TRX_004045,CLI_0780,2025-12-06,Paiement carte,330.34,0.66
TRX_004046,CLI_0780,2023-06-30,Prélèvement,74.2,0.0
TRX_004047,CLI_0780,2025-09-04,Retrait DAB,37.81,1.5
TRX_004048,CLI_0780,2023-11-17,Prélèvement,260.02,0.0
TRX_004049,CLI_0780,2024-07-16,Dépôt,1049.26,0.0
TRX_004050,CLI_0780,2023-10-21,Virement,2774.92,1.0
TRX_004051,CLI_0780,2025-11-03,Prélèvement,82.55,0.0
TRX_004052,CLI_0780,2025-08-02,Virement,934.8,0.5
TRX_004053,CLI_0780,2025-05-17,Paiement carte,254.86,0.51
TRX_004054,CLI_0781,2024-09-11,Virement,3578.67,1.0
TRX_004055,CLI_0781,2025-03-03,Paiement carte,271.53,0.54
TRX_004056,CLI_0781,2026-01-20,Chèque,229.45,0.3
TRX_004057,CLI_0781,2025-10-14,Dépôt,68.02,0.0
TRX_004058,CLI_0782,2022-06-05,Chèque,988.49,0.3
TRX_004059,CLI_0782,2025-08-11,Virement reçu,4420.21,0.0
TRX_004060,CLI_0782,2022-05-28,Dépôt,819.59,0.0
TRX_004061,CLI_0782,2022-02-22,Chèque,717.92,0.3
TRX_004062,CLI_0782,2025-09-26,Paiement carte,214.13,0.43
TRX_004063,CLI_0783,2021-10-15,Retrait DAB,189.74,1.5
TRX_004064,CLI_0783,2024-08-16,Chèque,571.38,0.3
TRX_004065,CLI_0783,2024-06-02,Paiement carte,22.0,0.04
TRX_004066,CLI_0783,2022-05-23,Chèque,811.63,0.3
TRX_004067,CLI_0783,2020-07-01,Virement,158.3,0.5
TRX_004068,CLI_0784,2025-09-30,Retrait DAB,21.66,1.5
TRX_004069,CLI_0784,2024-12-28,Paiement carte,194.34,0.39
TRX_004070,CLI_0784,2024-06-23,Prélèvement,110.0,0.0
TRX_004071,CLI_0784,2024-07-04,Chèque,922.16,0.3
TRX_004072,CLI_0784,2025-03-28,Virement reçu,2136.83,0.0
TRX_004073,CLI_0784,2025-06-15,Prélèvement,486.52,0.0
TRX_004074,CLI_0784,2024-09-14,Chèque,414.87,0.3
TRX_004075,CLI_0784,2025-04-20,Chèque,664.76,0.3
TRX_004076,CLI_0784,2025-01-26,Prélèvement,795.19,0.0
TRX_004077,CLI_0784,2025-11-01,Retrait DAB,201.48,1.5
TRX_004078,CLI_0784,2024-07-21,Retrait DAB,229.5,1.5
TRX_004079,CLI_0785,2025-11-25,Virement reçu,432.2,0.0
TRX_004080,CLI_0785,2026-01-18,Dépôt,1460.98,0.0
TRX_004081,CLI_0785,2025-09-13,Virement,4049.25,1.0
TRX_004082,CLI_0785,2025-09-10,Chèque,360.55,0.3
TRX_004083,CLI_0785,2026-01-01,Paiement carte,335.42,0.67
TRX_004084,CLI_0785,2025-08-19,Chèque,483.93,0.3
TRX_004085,CLI_0785,2025-10-01,Dépôt,1783.78,0.0
TRX_004086,CLI_0786,2024-11-22,Paiement carte,25.49,0.05
TRX_004087,CLI_0787,2024-03-14,Dépôt,1806.3,0.0
TRX_004088,CLI_0787,2024-04-30,Virement reçu,4135.93,0.0
TRX_004089,CLI_0787,2024-03-24,Virement,3445.36,1.0
TRX_004090,CLI_0787,2023-12-18,Virement reçu,3533.72,0.0
TRX_004091,CLI_0787,2023-08-11,Prélèvement,740.34,0.0
TRX_004092,CLI_0787,2024-09-12,Dépôt,1888.08,0.0
TRX_004093,CLI_0788,2022-12-22,Dépôt,837.43,0.0
TRX_004094,CLI_0788,2023-06-30,Prélèvement,254.01,0.0
TRX_004095,CLI_0788,2020-09-04,Virement reçu,1844.25,0.0
TRX_004096,CLI_0788,2023-04-03,Virement reçu,1492.11,0.0
TRX_004097,CLI_0789,2025-03-11,Virement,4051.37,1.0
TRX_004098,CLI_0789,2024-11-21,Virement reçu,2600.21,0.0
TRX_004099,CLI_0789,2020-09-06,Chèque,979.68,0.3
TRX_004100,CLI_0789,2023-09-22,Paiement carte,148.02,0.3
TRX_004101,CLI_0789,2024-08-30,Retrait DAB,154.59,1.5
TRX_004102,CLI_0789,2021-06-19,Virement reçu,2295.18,0.0
TRX_004103,CLI_0789,2025-11-29,Paiement carte,69.18,0.14
TRX_004104,CLI_0789,2025-08-28,Retrait DAB,139.31,1.5
TRX_004105,CLI_0789,2025-11-25,Chèque,358.8,0.3
TRX_004106,CLI_0790,2023-08-04,Virement reçu,2151.92,0.0
TRX_004107,CLI_0790,2024-08-08,Virement,2216.03,1.0
TRX_004108,CLI_0790,2024-11-26,Paiement carte,36.43,0.07
TRX_004109,CLI_0790,2025-11-11,Retrait DAB,164.63,1.5
TRX_004110,CLI_0791,2021-03-25,Paiement carte,83.28,0.17
TRX_004111,CLI_0791,2022-04-17,Retrait DAB,49.08,1.5
TRX_004112,CLI_0791,2021-08-29,Dépôt,290.97,0.0
TRX_004113,CLI_0791,2025-09-24,Virement,595.04,0.5
TRX_004114,CLI_0791,2025-05-03,Prélèvement,629.22,0.0
TRX_004115,CLI_0791,2025-01-25,Paiement carte,106.28,0.21
TRX_004116,CLI_0791,2021-08-14,Prélèvement,288.86,0.0
TRX_004117,CLI_0791,2022-04-22,Prélèvement,214.89,0.0
TRX_004118,CLI_0791,2023-01-18,Retrait DAB,288.19,1.5
TRX_004119,CLI_0791,2021-07-21,Virement reçu,4287.63,0.0
TRX_004120,CLI_0792,2025-07-05,Virement,1986.75,1.0
TRX_004121,CLI_0792,2023-11-01,Paiement carte,372.41,0.74
TRX_004122,CLI_0792,2024-12-19,Chèque,475.88,0.3
TRX_004123,CLI_0792,2023-10-28,Dépôt,1486.47,0.0
TRX_004124,CLI_0792,2025-12-28,Virement reçu,656.47,0.0
TRX_004125,CLI_0793,2025-01-23,Chèque,324.04,0.3
TRX_004126,CLI_0793,2024-08-04,Prélèvement,610.86,0.0
TRX_004127,CLI_0793,2023-10-17,Paiement carte,44.36,0.09
TRX_004128,CLI_0793,2024-07-11,Retrait DAB,27.36,1.5
TRX_004129,CLI_0793,2023-06-30,Chèque,334.93,0.3
TRX_004130,CLI_0793,2025-01-22,Dépôt,1099.23,0.0
TRX_004131,CLI_0793,2024-07-07,Virement,4547.32,1.0
TRX_004132,CLI_0793,2025-08-25,Chèque,861.79,0.3
TRX_004133,CLI_0793,2023-09-22,Virement reçu,2503.19,0.0
TRX_004134,CLI_0793,2025-09-10,Dépôt,122.25,0.0
TRX_004135,CLI_0794,2025-04-08,Virement,3553.5,1.0
TRX_004136,CLI_0794,2025-03-07,Virement,1761.91,1.0
TRX_004137,CLI_0794,2025-08-16,Retrait DAB,51.1,1.5
TRX_004138,CLI_0794,2026-01-25,Virement,1464.98,1.0
TRX_004139,CLI_0794,2025-04-10,Virement,3880.79,1.0
TRX_004140,CLI_0794,2025-09-18,Virement,1821.09,1.0
TRX_004141,CLI_0794,2025-07-08,Dépôt,1633.36,0.0
TRX_004142,CLI_0794,2025-12-21,Paiement carte,166.57,0.33
TRX_004143,CLI_0795,2025-11-25,Virement,3328.39,1.0
TRX_004144,CLI_0795,2026-02-11,Virement,2875.57,1.0
TRX_004145,CLI_0795,2026-01-27,Virement,2411.61,1.0
TRX_004146,CLI_0795,2025-12-24,Chèque,546.24,0.3
TRX_004147,CLI_0795,2026-01-04,Paiement carte,368.8,0.74
TRX_004148,CLI_0796,2025-08-09,Dépôt,271.5,0.0
TRX_004149,CLI_0796,2026-01-24,Paiement carte,177.35,0.35
TRX_004150,CLI_0796,2025-09-13,Chèque,968.16,0.3
TRX_004151,CLI_0796,2025-12-16,Chèque,558.3,0.3
TRX_004152,CLI_0796,2025-12-31,Dépôt,1273.73,0.0
TRX_004153,CLI_0796,2025-07-18,Paiement carte,184.63,0.37
TRX_004154,CLI_0797,2023-08-28,Paiement carte,207.74,0.42
TRX_004155,CLI_0797,2025-12-17,Paiement carte,77.11,0.15
TRX_004156,CLI_0797,2024-12-24,Dépôt,1038.2,0.0
TRX_004157,CLI_0797,2022-01-26,Retrait DAB,55.43,1.5
TRX_004158,CLI_0797,2025-02-25,Virement reçu,2435.44,0.0
TRX_004159,CLI_0798,2025-09-02,Paiement carte,251.41,0.5
TRX_004160,CLI_0798,2026-01-06,Retrait DAB,114.92,1.5
TRX_004161,CLI_0798,2026-01-24,Prélèvement,189.56,0.0
TRX_004162,CLI_0799,2025-05-26,Virement,3464.59,1.0
TRX_004163,CLI_0799,2025-04-07,Dépôt,1690.65,0.0
TRX_004164,CLI_0799,2025-05-05,Dépôt,858.95,0.0
TRX_004165,CLI_0799,2025-07-09,Dépôt,1547.33,0.0
TRX_004166,CLI_0799,2025-06-04,Virement reçu,298.49,0.0
TRX_004167,CLI_0799,2025-12-17,Retrait DAB,54.42,1.5
TRX_004168,CLI_0799,2025-09-29,Paiement carte,109.5,0.22
TRX_004169,CLI_0800,2025-10-03,Virement reçu,4244.15,0.0
TRX_004170,CLI_0800,2025-07-20,Prélèvement,378.95,0.0
TRX_004171,CLI_0800,2024-06-02,Prélèvement,671.89,0.0
TRX_004172,CLI_0800,2023-04-22,Virement,3575.64,1.0
TRX_004173,CLI_0800,2023-10-10,Retrait DAB,184.13,1.5
TRX_004174,CLI_0800,2025-07-02,Dépôt,746.62,0.0
TRX_004175,CLI_0800,2025-01-23,Retrait DAB,181.57,1.5
TRX_004176,CLI_0800,2026-02-03,Chèque,408.04,0.3
TRX_004177,CLI_0801,2022-12-23,Prélèvement,645.95,0.0
TRX_004178,CLI_0801,2024-10-16,Retrait DAB,104.42,1.5
TRX_004179,CLI_0801,2025-07-17,Retrait DAB,291.05,1.5
TRX_004180,CLI_0801,2023-10-17,Retrait DAB,216.83,1.5
TRX_004181,CLI_0801,2022-03-16,Dépôt,316.61,0.0
TRX_004182,CLI_0802,2024-07-20,Virement reçu,4225.46,0.0
TRX_004183,CLI_0802,2025-01-24,Prélèvement,604.25,0.0
TRX_004184,CLI_0802,2021-08-01,Prélèvement,108.48,0.0
TRX_004185,CLI_0802,2024-02-08,Chèque,689.87,0.3
TRX_004186,CLI_0802,2025-12-11,Dépôt,66.12,0.0
TRX_004187,CLI_0802,2026-01-28,Virement,3921.81,1.0
TRX_004188,CLI_0802,2023-08-18,Retrait DAB,206.66,1.5
TRX_004189,CLI_0803,2024-04-03,Prélèvement,327.82,0.0
TRX_004190,CLI_0803,2025-07-02,Prélèvement,808.36,0.0
TRX_004191,CLI_0803,2025-11-28,Virement,3938.35,1.0
TRX_004192,CLI_0803,2024-08-30,Prélèvement,384.69,0.0
TRX_004193,CLI_0803,2025-07-30,Paiement carte,156.48,0.31
TRX_004194,CLI_0803,2025-08-27,Virement reçu,2843.14,0.0
TRX_004195,CLI_0803,2025-01-06,Dépôt,66.31,0.0
TRX_004196,CLI_0803,2025-08-25,Retrait DAB,43.15,1.5
TRX_004197,CLI_0804,2025-01-23,Dépôt,1478.29,0.0
TRX_004198,CLI_0804,2023-09-14,Dépôt,1869.57,0.0
TRX_004199,CLI_0804,2023-07-02,Paiement carte,332.03,0.66
TRX_004200,CLI_0804,2023-08-31,Prélèvement,467.08,0.0
TRX_004201,CLI_0804,2022-05-29,Paiement carte,31.99,0.06
TRX_004202,CLI_0805,2025-03-15,Paiement carte,267.53,0.54
TRX_004203,CLI_0805,2025-06-14,Virement,2533.56,1.0
TRX_004204,CLI_0805,2026-01-15,Prélèvement,186.96,0.0
TRX_004205,CLI_0805,2026-02-11,Prélèvement,924.26,0.0
TRX_004206,CLI_0805,2025-10-18,Dépôt,909.49,0.0
TRX_004207,CLI_0806,2024-01-29,Prélèvement,111.27,0.0
TRX_004208,CLI_0806,2025-07-30,Virement reçu,2914.04,0.0
TRX_004209,CLI_0806,2024-09-27,Chèque,659.83,0.3
TRX_004210,CLI_0806,2024-12-27,Prélèvement,530.46,0.0
TRX_004211,CLI_0806,2025-02-15,Prélèvement,826.25,0.0
TRX_004212,CLI_0807,2022-02-14,Retrait DAB,239.5,1.5
TRX_004213,CLI_0807,2022-02-21,Virement,4138.48,1.0
TRX_004214,CLI_0807,2024-02-03,Virement,3645.69,1.0
TRX_004215,CLI_0807,2025-03-13,Virement,4180.15,1.0
TRX_004216,CLI_0807,2022-11-19,Retrait DAB,76.23,1.5
TRX_004217,CLI_0807,2024-07-21,Prélèvement,479.44,0.0
TRX_004218,CLI_0807,2025-08-16,Dépôt,1399.1,0.0
TRX_004219,CLI_0807,2024-02-08,Virement,3223.22,1.0
TRX_004220,CLI_0807,2022-04-02,Prélèvement,730.54,0.0
TRX_004221,CLI_0808,2022-05-17,Retrait DAB,21.22,1.5
TRX_004222,CLI_0808,2022-02-09,Prélèvement,928.42,0.0
TRX_004223,CLI_0808,2023-02-04,Virement reçu,651.27,0.0
TRX_004224,CLI_0809,2024-04-07,Retrait DAB,242.16,1.5
TRX_004225,CLI_0809,2026-02-25,Dépôt,1834.11,0.0
TRX_004226,CLI_0809,2024-06-19,Prélèvement,211.09,0.0
TRX_004227,CLI_0810,2024-05-28,Virement,4672.8,1.0
TRX_004228,CLI_0811,2023-02-25,Chèque,130.76,0.3
TRX_004229,CLI_0811,2023-08-20,Virement,1666.3,1.0
TRX_004230,CLI_0811,2022-04-13,Chèque,829.39,0.3
TRX_004231,CLI_0811,2025-12-18,Prélèvement,705.22,0.0
TRX_004232,CLI_0811,2024-04-16,Virement reçu,3651.87,0.0
TRX_004233,CLI_0811,2022-10-15,Retrait DAB,215.47,1.5
TRX_004234,CLI_0811,2023-05-06,Retrait DAB,107.07,1.5
TRX_004235,CLI_0811,2024-09-21,Prélèvement,144.68,0.0
TRX_004236,CLI_0811,2024-03-28,Chèque,345.22,0.3
TRX_004237,CLI_0811,2024-04-02,Virement reçu,4175.75,0.0
TRX_004238,CLI_0812,2022-12-04,Dépôt,68.92,0.0
TRX_004239,CLI_0812,2025-06-17,Paiement carte,78.62,0.16
TRX_004240,CLI_0812,2025-12-14,Virement,1678.19,1.0
TRX_004241,CLI_0812,2022-08-18,Prélèvement,599.66,0.0
TRX_004242,CLI_0813,2024-11-28,Chèque,949.02,0.3
TRX_004243,CLI_0813,2025-01-28,Prélèvement,396.83,0.0
TRX_004244,CLI_0813,2026-01-14,Paiement carte,457.17,0.91
TRX_004245,CLI_0813,2025-08-05,Retrait DAB,238.55,1.5
TRX_004246,CLI_0813,2025-09-30,Virement reçu,3801.64,0.0
TRX_004247,CLI_0814,2025-02-19,Virement,2704.28,1.0
TRX_004248,CLI_0814,2025-11-11,Dépôt,1750.14,0.0
TRX_004249,CLI_0814,2025-08-13,Prélèvement,703.01,0.0
TRX_004250,CLI_0814,2025-12-28,Dépôt,267.59,0.0
TRX_004251,CLI_0815,2025-12-25,Chèque,987.77,0.3
TRX_004252,CLI_0815,2025-11-18,Retrait DAB,225.04,1.5
TRX_004253,CLI_0815,2025-12-13,Virement,3907.04,1.0
TRX_004254,CLI_0815,2025-12-21,Chèque,885.22,0.3
TRX_004255,CLI_0815,2025-11-12,Chèque,294.08,0.3
TRX_004256,CLI_0815,2026-02-18,Dépôt,213.42,0.0
TRX_004257,CLI_0815,2026-02-13,Prélèvement,508.75,0.0
TRX_004258,CLI_0816,2025-09-18,Virement,4875.92,1.0
TRX_004259,CLI_0816,2025-11-16,Paiement carte,305.9,0.61
TRX_004260,CLI_0816,2025-11-22,Virement reçu,3701.42,0.0
TRX_004261,CLI_0816,2025-05-26,Virement,641.37,0.5
TRX_004262,CLI_0816,2024-02-23,Dépôt,1731.1,0.0
TRX_004263,CLI_0816,2024-10-06,Chèque,855.27,0.3
TRX_004264,CLI_0816,2026-02-24,Virement reçu,3299.66,0.0
TRX_004265,CLI_0816,2025-10-13,Dépôt,1029.44,0.0
TRX_004266,CLI_0816,2024-09-22,Paiement carte,363.53,0.73
TRX_004267,CLI_0816,2025-02-17,Paiement carte,12.9,0.03
TRX_004268,CLI_0817,2021-12-22,Retrait DAB,54.57,1.5
TRX_004269,CLI_0818,2025-07-16,Dépôt,261.16,0.0
TRX_004270,CLI_0818,2025-11-05,Virement reçu,2162.3,0.0
TRX_004271,CLI_0818,2025-11-17,Paiement carte,366.28,0.73
TRX_004272,CLI_0818,2025-03-30,Dépôt,259.24,0.0
TRX_004273,CLI_0819,2023-04-26,Virement reçu,3086.28,0.0
TRX_004274,CLI_0819,2025-07-02,Dépôt,1304.93,0.0
TRX_004275,CLI_0819,2024-09-16,Virement,531.23,0.5
TRX_004276,CLI_0819,2022-03-25,Prélèvement,898.86,0.0
TRX_004277,CLI_0819,2026-01-31,Prélèvement,419.8,0.0
TRX_004278,CLI_0819,2023-08-08,Chèque,382.03,0.3
TRX_004279,CLI_0819,2022-05-20,Paiement carte,236.56,0.47
TRX_004280,CLI_0820,2023-04-18,Retrait DAB,52.07,1.5
TRX_004281,CLI_0820,2024-06-14,Paiement carte,164.05,0.33
TRX_004282,CLI_0820,2025-04-10,Prélèvement,819.62,0.0
TRX_004283,CLI_0820,2024-03-02,Retrait DAB,94.52,1.5
TRX_004284,CLI_0821,2024-08-29,Virement,3929.46,1.0
TRX_004285,CLI_0821,2022-04-30,Chèque,937.73,0.3
TRX_004286,CLI_0821,2022-01-17,Retrait DAB,88.81,1.5
TRX_004287,CLI_0822,2025-12-22,Dépôt,592.2,0.0
TRX_004288,CLI_0822,2025-11-05,Prélèvement,428.64,0.0
TRX_004289,CLI_0822,2025-05-30,Paiement carte,93.36,0.19
TRX_004290,CLI_0822,2026-01-26,Dépôt,1535.68,0.0
TRX_004291,CLI_0822,2025-10-28,Paiement carte,389.0,0.78
TRX_004292,CLI_0823,2024-11-21,Paiement carte,23.04,0.05
TRX_004293,CLI_0823,2024-11-02,Paiement carte,285.37,0.57
TRX_004294,CLI_0823,2024-08-28,Chèque,292.83,0.3
TRX_004295,CLI_0823,2025-01-08,Retrait DAB,115.45,1.5
TRX_004296,CLI_0823,2024-05-23,Paiement carte,394.63,0.79
TRX_004297,CLI_0824,2022-12-02,Prélèvement,478.01,0.0
TRX_004298,CLI_0824,2025-04-04,Prélèvement,61.06,0.0
TRX_004299,CLI_0824,2024-04-08,Virement reçu,2828.38,0.0
TRX_004300,CLI_0825,2020-12-03,Retrait DAB,185.74,1.5
TRX_004301,CLI_0825,2020-12-30,Retrait DAB,226.16,1.5
TRX_004302,CLI_0826,2025-09-26,Dépôt,879.85,0.0
TRX_004303,CLI_0826,2025-12-27,Virement reçu,2792.5,0.0
TRX_004304,CLI_0826,2023-05-13,Chèque,710.58,0.3
TRX_004305,CLI_0826,2024-06-22,Prélèvement,627.32,0.0
TRX_004306,CLI_0826,2023-06-23,Virement,2030.49,1.0
TRX_004307,CLI_0826,2023-04-29,Retrait DAB,94.29,1.5
TRX_004308,CLI_0826,2023-02-20,Dépôt,378.05,0.0
TRX_004309,CLI_0827,2024-11-11,Retrait DAB,200.71,1.5
TRX_004310,CLI_0827,2024-11-07,Virement reçu,3468.13,0.0
TRX_004311,CLI_0827,2025-03-23,Retrait DAB,124.31,1.5
TRX_004312,CLI_0827,2025-02-23,Virement reçu,1385.8,0.0
TRX_004313,CLI_0827,2025-01-26,Prélèvement,771.74,0.0
TRX_004314,CLI_0828,2026-01-10,Prélèvement,655.57,0.0
TRX_004315,CLI_0828,2025-09-07,Retrait DAB,174.96,1.5
TRX_004316,CLI_0828,2022-09-08,Chèque,110.25,0.3
TRX_004317,CLI_0828,2024-04-26,Retrait DAB,215.02,1.5
TRX_004318,CLI_0828,2024-07-31,Chèque,438.44,0.3
TRX_004319,CLI_0828,2024-11-26,Paiement carte,471.88,0.94
TRX_004320,CLI_0828,2025-11-21,Chèque,836.19,0.3
TRX_004321,CLI_0828,2022-09-15,Paiement carte,297.97,0.6
TRX_004322,CLI_0828,2025-07-06,Chèque,326.96,0.3
TRX_004323,CLI_0829,2025-03-20,Chèque,711.83,0.3
TRX_004324,CLI_0829,2025-07-25,Prélèvement,580.79,0.0
TRX_004325,CLI_0829,2025-04-29,Virement reçu,3162.22,0.0
TRX_004326,CLI_0830,2024-03-02,Paiement carte,476.37,0.95
TRX_004327,CLI_0830,2024-04-20,Dépôt,1592.01,0.0
TRX_004328,CLI_0830,2026-02-02,Chèque,436.54,0.3
TRX_004329,CLI_0830,2025-08-14,Virement reçu,2857.78,0.0
TRX_004330,CLI_0831,2025-12-23,Paiement carte,30.2,0.06
TRX_004331,CLI_0831,2024-08-25,Chèque,325.72,0.3
TRX_004332,CLI_0831,2023-12-08,Retrait DAB,213.12,1.5
TRX_004333,CLI_0831,2026-01-25,Prélèvement,859.54,0.0
TRX_004334,CLI_0831,2024-11-24,Chèque,603.27,0.3
TRX_004335,CLI_0831,2025-08-26,Paiement carte,270.75,0.54
TRX_004336,CLI_0832,2023-12-21,Paiement carte,293.33,0.59
TRX_004337,CLI_0832,2024-08-23,Chèque,548.32,0.3
TRX_004338,CLI_0832,2024-12-12,Virement,2939.73,1.0
TRX_004339,CLI_0832,2024-06-07,Prélèvement,322.33,0.0
TRX_004340,CLI_0832,2025-01-01,Chèque,430.26,0.3
TRX_004341,CLI_0832,2023-09-29,Retrait DAB,43.49,1.5
TRX_004342,CLI_0832,2026-01-10,Virement reçu,356.15,0.0
TRX_004343,CLI_0832,2023-05-30,Paiement carte,134.19,0.27
TRX_004344,CLI_0832,2025-08-27,Virement reçu,463.81,0.0
TRX_004345,CLI_0832,2025-09-21,Retrait DAB,49.06,1.5
TRX_004346,CLI_0833,2023-12-08,Prélèvement,618.71,0.0
TRX_004347,CLI_0833,2024-10-28,Paiement carte,153.34,0.31
TRX_004348,CLI_0834,2025-03-12,Chèque,345.3,0.3
TRX_004349,CLI_0834,2025-12-12,Retrait DAB,264.03,1.5
TRX_004350,CLI_0834,2024-10-04,Dépôt,995.73,0.0
TRX_004351,CLI_0834,2023-01-23,Dépôt,645.87,0.0
TRX_004352,CLI_0834,2023-02-10,Prélèvement,541.76,0.0
TRX_004353,CLI_0834,2023-10-17,Retrait DAB,126.95,1.5
TRX_004354,CLI_0834,2026-02-12,Virement reçu,2865.08,0.0
TRX_004355,CLI_0834,2026-02-24,Chèque,203.08,0.3
TRX_004356,CLI_0834,2025-02-14,Paiement carte,498.53,1.0
TRX_004357,CLI_0834,2024-01-29,Paiement carte,218.52,0.44
TRX_004358,CLI_0834,2023-04-16,Dépôt,729.05,0.0
TRX_004359,CLI_0835,2025-02-10,Prélèvement,282.02,0.0
TRX_004360,CLI_0835,2025-05-12,Virement,2845.72,1.0
TRX_004361,CLI_0835,2024-12-13,Dépôt,92.39,0.0
TRX_004362,CLI_0835,2025-04-18,Virement reçu,2650.8,0.0
TRX_004363,CLI_0835,2024-11-18,Virement,2019.68,1.0
TRX_004364,CLI_0835,2024-07-05,Virement,2927.9,1.0
TRX_004365,CLI_0835,2025-12-03,Dépôt,1419.71,0.0
TRX_004366,CLI_0835,2024-07-11,Virement,3207.05,1.0
TRX_004367,CLI_0835,2025-12-17,Dépôt,1970.06,0.0
TRX_004368,CLI_0835,2025-05-26,Virement,777.5,0.5
TRX_004369,CLI_0835,2024-07-21,Prélèvement,458.25,0.0
TRX_004370,CLI_0836,2023-01-14,Paiement carte,135.85,0.27
TRX_004371,CLI_0836,2024-03-28,Prélèvement,483.32,0.0
TRX_004372,CLI_0836,2023-12-15,Retrait DAB,28.41,1.5
TRX_004373,CLI_0837,2024-05-23,Dépôt,1058.99,0.0
TRX_004374,CLI_0837,2021-02-01,Paiement carte,221.85,0.44
TRX_004375,CLI_0837,2021-01-06,Retrait DAB,297.68,1.5
TRX_004376,CLI_0837,2023-08-08,Virement,4645.05,1.0
TRX_004377,CLI_0837,2021-08-28,Retrait DAB,106.16,1.5
TRX_004378,CLI_0837,2025-07-07,Paiement carte,64.68,0.13
TRX_004379,CLI_0837,2022-11-20,Prélèvement,847.78,0.0
TRX_004380,CLI_0837,2021-04-25,Prélèvement,997.31,0.0
TRX_004381,CLI_0837,2023-09-14,Paiement carte,153.38,0.31
TRX_004382,CLI_0837,2023-05-18,Virement reçu,1853.15,0.0
TRX_004383,CLI_0837,2021-01-29,Paiement carte,471.4,0.94
TRX_004384,CLI_0838,2022-06-25,Prélèvement,926.37,0.0
TRX_004385,CLI_0838,2022-06-24,Retrait DAB,258.75,1.5
TRX_004386,CLI_0838,2023-10-01,Chèque,797.4,0.3
TRX_004387,CLI_0839,2026-02-24,Paiement carte,237.52,0.48
TRX_004388,CLI_0839,2025-06-10,Dépôt,544.13,0.0
TRX_004389,CLI_0839,2026-01-09,Retrait DAB,161.41,1.5
TRX_004390,CLI_0839,2026-01-15,Prélèvement,78.97,0.0
TRX_004391,CLI_0839,2025-12-03,Virement reçu,745.87,0.0
TRX_004392,CLI_0839,2025-11-10,Retrait DAB,268.25,1.5
TRX_004393,CLI_0839,2025-07-02,Virement,3783.23,1.0
TRX_004394,CLI_0839,2025-06-02,Paiement carte,217.21,0.43
TRX_004395,CLI_0839,2025-04-22,Chèque,565.44,0.3
TRX_004396,CLI_0840,2024-07-22,Dépôt,1494.52,0.0
TRX_004397,CLI_0840,2025-09-13,Prélèvement,794.98,0.0
TRX_004398,CLI_0840,2024-11-29,Retrait DAB,233.72,1.5
TRX_004399,CLI_0840,2025-12-28,Dépôt,1459.09,0.0
TRX_004400,CLI_0840,2025-11-26,Paiement carte,110.21,0.22
TRX_004401,CLI_0840,2024-09-23,Paiement carte,175.61,0.35
TRX_004402,CLI_0840,2025-01-19,Virement,2402.24,1.0
TRX_004403,CLI_0840,2025-07-03,Virement,1720.89,1.0
TRX_004404,CLI_0840,2024-03-30,Virement reçu,3799.21,0.0
TRX_004405,CLI_0841,2024-05-07,Retrait DAB,225.41,1.5
TRX_004406,CLI_0841,2025-09-19,Chèque,662.52,0.3
TRX_004407,CLI_0842,2025-05-18,Paiement carte,403.21,0.81
TRX_004408,CLI_0842,2025-01-13,Paiement carte,30.27,0.06
TRX_004409,CLI_0842,2025-03-30,Prélèvement,409.94,0.0
TRX_004410,CLI_0842,2025-10-03,Paiement carte,27.01,0.05
TRX_004411,CLI_0842,2025-08-15,Virement reçu,600.17,0.0
TRX_004412,CLI_0843,2025-10-05,Virement reçu,3540.61,0.0
TRX_004413,CLI_0843,2026-01-12,Virement,2614.78,1.0
TRX_004414,CLI_0844,2024-08-02,Virement reçu,2310.34,0.0
TRX_004415,CLI_0844,2026-02-19,Virement,4563.31,1.0
TRX_004416,CLI_0844,2024-02-27,Chèque,832.87,0.3
TRX_004417,CLI_0844,2023-12-05,Retrait DAB,165.51,1.5
TRX_004418,CLI_0844,2025-12-16,Virement reçu,3880.7,0.0
TRX_004419,CLI_0844,2024-12-28,Retrait DAB,166.35,1.5
TRX_004420,CLI_0844,2025-05-09,Virement,874.65,0.5
TRX_004421,CLI_0844,2025-06-10,Virement reçu,711.21,0.0
TRX_004422,CLI_0844,2025-07-05,Prélèvement,228.95,0.0
TRX_004423,CLI_0844,2026-01-12,Paiement carte,181.95,0.36
TRX_004424,CLI_0845,2023-08-15,Chèque,819.71,0.3
TRX_004425,CLI_0846,2023-12-27,Retrait DAB,82.34,1.5
TRX_004426,CLI_0846,2023-09-26,Chèque,745.66,0.3
TRX_004427,CLI_0846,2023-11-24,Dépôt,1889.43,0.0
TRX_004428,CLI_0846,2025-02-18,Paiement carte,268.61,0.54
TRX_004429,CLI_0846,2025-11-01,Prélèvement,563.03,0.0
TRX_004430,CLI_0846,2024-09-21,Prélèvement,487.98,0.0
TRX_004431,CLI_0846,2026-02-22,Virement,1696.86,1.0
TRX_004432,CLI_0847,2025-06-01,Virement,3053.76,1.0
TRX_004433,CLI_0847,2024-04-28,Virement reçu,4931.36,0.0
TRX_004434,CLI_0847,2026-01-25,Virement reçu,4695.05,0.0
TRX_004435,CLI_0847,2025-05-31,Paiement carte,432.45,0.86
TRX_004436,CLI_0847,2025-01-30,Virement reçu,4456.74,0.0
TRX_004437,CLI_0847,2025-03-28,Chèque,521.06,0.3
TRX_004438,CLI_0847,2024-08-31,Paiement carte,332.15,0.66
TRX_004439,CLI_0847,2024-03-23,Virement,4485.83,1.0
TRX_004440,CLI_0847,2024-10-27,Virement,2025.46,1.0
TRX_004441,CLI_0848,2023-03-29,Retrait DAB,183.8,1.5
TRX_004442,CLI_0848,2025-01-28,Paiement carte,347.74,0.7
TRX_004443,CLI_0848,2025-01-22,Virement,4701.64,1.0
TRX_004444,CLI_0848,2022-12-09,Dépôt,537.5,0.0
TRX_004445,CLI_0848,2026-02-27,Prélèvement,558.36,0.0
TRX_004446,CLI_0848,2024-12-05,Prélèvement,705.13,0.0
TRX_004447,CLI_0848,2025-02-11,Chèque,711.32,0.3
TRX_004448,CLI_0848,2024-01-15,Chèque,327.05,0.3
TRX_004449,CLI_0848,2023-05-19,Prélèvement,607.39,0.0
TRX_004450,CLI_0848,2022-07-29,Dépôt,1602.03,0.0
TRX_004451,CLI_0848,2023-01-14,Prélèvement,501.33,0.0
TRX_004452,CLI_0849,2024-02-08,Virement,4699.92,1.0
TRX_004453,CLI_0849,2025-06-14,Virement reçu,2716.25,0.0
TRX_004454,CLI_0849,2024-08-24,Prélèvement,616.15,0.0
TRX_004455,CLI_0850,2021-12-06,Virement reçu,2606.19,0.0
TRX_004456,CLI_0850,2025-10-11,Virement,3696.21,1.0
TRX_004457,CLI_0850,2025-04-18,Retrait DAB,135.09,1.5
TRX_004458,CLI_0850,2022-05-11,Paiement carte,184.01,0.37
TRX_004459,CLI_0850,2023-07-04,Prélèvement,436.81,0.0
TRX_004460,CLI_0850,2022-09-17,Virement reçu,2105.06,0.0
TRX_004461,CLI_0850,2021-09-09,Virement reçu,2766.48,0.0
TRX_004462,CLI_0850,2024-06-25,Prélèvement,566.3,0.0
TRX_004463,CLI_0850,2023-12-23,Virement reçu,2536.05,0.0
TRX_004464,CLI_0850,2021-10-06,Chèque,221.31,0.3
TRX_004465,CLI_0850,2025-01-21,Chèque,546.47,0.3
TRX_004466,CLI_0851,2026-02-03,Virement reçu,1620.95,0.0
TRX_004467,CLI_0851,2025-07-03,Paiement carte,331.49,0.66
TRX_004468,CLI_0851,2025-10-16,Paiement carte,113.13,0.23
TRX_004469,CLI_0851,2025-06-07,Dépôt,670.6,0.0
TRX_004470,CLI_0851,2025-05-14,Virement,1276.34,1.0
TRX_004471,CLI_0852,2026-01-17,Paiement carte,455.4,0.91
TRX_004472,CLI_0852,2026-01-07,Prélèvement,656.03,0.0
TRX_004473,CLI_0853,2025-06-13,Retrait DAB,113.38,1.5
TRX_004474,CLI_0853,2025-06-08,Prélèvement,258.02,0.0
TRX_004475,CLI_0853,2025-03-24,Virement,2533.09,1.0
TRX_004476,CLI_0853,2025-09-09,Virement,1457.29,1.0
TRX_004477,CLI_0854,2024-03-24,Retrait DAB,95.87,1.5
TRX_004478,CLI_0854,2024-09-22,Virement reçu,1499.57,0.0
TRX_004479,CLI_0854,2026-01-24,Virement,1427.46,1.0
TRX_004480,CLI_0854,2024-10-21,Virement,4291.5,1.0
TRX_004481,CLI_0854,2026-01-19,Prélèvement,80.29,0.0
TRX_004482,CLI_0854,2024-08-28,Virement,472.89,0.5
TRX_004483,CLI_0854,2025-05-09,Dépôt,584.13,0.0
TRX_004484,CLI_0854,2024-06-28,Chèque,279.89,0.3
TRX_004485,CLI_0854,2025-02-07,Retrait DAB,84.92,1.5
TRX_004486,CLI_0855,2025-03-12,Dépôt,1872.57,0.0
TRX_004487,CLI_0855,2025-03-30,Dépôt,66.71,0.0
TRX_004488,CLI_0855,2025-10-08,Paiement carte,33.42,0.07
TRX_004489,CLI_0855,2024-12-31,Prélèvement,231.92,0.0
TRX_004490,CLI_0856,2025-07-30,Virement,658.33,0.5
TRX_004491,CLI_0857,2024-06-12,Retrait DAB,208.14,1.5
TRX_004492,CLI_0858,2023-09-30,Virement,3632.38,1.0
TRX_004493,CLI_0859,2023-03-04,Virement reçu,1211.74,0.0
TRX_004494,CLI_0859,2022-09-09,Virement,1623.07,1.0
TRX_004495,CLI_0859,2023-02-06,Prélèvement,985.03,0.0
TRX_004496,CLI_0859,2023-06-28,Prélèvement,840.17,0.0
TRX_004497,CLI_0860,2025-11-30,Virement reçu,176.65,0.0
TRX_004498,CLI_0860,2025-12-27,Virement reçu,4675.91,0.0
TRX_004499,CLI_0860,2026-02-09,Retrait DAB,246.74,1.5
TRX_004500,CLI_0860,2025-11-27,Virement,4202.37,1.0
TRX_004501,CLI_0860,2025-12-19,Paiement carte,55.71,0.11
TRX_004502,CLI_0861,2025-06-06,Chèque,584.0,0.3
TRX_004503,CLI_0861,2025-11-05,Paiement carte,84.99,0.17
TRX_004504,CLI_0861,2025-02-24,Virement reçu,2577.37,0.0
TRX_004505,CLI_0861,2025-10-04,Chèque,471.88,0.3
TRX_004506,CLI_0862,2026-02-13,Prélèvement,169.75,0.0
TRX_004507,CLI_0862,2026-01-04,Virement,4388.53,1.0
TRX_004508,CLI_0862,2026-02-17,Retrait DAB,163.42,1.5
TRX_004509,CLI_0862,2026-02-21,Virement reçu,2081.39,0.0
TRX_004510,CLI_0862,2026-01-21,Virement reçu,893.64,0.0
TRX_004511,CLI_0862,2025-12-20,Retrait DAB,216.23,1.5
TRX_004512,CLI_0862,2025-12-25,Virement reçu,4641.35,0.0
TRX_004513,CLI_0862,2026-01-12,Chèque,437.84,0.3
TRX_004514,CLI_0863,2025-12-03,Paiement carte,455.37,0.91
TRX_004515,CLI_0863,2024-03-30,Retrait DAB,283.76,1.5
TRX_004516,CLI_0863,2024-02-08,Dépôt,175.42,0.0
TRX_004517,CLI_0863,2025-09-11,Paiement carte,207.16,0.41
TRX_004518,CLI_0863,2025-02-15,Dépôt,95.75,0.0
TRX_004519,CLI_0863,2025-11-06,Virement reçu,1714.14,0.0
TRX_004520,CLI_0863,2024-09-15,Dépôt,1096.89,0.0
TRX_004521,CLI_0864,2024-03-02,Virement reçu,1310.12,0.0
TRX_004522,CLI_0864,2020-12-12,Prélèvement,800.39,0.0
TRX_004523,CLI_0864,2020-12-28,Dépôt,1287.34,0.0
TRX_004524,CLI_0864,2025-02-16,Virement,2710.29,1.0
TRX_004525,CLI_0865,2022-12-27,Prélèvement,555.51,0.0
TRX_004526,CLI_0865,2025-05-24,Paiement carte,140.53,0.28
TRX_004527,CLI_0865,2025-07-02,Prélèvement,904.48,0.0
TRX_004528,CLI_0865,2024-09-24,Virement,4644.1,1.0
TRX_004529,CLI_0866,2021-01-09,Prélèvement,544.79,0.0
TRX_004530,CLI_0866,2022-10-16,Paiement carte,229.7,0.46
TRX_004531,CLI_0866,2022-05-09,Prélèvement,293.28,0.0
TRX_004532,CLI_0866,2021-07-16,Paiement carte,68.97,0.14
TRX_004533,CLI_0867,2025-10-23,Virement reçu,700.66,0.0
TRX_004534,CLI_0867,2025-09-10,Prélèvement,931.54,0.0
TRX_004535,CLI_0867,2026-02-01,Paiement carte,232.51,0.47
TRX_004536,CLI_0867,2025-11-24,Prélèvement,747.76,0.0
TRX_004537,CLI_0868,2023-10-29,Retrait DAB,25.29,1.5
TRX_004538,CLI_0868,2025-11-16,Chèque,190.48,0.3
TRX_004539,CLI_0868,2022-06-28,Dépôt,1017.63,0.0
TRX_004540,CLI_0868,2024-08-04,Virement reçu,3480.83,0.0
TRX_004541,CLI_0868,2023-11-19,Chèque,401.26,0.3
TRX_004542,CLI_0868,2022-05-26,Prélèvement,710.71,0.0
TRX_004543,CLI_0868,2024-02-15,Retrait DAB,215.62,1.5
TRX_004544,CLI_0868,2023-08-17,Prélèvement,718.74,0.0
TRX_004545,CLI_0868,2025-04-16,Virement,2513.36,1.0
TRX_004546,CLI_0869,2025-05-28,Prélèvement,475.58,0.0
TRX_004547,CLI_0869,2025-07-13,Virement reçu,1025.46,0.0
TRX_004548,CLI_0869,2025-09-17,Prélèvement,305.17,0.0
TRX_004549,CLI_0870,2025-04-02,Chèque,849.35,0.3
TRX_004550,CLI_0870,2023-12-25,Dépôt,833.59,0.0
TRX_004551,CLI_0870,2023-08-24,Prélèvement,731.13,0.0
TRX_004552,CLI_0870,2024-04-27,Virement reçu,4395.75,0.0
TRX_004553,CLI_0870,2021-11-16,Virement,1159.87,1.0
TRX_004554,CLI_0870,2024-08-06,Virement,4055.24,1.0
TRX_004555,CLI_0870,2022-12-03,Virement,3811.27,1.0
TRX_004556,CLI_0870,2025-05-26,Prélèvement,389.09,0.0
TRX_004557,CLI_0870,2022-12-27,Prélèvement,990.04,0.0
TRX_004558,CLI_0870,2022-05-10,Prélèvement,299.44,0.0
TRX_004559,CLI_0871,2025-05-03,Dépôt,934.82,0.0
TRX_004560,CLI_0871,2026-01-03,Chèque,556.24,0.3
TRX_004561,CLI_0871,2024-04-01,Prélèvement,703.02,0.0
TRX_004562,CLI_0871,2025-02-05,Virement,3203.09,1.0
TRX_004563,CLI_0871,2024-11-14,Virement reçu,4072.53,0.0
TRX_004564,CLI_0872,2025-12-30,Retrait DAB,103.0,1.5
TRX_004565,CLI_0872,2025-11-22,Virement reçu,1472.66,0.0
TRX_004566,CLI_0872,2025-11-26,Prélèvement,188.72,0.0
TRX_004567,CLI_0873,2025-07-19,Prélèvement,344.28,0.0
TRX_004568,CLI_0873,2025-10-20,Prélèvement,545.79,0.0
TRX_004569,CLI_0873,2025-05-18,Retrait DAB,205.84,1.5
TRX_004570,CLI_0874,2024-07-14,Paiement carte,47.54,0.1
TRX_004571,CLI_0874,2024-11-12,Prélèvement,819.99,0.0
TRX_004572,CLI_0874,2022-10-29,Chèque,978.85,0.3
TRX_004573,CLI_0874,2025-09-07,Paiement carte,325.89,0.65
TRX_004574,CLI_0874,2021-10-01,Retrait DAB,97.8,1.5
TRX_004575,CLI_0874,2023-07-15,Paiement carte,498.37,1.0
TRX_004576,CLI_0874,2022-03-30,Paiement carte,447.7,0.9
TRX_004577,CLI_0874,2023-10-11,Paiement carte,261.56,0.52
TRX_004578,CLI_0875,2025-02-18,Dépôt,1456.95,0.0
TRX_004579,CLI_0875,2024-09-24,Chèque,179.31,0.3
TRX_004580,CLI_0875,2023-03-06,Chèque,861.69,0.3
TRX_004581,CLI_0875,2025-01-02,Virement,3688.27,1.0
TRX_004582,CLI_0875,2024-06-10,Paiement carte,309.36,0.62
TRX_004583,CLI_0876,2026-01-29,Virement,2080.14,1.0
TRX_004584,CLI_0876,2026-01-05,Retrait DAB,82.02,1.5
TRX_004585,CLI_0876,2025-11-24,Dépôt,1048.45,0.0
TRX_004586,CLI_0876,2025-08-03,Dépôt,1120.24,0.0
TRX_004587,CLI_0876,2025-12-28,Prélèvement,561.41,0.0
TRX_004588,CLI_0876,2025-08-29,Paiement carte,286.89,0.57
TRX_004589,CLI_0876,2025-10-21,Retrait DAB,285.64,1.5
TRX_004590,CLI_0876,2025-10-19,Retrait DAB,272.63,1.5
TRX_004591,CLI_0876,2025-09-29,Dépôt,1757.65,0.0
TRX_004592,CLI_0877,2024-06-01,Paiement carte,275.17,0.55
TRX_004593,CLI_0877,2021-06-03,Retrait DAB,44.78,1.5
TRX_004594,CLI_0877,2021-10-13,Virement reçu,229.28,0.0
TRX_004595,CLI_0877,2023-08-26,Prélèvement,801.64,0.0
TRX_004596,CLI_0877,2021-11-19,Prélèvement,295.72,0.0
TRX_004597,CLI_0877,2021-01-15,Virement,1769.21,1.0
TRX_004598,CLI_0877,2025-11-06,Dépôt,174.96,0.0
TRX_004599,CLI_0878,2025-12-25,Paiement carte,251.83,0.5
TRX_004600,CLI_0878,2026-01-02,Paiement carte,441.53,0.88
TRX_004601,CLI_0878,2025-12-31,Virement reçu,2046.49,0.0
TRX_004602,CLI_0878,2025-12-25,Paiement carte,141.66,0.28
TRX_004603,CLI_0878,2026-01-24,Retrait DAB,117.33,1.5
TRX_004604,CLI_0878,2026-02-18,Virement,3592.58,1.0
TRX_004605,CLI_0878,2026-01-03,Virement,2819.53,1.0
TRX_004606,CLI_0878,2025-10-22,Paiement carte,453.05,0.91
TRX_004607,CLI_0878,2026-02-12,Prélèvement,622.06,0.0
TRX_004608,CLI_0878,2025-11-09,Chèque,543.72,0.3
TRX_004609,CLI_0878,2026-01-10,Retrait DAB,240.01,1.5
TRX_004610,CLI_0879,2026-01-27,Chèque,420.26,0.3
TRX_004611,CLI_0879,2026-01-02,Retrait DAB,89.97,1.5
TRX_004612,CLI_0879,2025-09-15,Virement reçu,3119.47,0.0
TRX_004613,CLI_0880,2023-05-12,Virement reçu,4947.01,0.0
TRX_004614,CLI_0880,2024-06-25,Retrait DAB,149.46,1.5
TRX_004615,CLI_0880,2024-07-11,Virement,464.22,0.5
TRX_004616,CLI_0881,2025-12-30,Paiement carte,423.36,0.85
TRX_004617,CLI_0881,2025-09-05,Virement reçu,973.43,0.0
TRX_004618,CLI_0881,2025-06-06,Prélèvement,909.37,0.0
TRX_004619,CLI_0881,2025-10-02,Virement,1769.27,1.0
TRX_004620,CLI_0881,2025-08-04,Virement reçu,1947.85,0.0
TRX_004621,CLI_0881,2026-01-27,Virement reçu,4541.32,0.0
TRX_004622,CLI_0881,2025-02-14,Virement reçu,2697.57,0.0
TRX_004623,CLI_0882,2025-03-18,Virement reçu,1908.38,0.0
TRX_004624,CLI_0882,2022-04-22,Retrait DAB,222.19,1.5
TRX_004625,CLI_0882,2024-11-14,Paiement carte,95.35,0.19
TRX_004626,CLI_0882,2025-04-18,Prélèvement,610.72,0.0
TRX_004627,CLI_0882,2022-11-26,Prélèvement,710.51,0.0
TRX_004628,CLI_0882,2024-11-08,Dépôt,720.51,0.0
TRX_004629,CLI_0882,2025-03-12,Chèque,724.49,0.3
TRX_004630,CLI_0882,2022-05-20,Virement,4432.62,1.0
TRX_004631,CLI_0882,2022-02-18,Chèque,524.91,0.3
TRX_004632,CLI_0882,2021-12-30,Virement reçu,1976.26,0.0
TRX_004633,CLI_0883,2026-01-09,Paiement carte,441.13,0.88
TRX_004634,CLI_0883,2025-10-23,Dépôt,683.09,0.0
TRX_004635,CLI_0883,2025-11-20,Paiement carte,204.16,0.41
TRX_004636,CLI_0883,2025-11-14,Chèque,465.96,0.3
TRX_004637,CLI_0883,2026-01-20,Retrait DAB,177.03,1.5
TRX_004638,CLI_0884,2025-07-03,Dépôt,626.42,0.0
TRX_004639,CLI_0885,2025-11-13,Virement reçu,3961.78,0.0
TRX_004640,CLI_0885,2025-08-28,Dépôt,1679.2,0.0
TRX_004641,CLI_0885,2025-07-21,Virement reçu,897.0,0.0
TRX_004642,CLI_0885,2025-09-12,Chèque,868.91,0.3
TRX_004643,CLI_0885,2026-02-21,Chèque,718.09,0.3
TRX_004644,CLI_0885,2025-03-31,Virement,2648.41,1.0
TRX_004645,CLI_0886,2024-03-18,Dépôt,1116.03,0.0
TRX_004646,CLI_0886,2024-12-31,Chèque,738.37,0.3
TRX_004647,CLI_0886,2022-07-30,Chèque,145.03,0.3
TRX_004648,CLI_0886,2021-06-12,Retrait DAB,39.43,1.5
TRX_004649,CLI_0887,2025-06-23,Virement reçu,2703.52,0.0
TRX_004650,CLI_0887,2025-09-27,Virement reçu,4047.35,0.0
TRX_004651,CLI_0887,2025-08-12,Virement,3977.63,1.0
TRX_004652,CLI_0888,2023-12-05,Chèque,272.6,0.3
TRX_004653,CLI_0888,2024-10-31,Virement,345.32,0.5
TRX_004654,CLI_0888,2023-09-23,Virement,4380.81,1.0
TRX_004655,CLI_0888,2025-08-16,Virement reçu,470.22,0.0
TRX_004656,CLI_0888,2024-08-16,Dépôt,531.04,0.0
TRX_004657,CLI_0888,2024-08-15,Virement reçu,3507.06,0.0
TRX_004658,CLI_0888,2024-04-06,Virement reçu,2106.29,0.0
TRX_004659,CLI_0888,2024-08-30,Prélèvement,882.5,0.0
TRX_004660,CLI_0889,2022-03-22,Retrait DAB,28.25,1.5
TRX_004661,CLI_0889,2022-05-02,Virement reçu,973.48,0.0
TRX_004662,CLI_0889,2021-10-01,Prélèvement,987.13,0.0
TRX_004663,CLI_0889,2025-09-12,Prélèvement,729.32,0.0
TRX_004664,CLI_0889,2025-11-17,Virement,3111.74,1.0
TRX_004665,CLI_0890,2025-09-13,Dépôt,1764.26,0.0
TRX_004666,CLI_0890,2025-01-12,Prélèvement,822.12,0.0
TRX_004667,CLI_0890,2024-12-31,Virement,3357.52,1.0
TRX_004668,CLI_0890,2024-12-13,Chèque,405.22,0.3
TRX_004669,CLI_0891,2023-12-05,Retrait DAB,285.75,1.5
TRX_004670,CLI_0891,2025-02-22,Paiement carte,499.32,1.0
TRX_004671,CLI_0891,2023-06-19,Chèque,311.87,0.3
TRX_004672,CLI_0891,2023-10-14,Virement,3662.2,1.0
TRX_004673,CLI_0891,2024-06-30,Virement,1952.35,1.0
TRX_004674,CLI_0891,2024-12-20,Virement,139.73,0.5
TRX_004675,CLI_0892,2023-02-19,Virement,2744.12,1.0
TRX_004676,CLI_0892,2023-11-14,Virement,732.28,0.5
TRX_004677,CLI_0892,2022-08-31,Paiement carte,267.99,0.54
TRX_004678,CLI_0893,2025-02-28,Virement reçu,3465.94,0.0
TRX_004679,CLI_0893,2023-01-03,Virement,1540.62,1.0
TRX_004680,CLI_0893,2022-10-14,Retrait DAB,176.77,1.5
TRX_004681,CLI_0893,2022-06-25,Virement reçu,1574.5,0.0
TRX_004682,CLI_0894,2024-01-31,Chèque,111.34,0.3
TRX_004683,CLI_0894,2021-01-19,Virement,570.43,0.5
TRX_004684,CLI_0895,2022-11-15,Dépôt,1092.86,0.0
TRX_004685,CLI_0895,2020-08-02,Paiement carte,107.43,0.21
TRX_004686,CLI_0896,2025-06-30,Paiement carte,52.56,0.11
TRX_004687,CLI_0896,2026-01-28,Chèque,731.54,0.3
TRX_004688,CLI_0896,2025-09-11,Dépôt,152.65,0.0
TRX_004689,CLI_0896,2025-12-14,Retrait DAB,36.61,1.5
TRX_004690,CLI_0896,2025-10-15,Virement reçu,1596.1,0.0
TRX_004691,CLI_0896,2025-09-17,Retrait DAB,271.04,1.5
TRX_004692,CLI_0896,2025-06-03,Retrait DAB,199.59,1.5
TRX_004693,CLI_0897,2025-09-23,Paiement carte,139.56,0.28
TRX_004694,CLI_0897,2024-12-03,Dépôt,1078.87,0.0
TRX_004695,CLI_0897,2024-01-09,Retrait DAB,164.89,1.5
TRX_004696,CLI_0898,2025-08-11,Retrait DAB,79.66,1.5
TRX_004697,CLI_0898,2025-03-27,Virement,3118.85,1.0
TRX_004698,CLI_0898,2020-09-24,Paiement carte,193.87,0.39
TRX_004699,CLI_0898,2025-08-05,Virement reçu,4922.55,0.0
TRX_004700,CLI_0898,2022-12-19,Virement reçu,248.66,0.0
TRX_004701,CLI_0898,2025-05-25,Prélèvement,998.67,0.0
TRX_004702,CLI_0899,2020-10-25,Dépôt,1696.21,0.0
TRX_004703,CLI_0899,2021-05-12,Chèque,489.16,0.3
TRX_004704,CLI_0899,2023-08-25,Retrait DAB,252.03,1.5
TRX_004705,CLI_0899,2026-01-02,Virement reçu,4132.15,0.0
TRX_004706,CLI_0899,2024-11-19,Chèque,269.98,0.3
TRX_004707,CLI_0900,2022-03-02,Retrait DAB,205.26,1.5
TRX_004708,CLI_0901,2025-12-04,Dépôt,630.11,0.0
TRX_004709,CLI_0901,2025-12-16,Dépôt,627.88,0.0
TRX_004710,CLI_0901,2025-11-14,Virement reçu,3655.28,0.0
TRX_004711,CLI_0901,2025-07-22,Virement,1226.15,1.0
TRX_004712,CLI_0901,2025-09-28,Virement,104.44,0.5
TRX_004713,CLI_0901,2025-10-18,Chèque,743.71,0.3
TRX_004714,CLI_0901,2025-05-10,Chèque,254.07,0.3
TRX_004715,CLI_0902,2024-01-02,Virement reçu,3599.66,0.0
TRX_004716,CLI_0902,2025-05-02,Prélèvement,116.03,0.0
TRX_004717,CLI_0902,2025-10-14,Paiement carte,486.36,0.97
TRX_004718,CLI_0903,2023-09-03,Retrait DAB,32.48,1.5
TRX_004719,CLI_0903,2025-08-13,Paiement carte,485.58,0.97
TRX_004720,CLI_0903,2023-10-12,Virement reçu,3608.71,0.0
TRX_004721,CLI_0903,2025-05-17,Retrait DAB,110.49,1.5
TRX_004722,CLI_0903,2024-04-23,Virement reçu,1661.62,0.0
TRX_004723,CLI_0904,2024-12-25,Chèque,898.81,0.3
TRX_004724,CLI_0904,2026-01-15,Dépôt,601.88,0.0
TRX_004725,CLI_0904,2025-12-30,Virement,2246.02,1.0
TRX_004726,CLI_0904,2024-12-09,Paiement carte,183.95,0.37
TRX_004727,CLI_0904,2024-10-29,Retrait DAB,40.31,1.5
TRX_004728,CLI_0905,2025-10-16,Dépôt,791.38,0.0
TRX_004729,CLI_0905,2024-08-20,Prélèvement,877.71,0.0
TRX_004730,CLI_0905,2024-07-08,Virement,3349.42,1.0
TRX_004731,CLI_0905,2024-09-20,Virement reçu,1774.39,0.0
TRX_004732,CLI_0905,2025-01-18,Prélèvement,699.51,0.0
TRX_004733,CLI_0905,2023-05-20,Prélèvement,68.7,0.0
TRX_004734,CLI_0905,2022-12-22,Chèque,762.08,0.3
TRX_004735,CLI_0905,2025-09-19,Virement reçu,2486.38,0.0
TRX_004736,CLI_0905,2022-07-09,Virement,4084.59,1.0
TRX_004737,CLI_0905,2024-06-15,Virement reçu,4777.72,0.0
TRX_004738,CLI_0905,2022-03-07,Prélèvement,929.5,0.0
TRX_004739,CLI_0906,2023-05-07,Paiement carte,148.37,0.3
TRX_004740,CLI_0906,2025-10-24,Retrait DAB,253.89,1.5
TRX_004741,CLI_0906,2022-10-02,Virement reçu,1652.54,0.0
TRX_004742,CLI_0906,2022-12-17,Virement reçu,3652.96,0.0
TRX_004743,CLI_0907,2026-01-17,Virement reçu,1114.23,0.0
TRX_004744,CLI_0907,2025-01-21,Virement reçu,4599.15,0.0
TRX_004745,CLI_0908,2024-07-30,Dépôt,1958.77,0.0
TRX_004746,CLI_0908,2025-12-21,Virement reçu,4413.23,0.0
TRX_004747,CLI_0908,2025-07-29,Virement,1471.69,1.0
TRX_004748,CLI_0908,2026-02-19,Retrait DAB,49.67,1.5
TRX_004749,CLI_0908,2024-10-28,Dépôt,268.87,0.0
TRX_004750,CLI_0909,2025-12-21,Virement,3109.5,1.0
TRX_004751,CLI_0909,2026-02-03,Retrait DAB,245.21,1.5
TRX_004752,CLI_0909,2025-05-06,Virement reçu,4506.33,0.0
TRX_004753,CLI_0909,2025-05-10,Virement reçu,3156.39,0.0
TRX_004754,CLI_0910,2025-12-05,Chèque,102.43,0.3
TRX_004755,CLI_0910,2025-10-25,Chèque,489.34,0.3
TRX_004756,CLI_0911,2025-06-16,Chèque,426.99,0.3
TRX_004757,CLI_0911,2024-11-19,Prélèvement,526.28,0.0
TRX_004758,CLI_0911,2024-12-16,Virement,312.65,0.5
TRX_004759,CLI_0911,2025-01-17,Virement,1807.54,1.0
TRX_004760,CLI_0911,2024-07-18,Virement,977.98,0.5
TRX_004761,CLI_0912,2025-03-01,Virement reçu,2902.06,0.0
TRX_004762,CLI_0912,2025-11-14,Prélèvement,604.7,0.0
TRX_004763,CLI_0912,2024-07-14,Dépôt,459.06,0.0
TRX_004764,CLI_0913,2022-12-17,Prélèvement,958.22,0.0
TRX_004765,CLI_0913,2025-09-06,Retrait DAB,80.13,1.5
TRX_004766,CLI_0913,2023-01-11,Dépôt,1057.5,0.0
TRX_004767,CLI_0914,2025-08-15,Virement,4757.62,1.0
TRX_004768,CLI_0914,2023-03-26,Virement,4904.03,1.0
TRX_004769,CLI_0914,2024-10-18,Dépôt,1113.64,0.0
TRX_004770,CLI_0915,2024-06-06,Chèque,261.5,0.3
TRX_004771,CLI_0915,2024-12-26,Paiement carte,22.46,0.04
TRX_004772,CLI_0915,2024-10-17,Chèque,135.47,0.3
TRX_004773,CLI_0915,2024-12-02,Chèque,628.76,0.3
TRX_004774,CLI_0915,2025-10-20,Chèque,155.48,0.3
TRX_004775,CLI_0915,2024-04-02,Dépôt,1919.16,0.0
TRX_004776,CLI_0915,2025-10-04,Dépôt,326.77,0.0
TRX_004777,CLI_0916,2024-08-21,Prélèvement,713.3,0.0
TRX_004778,CLI_0916,2021-12-04,Paiement carte,315.65,0.63
TRX_004779,CLI_0916,2021-05-18,Dépôt,418.58,0.0
TRX_004780,CLI_0917,2024-08-01,Retrait DAB,199.85,1.5
TRX_004781,CLI_0917,2022-10-24,Chèque,348.48,0.3
TRX_004782,CLI_0917,2023-08-31,Chèque,295.7,0.3
TRX_004783,CLI_0917,2023-03-25,Paiement carte,134.55,0.27
TRX_004784,CLI_0917,2025-10-24,Paiement carte,250.42,0.5
TRX_004785,CLI_0917,2022-10-29,Dépôt,1933.89,0.0
TRX_004786,CLI_0917,2023-08-04,Prélèvement,840.63,0.0
TRX_004787,CLI_0917,2025-09-24,Chèque,356.15,0.3
TRX_004788,CLI_0917,2025-12-10,Virement,1880.53,1.0
TRX_004789,CLI_0917,2025-05-11,Retrait DAB,150.06,1.5
TRX_004790,CLI_0917,2023-09-25,Dépôt,1958.91,0.0
TRX_004791,CLI_0918,2024-10-01,Retrait DAB,296.89,1.5
TRX_004792,CLI_0918,2026-01-05,Paiement carte,475.04,0.95
TRX_004793,CLI_0918,2025-01-03,Paiement carte,48.35,0.1
TRX_004794,CLI_0919,2026-01-12,Virement reçu,1879.35,0.0
TRX_004795,CLI_0919,2026-01-23,Virement,4239.07,1.0
TRX_004796,CLI_0919,2026-01-17,Prélèvement,447.46,0.0
TRX_004797,CLI_0919,2026-01-01,Chèque,496.77,0.3
TRX_004798,CLI_0919,2026-01-03,Virement reçu,3207.79,0.0
TRX_004799,CLI_0920,2025-07-20,Virement,265.57,0.5
TRX_004800,CLI_0920,2025-10-11,Prélèvement,613.5,0.0
TRX_004801,CLI_0920,2024-02-28,Virement reçu,1014.99,0.0
TRX_004802,CLI_0920,2023-08-16,Retrait DAB,116.87,1.5
TRX_004803,CLI_0920,2025-12-30,Virement reçu,1805.05,0.0
TRX_004804,CLI_0920,2022-04-27,Virement,2398.4,1.0
TRX_004805,CLI_0920,2024-07-01,Paiement carte,173.73,0.35
TRX_004806,CLI_0920,2023-04-27,Paiement carte,62.61,0.13
TRX_004807,CLI_0920,2025-03-24,Paiement carte,81.36,0.16
TRX_004808,CLI_0920,2023-05-19,Chèque,130.09,0.3
TRX_004809,CLI_0921,2024-09-09,Paiement carte,415.18,0.83
TRX_004810,CLI_0921,2022-11-25,Dépôt,241.11,0.0
TRX_004811,CLI_0921,2024-01-31,Retrait DAB,217.1,1.5
TRX_004812,CLI_0921,2023-08-04,Virement reçu,1755.93,0.0
TRX_004813,CLI_0921,2025-07-27,Paiement carte,161.89,0.32
TRX_004814,CLI_0921,2023-01-16,Prélèvement,935.92,0.0
TRX_004815,CLI_0921,2024-04-23,Chèque,323.62,0.3
TRX_004816,CLI_0921,2025-10-01,Chèque,678.28,0.3
TRX_004817,CLI_0921,2022-10-19,Chèque,347.61,0.3
TRX_004818,CLI_0921,2024-03-14,Paiement carte,258.5,0.52
TRX_004819,CLI_0921,2023-06-01,Dépôt,1583.27,0.0
TRX_004820,CLI_0922,2021-07-31,Paiement carte,418.06,0.84
TRX_004821,CLI_0922,2025-06-13,Retrait DAB,40.24,1.5
TRX_004822,CLI_0922,2021-08-30,Prélèvement,706.17,0.0
TRX_004823,CLI_0922,2022-06-26,Chèque,580.62,0.3
TRX_004824,CLI_0922,2022-03-26,Virement reçu,1957.89,0.0
TRX_004825,CLI_0922,2020-02-21,Retrait DAB,115.28,1.5
TRX_004826,CLI_0922,2021-03-07,Virement reçu,3142.08,0.0
TRX_004827,CLI_0922,2021-09-10,Paiement carte,446.59,0.89
TRX_004828,CLI_0922,2024-10-29,Virement reçu,2531.26,0.0
TRX_004829,CLI_0922,2021-12-04,Virement,4141.14,1.0
TRX_004830,CLI_0922,2021-02-11,Retrait DAB,132.6,1.5
TRX_004831,CLI_0923,2025-07-26,Prélèvement,108.43,0.0
TRX_004832,CLI_0923,2020-11-03,Virement,351.54,0.5
TRX_004833,CLI_0923,2026-01-13,Virement reçu,1962.74,0.0
TRX_004834,CLI_0923,2024-01-19,Dépôt,707.61,0.0
TRX_004835,CLI_0923,2025-02-12,Prélèvement,732.04,0.0
TRX_004836,CLI_0923,2024-10-13,Prélèvement,755.68,0.0
TRX_004837,CLI_0923,2020-08-20,Virement,349.18,0.5
TRX_004838,CLI_0923,2022-12-15,Paiement carte,118.35,0.24
TRX_004839,CLI_0924,2026-01-31,Retrait DAB,133.51,1.5
TRX_004840,CLI_0924,2024-04-24,Virement reçu,1752.38,0.0
TRX_004841,CLI_0924,2025-06-13,Chèque,112.78,0.3
TRX_004842,CLI_0924,2023-11-06,Chèque,238.08,0.3
TRX_004843,CLI_0924,2025-12-11,Chèque,479.02,0.3
TRX_004844,CLI_0925,2026-02-06,Paiement carte,98.52,0.2
TRX_004845,CLI_0925,2025-07-29,Virement reçu,2092.18,0.0
TRX_004846,CLI_0925,2026-02-08,Paiement carte,184.25,0.37
TRX_004847,CLI_0925,2025-09-15,Virement,3975.92,1.0
TRX_004848,CLI_0926,2025-02-02,Virement,2285.14,1.0
TRX_004849,CLI_0926,2024-12-26,Virement,1200.84,1.0
TRX_004850,CLI_0927,2026-02-18,Virement reçu,2044.75,0.0
TRX_004851,CLI_0927,2026-02-21,Prélèvement,299.78,0.0
TRX_004852,CLI_0927,2025-12-20,Dépôt,782.22,0.0
TRX_004853,CLI_0928,2025-11-09,Dépôt,175.59,0.0
TRX_004854,CLI_0928,2025-08-06,Retrait DAB,35.41,1.5
TRX_004855,CLI_0928,2024-07-07,Chèque,268.62,0.3
TRX_004856,CLI_0928,2025-11-30,Prélèvement,913.99,0.0
TRX_004857,CLI_0928,2025-04-30,Paiement carte,264.8,0.53
TRX_004858,CLI_0928,2026-01-22,Virement reçu,3960.91,0.0
TRX_004859,CLI_0928,2025-06-20,Retrait DAB,83.8,1.5
TRX_004860,CLI_0928,2025-11-08,Prélèvement,515.71,0.0
TRX_004861,CLI_0928,2024-07-12,Retrait DAB,120.32,1.5
TRX_004862,CLI_0928,2024-06-06,Virement reçu,4156.36,0.0
TRX_004863,CLI_0928,2025-10-04,Prélèvement,71.47,0.0
TRX_004864,CLI_0929,2024-11-05,Chèque,284.83,0.3
TRX_004865,CLI_0929,2022-09-07,Paiement carte,371.24,0.74
TRX_004866,CLI_0929,2025-09-09,Chèque,729.74,0.3
TRX_004867,CLI_0929,2025-07-31,Chèque,321.64,0.3
TRX_004868,CLI_0929,2025-07-18,Paiement carte,452.67,0.91
TRX_004869,CLI_0930,2023-02-17,Dépôt,1708.02,0.0
TRX_004870,CLI_0930,2026-01-19,Dépôt,1427.42,0.0
TRX_004871,CLI_0931,2026-01-28,Virement,909.35,0.5
TRX_004872,CLI_0931,2025-06-15,Virement reçu,4615.02,0.0
TRX_004873,CLI_0931,2025-04-30,Prélèvement,451.92,0.0
TRX_004874,CLI_0931,2026-01-01,Virement reçu,1465.9,0.0
TRX_004875,CLI_0931,2025-06-01,Virement,2407.51,1.0
TRX_004876,CLI_0931,2025-12-10,Paiement carte,459.75,0.92
TRX_004877,CLI_0931,2025-08-08,Virement,1996.63,1.0
TRX_004878,CLI_0932,2023-12-28,Prélèvement,812.82,0.0
TRX_004879,CLI_0932,2025-06-28,Prélèvement,455.78,0.0
TRX_004880,CLI_0932,2025-09-16,Prélèvement,271.86,0.0
TRX_004881,CLI_0932,2024-02-15,Dépôt,1989.33,0.0
TRX_004882,CLI_0933,2023-03-06,Chèque,242.42,0.3
TRX_004883,CLI_0933,2025-12-17,Virement,3507.24,1.0
TRX_004884,CLI_0933,2022-03-19,Virement,618.05,0.5
TRX_004885,CLI_0933,2024-07-29,Retrait DAB,206.15,1.5
TRX_004886,CLI_0933,2023-10-11,Dépôt,608.05,0.0
TRX_004887,CLI_0933,2022-09-13,Paiement carte,107.47,0.21
TRX_004888,CLI_0933,2025-06-05,Virement,4688.13,1.0
TRX_004889,CLI_0933,2023-02-17,Retrait DAB,25.19,1.5
TRX_004890,CLI_0933,2021-12-30,Dépôt,903.67,0.0
TRX_004891,CLI_0934,2024-09-25,Virement reçu,3979.31,0.0
TRX_004892,CLI_0934,2026-01-31,Paiement carte,104.65,0.21
TRX_004893,CLI_0934,2023-11-16,Dépôt,1352.45,0.0
TRX_004894,CLI_0935,2024-11-11,Virement reçu,747.59,0.0
TRX_004895,CLI_0935,2023-11-13,Dépôt,783.96,0.0
TRX_004896,CLI_0935,2024-02-02,Dépôt,1360.91,0.0
TRX_004897,CLI_0936,2024-04-13,Dépôt,1674.32,0.0
TRX_004898,CLI_0936,2022-06-10,Virement reçu,4937.12,0.0
TRX_004899,CLI_0936,2021-10-26,Virement reçu,1658.0,0.0
TRX_004900,CLI_0936,2025-11-10,Virement,2706.58,1.0
TRX_004901,CLI_0936,2022-08-05,Virement,2605.36,1.0
TRX_004902,CLI_0936,2022-04-27,Prélèvement,956.68,0.0
TRX_004903,CLI_0936,2022-12-11,Chèque,530.73,0.3
TRX_004904,CLI_0936,2025-12-07,Prélèvement,714.15,0.0
TRX_004905,CLI_0936,2022-01-06,Dépôt,1847.49,0.0
TRX_004906,CLI_0937,2022-10-12,Dépôt,1809.14,0.0
TRX_004907,CLI_0937,2024-05-20,Retrait DAB,276.89,1.5
TRX_004908,CLI_0938,2025-01-22,Virement reçu,4104.57,0.0
TRX_004909,CLI_0938,2025-11-19,Virement,2845.18,1.0
TRX_004910,CLI_0938,2025-06-01,Retrait DAB,91.4,1.5
TRX_004911,CLI_0939,2024-06-15,Virement reçu,1859.89,0.0
TRX_004912,CLI_0939,2022-01-02,Paiement carte,304.12,0.61
TRX_004913,CLI_0939,2025-04-16,Virement,678.47,0.5
TRX_004914,CLI_0940,2024-02-14,Virement reçu,332.84,0.0
TRX_004915,CLI_0940,2025-01-30,Virement reçu,1174.55,0.0
TRX_004916,CLI_0940,2023-07-02,Dépôt,1427.15,0.0
TRX_004917,CLI_0940,2023-11-03,Virement,3934.99,1.0
TRX_004918,CLI_0940,2024-03-16,Virement reçu,2331.06,0.0
TRX_004919,CLI_0940,2023-10-11,Virement reçu,3520.56,0.0
TRX_004920,CLI_0940,2024-10-13,Dépôt,806.51,0.0
TRX_004921,CLI_0940,2025-07-25,Dépôt,361.83,0.0
TRX_004922,CLI_0940,2023-08-13,Paiement carte,205.09,0.41
TRX_004923,CLI_0940,2023-07-23,Retrait DAB,182.39,1.5
TRX_004924,CLI_0940,2025-02-16,Paiement carte,474.55,0.95
TRX_004925,CLI_0941,2022-06-16,Dépôt,979.15,0.0
TRX_004926,CLI_0941,2023-09-12,Virement,1695.97,1.0
TRX_004927,CLI_0941,2023-10-29,Virement,3636.08,1.0
TRX_004928,CLI_0941,2025-04-16,Virement,465.84,0.5
TRX_004929,CLI_0941,2026-02-22,Dépôt,1833.16,0.0
TRX_004930,CLI_0941,2024-08-04,Virement,201.15,0.5
TRX_004931,CLI_0941,2024-02-27,Virement reçu,4815.52,0.0
TRX_004932,CLI_0941,2022-10-23,Retrait DAB,149.46,1.5
TRX_004933,CLI_0942,2025-11-07,Retrait DAB,22.82,1.5
TRX_004934,CLI_0942,2025-02-11,Retrait DAB,96.94,1.5
TRX_004935,CLI_0942,2021-07-28,Chèque,198.46,0.3
TRX_004936,CLI_0942,2025-03-24,Prélèvement,676.83,0.0
TRX_004937,CLI_0943,2022-08-31,Virement,3859.18,1.0
TRX_004938,CLI_0943,2021-09-05,Paiement carte,111.39,0.22
TRX_004939,CLI_0944,2022-11-13,Paiement carte,123.16,0.25
TRX_004940,CLI_0944,2021-07-21,Chèque,769.15,0.3
TRX_004941,CLI_0944,2021-10-04,Prélèvement,555.39,0.0
TRX_004942,CLI_0944,2023-10-24,Dépôt,1627.62,0.0
TRX_004943,CLI_0945,2026-02-26,Chèque,279.72,0.3
TRX_004944,CLI_0946,2026-01-13,Virement,3606.61,1.0
TRX_004945,CLI_0946,2024-06-16,Virement reçu,4020.27,0.0
TRX_004946,CLI_0946,2023-09-16,Dépôt,724.91,0.0
TRX_004947,CLI_0946,2023-08-02,Dépôt,386.59,0.0
TRX_004948,CLI_0946,2021-08-27,Virement,112.9,0.5
TRX_004949,CLI_0947,2023-09-13,Retrait DAB,262.22,1.5
TRX_004950,CLI_0947,2024-12-04,Prélèvement,524.98,0.0
TRX_004951,CLI_0948,2024-05-13,Chèque,296.11,0.3
TRX_004952,CLI_0948,2025-01-04,Paiement carte,327.36,0.65
TRX_004953,CLI_0948,2021-12-04,Retrait DAB,138.09,1.5
TRX_004954,CLI_0949,2024-07-14,Virement reçu,2455.5,0.0
TRX_004955,CLI_0949,2025-12-12,Virement reçu,2544.37,0.0
TRX_004956,CLI_0950,2025-02-19,Virement reçu,3696.09,0.0
TRX_004957,CLI_0950,2025-02-04,Prélèvement,119.9,0.0
TRX_004958,CLI_0950,2025-06-13,Dépôt,1276.77,0.0
TRX_004959,CLI_0950,2025-12-13,Retrait DAB,242.04,1.5
TRX_004960,CLI_0950,2024-12-29,Virement reçu,749.95,0.0
TRX_004961,CLI_0951,2024-09-13,Virement reçu,3599.03,0.0
TRX_004962,CLI_0951,2024-01-09,Virement reçu,3706.08,0.0
TRX_004963,CLI_0952,2025-11-05,Paiement carte,483.43,0.97
TRX_004964,CLI_0952,2024-12-31,Prélèvement,829.98,0.0
TRX_004965,CLI_0952,2024-11-22,Retrait DAB,77.26,1.5
TRX_004966,CLI_0952,2025-01-22,Dépôt,413.02,0.0
TRX_004967,CLI_0952,2024-01-16,Retrait DAB,55.19,1.5
TRX_004968,CLI_0952,2024-10-31,Dépôt,319.84,0.0
TRX_004969,CLI_0953,2025-11-29,Virement reçu,4225.92,0.0
TRX_004970,CLI_0953,2025-07-29,Chèque,382.22,0.3
TRX_004971,CLI_0953,2021-11-30,Retrait DAB,254.84,1.5
TRX_004972,CLI_0953,2024-03-12,Chèque,485.71,0.3
TRX_004973,CLI_0954,2022-01-21,Retrait DAB,162.82,1.5
TRX_004974,CLI_0954,2023-11-06,Chèque,659.77,0.3
TRX_004975,CLI_0954,2023-04-28,Chèque,455.82,0.3
TRX_004976,CLI_0954,2022-01-27,Virement reçu,3864.21,0.0
TRX_004977,CLI_0954,2022-01-05,Virement,2183.43,1.0
TRX_004978,CLI_0954,2025-08-29,Prélèvement,484.59,0.0
TRX_004979,CLI_0954,2022-02-03,Prélèvement,541.79,0.0
TRX_004980,CLI_0954,2024-10-17,Virement,4175.94,1.0
TRX_004981,CLI_0955,2025-09-15,Virement reçu,1810.89,0.0
TRX_004982,CLI_0955,2025-11-06,Dépôt,1357.12,0.0
TRX_004983,CLI_0956,2026-01-02,Chèque,939.5,0.3
TRX_004984,CLI_0956,2023-04-20,Paiement carte,179.14,0.36
TRX_004985,CLI_0956,2026-02-03,Virement reçu,621.76,0.0
TRX_004986,CLI_0956,2024-01-03,Paiement carte,251.01,0.5
TRX_004987,CLI_0956,2026-01-12,Dépôt,1548.51,0.0
TRX_004988,CLI_0956,2023-12-10,Paiement carte,118.61,0.24
TRX_004989,CLI_0956,2023-04-27,Dépôt,575.51,0.0
TRX_004990,CLI_0956,2024-04-22,Chèque,318.44,0.3
TRX_004991,CLI_0956,2023-04-13,Virement reçu,4959.2,0.0
TRX_004992,CLI_0956,2025-08-16,Virement reçu,1067.28,0.0
TRX_004993,CLI_0957,2025-08-15,Virement reçu,4702.38,0.0
TRX_004994,CLI_0957,2024-07-23,Prélèvement,51.84,0.0
TRX_004995,CLI_0957,2025-08-02,Virement reçu,3656.28,0.0
TRX_004996,CLI_0957,2026-01-15,Virement,3319.62,1.0
TRX_004997,CLI_0957,2026-01-11,Paiement carte,368.83,0.74
TRX_004998,CLI_0957,2023-07-28,Virement reçu,1841.49,0.0
TRX_004999,CLI_0957,2025-07-24,Prélèvement,829.47,0.0
TRX_005000,CLI_0957,2023-08-10,Virement,319.06,0.5
TRX_005001,CLI_0957,2024-09-06,Chèque,779.89,0.3
TRX_005002,CLI_0957,2023-05-17,Dépôt,570.79,0.0
TRX_005003,CLI_0958,2024-07-25,Virement,4130.92,1.0
TRX_005004,CLI_0958,2024-10-04,Paiement carte,142.97,0.29
TRX_005005,CLI_0959,2024-08-28,Prélèvement,450.31,0.0
TRX_005006,CLI_0959,2024-08-22,Virement,3989.8,1.0
TRX_005007,CLI_0959,2024-07-17,Virement reçu,2377.76,0.0
TRX_005008,CLI_0959,2024-04-17,Chèque,583.77,0.3
TRX_005009,CLI_0959,2025-02-08,Chèque,995.64,0.3
TRX_005010,CLI_0960,2023-04-26,Retrait DAB,134.88,1.5
TRX_005011,CLI_0960,2024-05-01,Paiement carte,62.21,0.12
TRX_005012,CLI_0960,2024-04-20,Retrait DAB,273.68,1.5
TRX_005013,CLI_0960,2023-11-07,Virement,302.13,0.5
TRX_005014,CLI_0960,2025-11-04,Paiement carte,221.51,0.44
TRX_005015,CLI_0961,2023-12-29,Retrait DAB,171.86,1.5
TRX_005016,CLI_0961,2025-12-27,Virement reçu,3865.16,0.0
TRX_005017,CLI_0961,2024-10-29,Chèque,180.29,0.3
TRX_005018,CLI_0961,2025-11-20,Virement,1134.67,1.0
TRX_005019,CLI_0961,2026-01-02,Paiement carte,256.04,0.51
TRX_005020,CLI_0961,2025-11-19,Dépôt,89.02,0.0
TRX_005021,CLI_0961,2025-10-05,Paiement carte,133.9,0.27
TRX_005022,CLI_0961,2023-07-18,Retrait DAB,164.87,1.5
TRX_005023,CLI_0961,2023-05-27,Dépôt,79.17,0.0
TRX_005024,CLI_0961,2024-09-03,Retrait DAB,94.07,1.5
TRX_005025,CLI_0962,2023-04-12,Retrait DAB,180.48,1.5
TRX_005026,CLI_0962,2022-03-16,Virement,4636.18,1.0
TRX_005027,CLI_0962,2023-07-26,Virement reçu,3262.19,0.0
TRX_005028,CLI_0962,2022-08-25,Paiement carte,213.22,0.43
TRX_005029,CLI_0963,2025-12-20,Virement,1260.94,1.0
TRX_005030,CLI_0963,2025-11-17,Paiement carte,390.32,0.78
TRX_005031,CLI_0963,2026-01-06,Prélèvement,972.91,0.0
TRX_005032,CLI_0963,2025-11-15,Dépôt,959.47,0.0
TRX_005033,CLI_0964,2025-05-12,Prélèvement,581.89,0.0
TRX_005034,CLI_0965,2025-10-14,Virement,1593.58,1.0
TRX_005035,CLI_0965,2026-01-01,Virement,1356.79,1.0
TRX_005036,CLI_0965,2025-01-26,Chèque,634.38,0.3
TRX_005037,CLI_0965,2025-05-03,Prélèvement,64.95,0.0
TRX_005038,CLI_0965,2025-12-14,Paiement carte,137.18,0.27
TRX_005039,CLI_0965,2025-09-07,Retrait DAB,205.19,1.5
TRX_005040,CLI_0965,2025-08-28,Paiement carte,25.71,0.05
TRX_005041,CLI_0965,2025-02-22,Dépôt,212.24,0.0
TRX_005042,CLI_0965,2025-05-22,Virement,1537.64,1.0
TRX_005043,CLI_0965,2025-11-12,Virement reçu,4401.24,0.0
TRX_005044,CLI_0965,2025-11-12,Prélèvement,776.64,0.0
TRX_005045,CLI_0966,2023-10-05,Retrait DAB,148.91,1.5
TRX_005046,CLI_0966,2025-06-18,Paiement carte,188.56,0.38
TRX_005047,CLI_0966,2023-05-20,Retrait DAB,118.84,1.5
TRX_005048,CLI_0966,2025-11-04,Chèque,672.74,0.3
TRX_005049,CLI_0966,2025-05-10,Prélèvement,763.71,0.0
TRX_005050,CLI_0966,2023-09-05,Prélèvement,694.59,0.0
TRX_005051,CLI_0966,2024-03-01,Virement,1072.21,1.0
TRX_005052,CLI_0966,2023-09-28,Paiement carte,252.05,0.5
TRX_005053,CLI_0966,2024-07-19,Virement reçu,3979.04,0.0
TRX_005054,CLI_0966,2024-04-18,Virement,2430.95,1.0
TRX_005055,CLI_0967,2023-12-26,Virement reçu,3878.57,0.0
TRX_005056,CLI_0967,2024-03-14,Paiement carte,334.02,0.67
TRX_005057,CLI_0967,2024-07-29,Virement,2105.79,1.0
TRX_005058,CLI_0967,2025-06-12,Paiement carte,448.75,0.9
TRX_005059,CLI_0967,2025-11-11,Chèque,246.31,0.3
TRX_005060,CLI_0967,2023-10-19,Retrait DAB,298.74,1.5
TRX_005061,CLI_0967,2025-04-29,Dépôt,281.76,0.0
TRX_005062,CLI_0967,2025-04-07,Prélèvement,64.2,0.0
TRX_005063,CLI_0967,2023-09-13,Virement,4461.09,1.0
TRX_005064,CLI_0967,2023-03-16,Prélèvement,282.71,0.0
TRX_005065,CLI_0968,2021-07-21,Retrait DAB,240.43,1.5
TRX_005066,CLI_0968,2023-06-27,Virement,2102.83,1.0
TRX_005067,CLI_0968,2024-12-25,Virement reçu,4134.4,0.0
TRX_005068,CLI_0969,2023-04-16,Virement,3970.88,1.0
TRX_005069,CLI_0969,2025-10-07,Chèque,833.69,0.3
TRX_005070,CLI_0969,2023-11-18,Paiement carte,51.52,0.1
TRX_005071,CLI_0969,2025-04-23,Virement reçu,3152.57,0.0
TRX_005072,CLI_0970,2024-10-19,Paiement carte,256.85,0.51
TRX_005073,CLI_0970,2025-06-17,Retrait DAB,200.87,1.5
TRX_005074,CLI_0970,2025-03-08,Paiement carte,486.72,0.97
TRX_005075,CLI_0970,2024-11-26,Chèque,150.16,0.3
TRX_005076,CLI_0970,2025-05-22,Prélèvement,595.26,0.0
TRX_005077,CLI_0970,2025-08-27,Prélèvement,869.88,0.0
TRX_005078,CLI_0970,2025-10-23,Dépôt,988.7,0.0
TRX_005079,CLI_0970,2025-01-18,Prélèvement,124.6,0.0
TRX_005080,CLI_0970,2025-03-07,Chèque,604.49,0.3
TRX_005081,CLI_0970,2024-12-12,Chèque,398.87,0.3
TRX_005082,CLI_0971,2025-09-28,Virement reçu,2061.58,0.0
TRX_005083,CLI_0971,2025-09-24,Virement reçu,1895.82,0.0
TRX_005084,CLI_0971,2026-02-18,Paiement carte,284.19,0.57
TRX_005085,CLI_0971,2025-09-11,Paiement carte,336.1,0.67
TRX_005086,CLI_0971,2026-01-19,Chèque,980.49,0.3
TRX_005087,CLI_0971,2026-02-15,Virement,3669.09,1.0
TRX_005088,CLI_0971,2026-01-18,Virement reçu,3254.37,0.0
TRX_005089,CLI_0972,2026-02-27,Dépôt,435.1,0.0
TRX_005090,CLI_0972,2022-07-23,Prélèvement,915.26,0.0
TRX_005091,CLI_0972,2022-03-12,Prélèvement,215.85,0.0
TRX_005092,CLI_0972,2021-11-16,Prélèvement,321.76,0.0
TRX_005093,CLI_0972,2025-01-09,Virement,2632.5,1.0
TRX_005094,CLI_0972,2023-08-06,Prélèvement,300.2,0.0
TRX_005095,CLI_0973,2024-04-08,Paiement carte,138.2,0.28
TRX_005096,CLI_0973,2023-11-29,Dépôt,1017.79,0.0
TRX_005097,CLI_0974,2024-10-31,Virement,3914.96,1.0
TRX_005098,CLI_0974,2024-06-01,Paiement carte,369.86,0.74
TRX_005099,CLI_0974,2025-06-01,Dépôt,1170.42,0.0
TRX_005100,CLI_0974,2025-02-17,Virement reçu,4129.15,0.0
TRX_005101,CLI_0974,2026-01-18,Prélèvement,584.54,0.0
TRX_005102,CLI_0974,2024-11-23,Retrait DAB,290.03,1.5
TRX_005103,CLI_0974,2025-06-20,Paiement carte,116.44,0.23
TRX_005104,CLI_0974,2024-06-11,Dépôt,1442.56,0.0
TRX_005105,CLI_0974,2025-06-21,Virement reçu,1912.73,0.0
TRX_005106,CLI_0974,2024-06-01,Retrait DAB,98.11,1.5
TRX_005107,CLI_0974,2024-07-31,Retrait DAB,70.51,1.5
TRX_005108,CLI_0975,2026-01-03,Retrait DAB,76.1,1.5
TRX_005109,CLI_0975,2026-01-01,Virement reçu,4953.61,0.0
TRX_005110,CLI_0975,2026-01-10,Prélèvement,811.66,0.0
TRX_005111,CLI_0975,2025-12-28,Virement,3766.56,1.0
TRX_005112,CLI_0975,2025-12-11,Virement,3990.9,1.0
TRX_005113,CLI_0976,2023-07-29,Virement,2909.06,1.0
TRX_005114,CLI_0976,2025-06-04,Virement reçu,1179.19,0.0
TRX_005115,CLI_0976,2024-06-22,Prélèvement,869.1,0.0
TRX_005116,CLI_0976,2024-05-16,Paiement carte,373.94,0.75
TRX_005117,CLI_0976,2024-05-10,Dépôt,857.9,0.0
TRX_005118,CLI_0976,2023-11-09,Paiement carte,242.05,0.48
TRX_005119,CLI_0976,2024-02-03,Retrait DAB,135.15,1.5
TRX_005120,CLI_0976,2024-12-13,Retrait DAB,280.38,1.5
TRX_005121,CLI_0976,2024-07-05,Retrait DAB,116.19,1.5
TRX_005122,CLI_0976,2023-11-20,Virement,4821.07,1.0
TRX_005123,CLI_0976,2025-06-13,Virement,4560.33,1.0
TRX_005124,CLI_0977,2025-01-12,Retrait DAB,67.18,1.5
TRX_005125,CLI_0977,2025-09-05,Virement reçu,249.08,0.0
TRX_005126,CLI_0977,2025-09-06,Virement reçu,1707.92,0.0
TRX_005127,CLI_0977,2026-02-24,Dépôt,1820.97,0.0
TRX_005128,CLI_0978,2025-08-14,Prélèvement,497.96,0.0
TRX_005129,CLI_0978,2025-05-08,Prélèvement,192.35,0.0
TRX_005130,CLI_0978,2025-08-27,Virement,1393.41,1.0
TRX_005131,CLI_0979,2022-04-08,Prélèvement,251.43,0.0
TRX_005132,CLI_0979,2025-03-15,Virement reçu,244.76,0.0
TRX_005133,CLI_0979,2025-01-17,Virement,2226.28,1.0
TRX_005134,CLI_0979,2021-11-26,Dépôt,591.77,0.0
TRX_005135,CLI_0980,2026-01-28,Virement reçu,200.34,0.0
TRX_005136,CLI_0980,2025-08-27,Prélèvement,545.78,0.0
TRX_005137,CLI_0980,2023-11-26,Virement reçu,3221.02,0.0
TRX_005138,CLI_0980,2024-08-11,Virement,1248.09,1.0
TRX_005139,CLI_0980,2023-07-28,Dépôt,1178.93,0.0
TRX_005140,CLI_0980,2025-02-04,Retrait DAB,201.21,1.5
TRX_005141,CLI_0981,2025-01-23,Virement reçu,4192.62,0.0
TRX_005142,CLI_0981,2025-07-19,Chèque,904.11,0.3
TRX_005143,CLI_0982,2023-03-12,Dépôt,250.93,0.0
TRX_005144,CLI_0982,2026-02-07,Prélèvement,266.08,0.0
TRX_005145,CLI_0983,2025-05-15,Prélèvement,338.33,0.0
TRX_005146,CLI_0983,2025-07-30,Paiement carte,63.22,0.13
TRX_005147,CLI_0983,2026-01-29,Virement reçu,2416.69,0.0
TRX_005148,CLI_0983,2025-08-30,Chèque,709.41,0.3
TRX_005149,CLI_0984,2025-11-04,Retrait DAB,209.59,1.5
TRX_005150,CLI_0984,2024-10-02,Paiement carte,107.47,0.21
TRX_005151,CLI_0984,2023-05-12,Paiement carte,49.07,0.1
TRX_005152,CLI_0984,2023-01-30,Paiement carte,420.14,0.84
TRX_005153,CLI_0984,2025-01-19,Dépôt,203.86,0.0
TRX_005154,CLI_0985,2025-05-08,Chèque,328.15,0.3
TRX_005155,CLI_0985,2022-08-25,Prélèvement,364.34,0.0
TRX_005156,CLI_0985,2025-11-20,Retrait DAB,95.54,1.5
TRX_005157,CLI_0985,2023-04-02,Retrait DAB,163.2,1.5
TRX_005158,CLI_0985,2022-10-13,Dépôt,908.29,0.0
TRX_005159,CLI_0986,2023-07-17,Chèque,577.24,0.3
TRX_005160,CLI_0986,2026-02-04,Virement reçu,1832.6,0.0
TRX_005161,CLI_0986,2023-11-26,Virement reçu,4006.06,0.0
TRX_005162,CLI_0986,2025-08-27,Paiement carte,227.0,0.45
TRX_005163,CLI_0986,2024-10-03,Virement reçu,1660.5,0.0
TRX_005164,CLI_0986,2024-11-11,Chèque,750.91,0.3
TRX_005165,CLI_0986,2024-10-22,Virement,4027.87,1.0
TRX_005166,CLI_0986,2023-11-01,Paiement carte,397.94,0.8
TRX_005167,CLI_0986,2025-06-22,Dépôt,1956.47,0.0
TRX_005168,CLI_0986,2024-06-12,Dépôt,1584.0,0.0
TRX_005169,CLI_0986,2025-07-22,Paiement carte,387.27,0.77
TRX_005170,CLI_0987,2023-11-12,Dépôt,1122.46,0.0
TRX_005171,CLI_0987,2023-02-21,Prélèvement,517.2,0.0
TRX_005172,CLI_0987,2022-08-25,Virement,2870.74,1.0
TRX_005173,CLI_0987,2022-07-07,Dépôt,1445.24,0.0
TRX_005174,CLI_0987,2022-11-03,Dépôt,263.77,0.0
TRX_005175,CLI_0987,2025-07-10,Virement,3773.17,1.0
TRX_005176,CLI_0987,2026-01-19,Dépôt,314.98,0.0
TRX_005177,CLI_0987,2024-03-03,Dépôt,179.92,0.0
TRX_005178,CLI_0987,2025-08-02,Virement reçu,4882.79,0.0
TRX_005179,CLI_0987,2024-07-24,Retrait DAB,287.96,1.5
TRX_005180,CLI_0987,2023-04-27,Chèque,154.39,0.3
TRX_005181,CLI_0988,2025-07-01,Retrait DAB,256.03,1.5
TRX_005182,CLI_0988,2025-07-26,Dépôt,966.69,0.0
TRX_005183,CLI_0988,2025-05-10,Prélèvement,420.29,0.0
TRX_005184,CLI_0988,2025-07-03,Virement,2024.27,1.0
TRX_005185,CLI_0988,2025-12-09,Prélèvement,635.24,0.0
TRX_005186,CLI_0989,2022-04-13,Virement,1834.14,1.0
TRX_005187,CLI_0989,2024-03-25,Prélèvement,623.16,0.0
TRX_005188,CLI_0989,2025-12-05,Retrait DAB,107.36,1.5
TRX_005189,CLI_0990,2024-12-31,Retrait DAB,286.89,1.5
TRX_005190,CLI_0990,2024-10-08,Virement reçu,3080.25,0.0
TRX_005191,CLI_0990,2025-04-28,Chèque,298.0,0.3
TRX_005192,CLI_0990,2025-03-20,Dépôt,984.47,0.0
TRX_005193,CLI_0990,2024-12-13,Virement,3409.48,1.0
TRX_005194,CLI_0990,2025-08-07,Virement reçu,1685.78,0.0
TRX_005195,CLI_0990,2025-08-29,Retrait DAB,42.3,1.5
TRX_005196,CLI_0990,2024-11-10,Virement reçu,2958.83,0.0
TRX_005197,CLI_0991,2025-05-30,Virement reçu,2408.44,0.0
TRX_005198,CLI_0992,2025-12-27,Paiement carte,71.06,0.14
TRX_005199,CLI_0992,2026-02-26,Retrait DAB,260.14,1.5
TRX_005200,CLI_0992,2026-01-20,Virement,4497.79,1.0
TRX_005201,CLI_0992,2026-02-28,Chèque,952.04,0.3
TRX_005202,CLI_0992,2025-12-11,Chèque,457.74,0.3
TRX_005203,CLI_0992,2026-01-24,Prélèvement,256.28,0.0
TRX_005204,CLI_0992,2026-01-14,Prélèvement,404.96,0.0
TRX_005205,CLI_0993,2022-12-09,Virement,981.49,0.5
TRX_005206,CLI_0993,2024-07-07,Virement reçu,4580.78,0.0
TRX_005207,CLI_0993,2025-11-12,Chèque,776.03,0.3
TRX_005208,CLI_0993,2024-10-09,Virement,4673.54,1.0
TRX_005209,CLI_0993,2025-07-21,Virement reçu,1653.66,0.0
TRX_005210,CLI_0994,2025-06-04,Virement reçu,1905.74,0.0
TRX_005211,CLI_0995,2024-03-01,Chèque,783.54,0.3
TRX_005212,CLI_0995,2026-02-09,Dépôt,1777.84,0.0
TRX_005213,CLI_0995,2023-11-17,Chèque,756.13,0.3
TRX_005214,CLI_0995,2025-03-14,Prélèvement,931.42,0.0
TRX_005215,CLI_0996,2024-09-04,Retrait DAB,160.9,1.5
TRX_005216,CLI_0996,2024-01-01,Dépôt,77.46,0.0
TRX_005217,CLI_0996,2025-01-27,Prélèvement,56.61,0.0
TRX_005218,CLI_0997,2024-10-11,Prélèvement,145.77,0.0
TRX_005219,CLI_0997,2024-09-16,Retrait DAB,92.86,1.5
TRX_005220,CLI_0997,2023-02-09,Paiement carte,96.75,0.19
TRX_005221,CLI_0997,2022-10-20,Paiement carte,23.97,0.05
TRX_005222,CLI_0997,2023-04-18,Paiement carte,455.56,0.91
TRX_005223,CLI_0998,2024-03-21,Chèque,110.86,0.3
TRX_005224,CLI_0998,2026-02-13,Prélèvement,82.58,0.0
TRX_005225,CLI_0998,2024-03-25,Dépôt,1419.56,0.0
TRX_005226,CLI_0998,2025-01-28,Virement reçu,1467.52,0.0
TRX_005227,CLI_0998,2024-03-16,Virement reçu,2938.96,0.0
TRX_005228,CLI_0998,2024-06-28,Virement,1091.16,1.0
TRX_005229,CLI_0998,2024-07-27,Prélèvement,306.74,0.0
TRX_005230,CLI_0998,2024-03-13,Chèque,554.18,0.3
TRX_005231,CLI_0998,2024-10-21,Virement reçu,4880.29,0.0
TRX_005232,CLI_0999,2024-04-16,Prélèvement,900.35,0.0
TRX_005233,CLI_0999,2021-04-10,Prélèvement,676.28,0.0
TRX_005234,CLI_0999,2021-04-15,Paiement carte,178.95,0.36
TRX_005235,CLI_1000,2025-05-21,Paiement carte,162.48,0.32
TRX_005236,CLI_1000,2025-12-12,Paiement carte,387.3,0.77
TRX_005237,CLI_1000,2025-03-08,Virement reçu,4347.14,0.0
